batch_id,farm_id,split,batch_label,days_drying,rewetted,storage_surface,musty_smell,dryness_check,days_stored,storage_start,feature_days_drying,feature_rewetted,feature_floor,feature_musty,feature_dryness_check,feature_days_stored,feature_rh14_mean,feature_rh14_max,feature_t14_mean,latent_mc_dry,latent_emc,latent_mc_now,label
F001-001,F001,test,Batch 1,0,no,raised,no,damp,21,2025-11-25,0,0,0,0,2,21,82.75928571428572,88.91,25.957857142857144,16.289121,14.551857,16.010216,red
F001-002,F001,test,Batch 2,8,yes,raised,no,damp,98,2024-10-18,8,1,0,0,2,98,60.544285714285714,80.0,26.613571428571426,14.556778,10.108857,12.074403,amber
F001-003,F001,test,Batch 3,13,no,raised,yes,unsure,126,2024-12-04,13,0,0,1,1,126,74.51214285714285,79.69,28.40285714285714,10.603589,12.902429,12.097978,amber
F001-004,F001,test,Batch 4,9,no,raised,no,damp,157,2024-09-23,9,0,0,0,2,157,70.21714285714285,78.51,28.01071428571428,11.432874,12.043429,11.878414,green
F001-005,F001,test,Batch 5,16,yes,raised,yes,unsure,121,2025-02-01,16,1,0,1,1,121,83.63785714285714,89.67,26.459285714285716,13.439749,14.727571,14.25774,red
F001-006,F001,test,Batch 6,8,no,floor,no,damp,155,2024-09-22,8,0,1,0,2,155,72.81714285714285,78.51,28.025000000000002,12.580455,13.563429,13.293295,red
F001-007,F001,test,Batch 7,10,no,raised,yes,unsure,66,2025-10-06,10,0,0,1,1,66,82.97428571428573,88.91,26.115000000000002,10.495169,14.594857,12.229543,amber
F001-008,F001,test,Batch 8,5,no,floor,yes,damp,43,2025-02-21,5,0,1,1,2,43,74.88714285714285,81.64,28.173571428571424,13.841159,13.977429,13.882198,red
F001-009,F001,test,Batch 9,8,no,raised,no,damp,12,2025-01-17,8,0,0,0,2,12,66.50928571428572,80.0,27.219285714285714,12.127643,11.301857,12.049059,amber
F001-010,F001,test,Batch 10,11,no,raised,yes,damp,157,2024-12-31,11,0,0,1,2,157,83.2942857142857,89.67,26.285,10.518921,14.658857,13.539956,red
F001-011,F001,test,Batch 1,9,no,floor,no,damp,115,2024-11-21,9,0,1,0,2,115,74.99642857142858,78.24,28.19857142857143,12.270692,13.999286,13.336316,red
F001-012,F001,test,Batch 2,11,no,raised,no,damp,49,2025-06-08,11,0,0,0,2,49,81.5807142857143,85.66,24.857857142857142,11.563167,14.316143,12.486082,amber
F001-013,F001,test,Batch 3,10,no,raised,yes,dry,53,2025-01-21,10,0,0,1,0,53,74.35285714285715,78.24,28.287857142857142,11.117012,12.870571,11.743096,green
F001-014,F001,test,Batch 4,0,no,floor,yes,damp,41,2025-11-15,0,0,1,1,2,41,77.45285714285713,84.53,26.44928571428571,15.621765,14.490571,15.294381,red
F001-015,F001,test,Batch 5,7,no,raised,yes,dry,109,2025-01-05,7,0,0,1,0,109,75.46785714285714,82.23,28.179285714285708,13.317714,13.093571,13.183945,red
F001-016,F001,test,Batch 6,3,no,raised,yes,damp,98,2024-11-05,3,0,0,1,2,98,70.35142857142857,78.23,27.863571428571426,14.518107,12.070286,13.151983,red
F001-017,F001,test,Batch 7,12,no,raised,no,damp,10,2025-08-06,12,0,0,0,2,10,82.93428571428572,87.52,24.935000000000002,12.064112,14.586857,12.265819,amber
F001-018,F001,test,Batch 8,13,yes,floor,yes,damp,67,2024-12-04,13,1,1,1,2,67,69.97785714285715,78.23,27.793571428571422,14.409472,12.995571,13.804551,red
F001-019,F001,test,Batch 9,6,yes,raised,no,damp,170,2025-07-09,6,1,0,0,2,170,77.45285714285713,84.53,26.44928571428571,15.069459,13.490571,13.873485,red
F001-020,F001,test,Batch 10,1,no,floor,yes,damp,24,2024-12-16,1,0,1,1,2,24,72.47714285714285,81.58,27.456428571428567,16.625545,13.495429,16.058151,red
F001-021,F001,test,Batch 1,6,no,floor,no,damp,8,2025-02-14,6,0,1,0,2,8,73.21571428571428,78.05,28.141428571428573,12.913953,13.643143,12.96098,amber
F001-022,F001,test,Batch 2,5,no,floor,no,damp,123,2024-10-15,5,0,1,0,2,123,70.02642857142857,77.15,28.074285714285715,13.365941,13.005286,13.134688,red
F001-023,F001,test,Batch 3,10,yes,raised,no,dry,132,2024-09-25,10,1,0,0,0,132,71.35857142857142,80.0,27.529999999999998,13.673163,12.271714,12.738216,amber
F001-024,F001,test,Batch 4,3,no,floor,yes,dry,108,2024-10-14,3,0,1,1,0,108,66.90071428571429,80.0,27.23142857142857,14.715391,12.380143,13.329584,red
F001-025,F001,test,Batch 5,12,no,floor,no,damp,129,2025-02-10,12,0,1,0,2,129,86.32285714285715,90.66,25.67285714285714,10.231163,16.264571,14.205383,red
F001-026,F001,test,Batch 6,7,yes,floor,no,damp,109,2025-03-03,7,1,1,0,2,109,86.56071428571428,90.66,25.628571428571426,13.915705,16.312143,15.34591,red
F001-027,F001,test,Batch 7,0,no,raised,no,damp,147,2024-12-22,0,0,0,0,2,147,80.8785714285714,87.53,27.093571428571426,16.50814,14.175714,14.860882,red
F001-028,F001,test,Batch 8,8,no,raised,yes,damp,113,2025-09-09,8,0,0,1,2,113,77.43214285714285,81.58,26.841428571428573,13.477224,13.486429,13.482839,red
F001-029,F001,test,Batch 9,12,yes,raised,yes,dry,164,2024-07-21,12,1,0,1,0,164,76.62857142857142,81.58,26.99285714285714,14.014488,13.325714,13.501321,red
F001-030,F001,test,Batch 10,5,yes,floor,yes,damp,141,2024-08-26,5,1,1,1,2,141,65.01571428571428,75.06,26.98,15.954305,12.003143,13.223337,red
F001-031,F001,test,Batch 1,10,no,raised,no,damp,151,2025-03-02,10,0,0,0,2,151,81.15499999999999,85.66,25.083571428571425,12.805142,14.231,13.825875,red
F001-032,F001,test,Batch 2,20,no,raised,yes,damp,118,2024-12-28,20,0,0,1,2,118,75.45071428571428,82.23,28.19785714285714,13.199566,13.090143,13.131074,red
F001-033,F001,test,Batch 3,11,no,raised,no,damp,62,2024-12-26,11,0,0,0,2,62,70.72571428571429,78.51,27.957142857142856,11.25223,12.145143,11.612515,green
F001-034,F001,test,Batch 4,14,no,floor,yes,damp,99,2025-02-23,14,0,1,1,2,99,83.63785714285714,89.67,26.459285714285716,12.032418,15.727571,14.108226,red
F001-035,F001,test,Batch 5,15,yes,raised,yes,damp,47,2025-05-07,15,1,0,1,2,47,86.86357142857142,90.66,25.509999999999998,12.943227,15.372714,13.730552,red
F001-036,F001,test,Batch 6,10,yes,floor,yes,damp,142,2025-02-10,10,1,1,1,2,142,86.20571428571428,89.75,25.45,13.547934,16.241143,15.416331,red
F001-037,F001,test,Batch 7,10,no,raised,no,damp,160,2025-02-25,10,0,0,0,2,160,80.98571428571428,85.66,25.265000000000004,11.257175,14.197143,13.422176,red
F001-038,F001,test,Batch 8,3,no,raised,no,damp,22,2025-06-13,3,0,0,0,2,22,86.36357142857143,90.2,25.183571428571423,13.983161,15.272714,14.199173,red
F001-039,F001,test,Batch 9,5,no,raised,yes,dry,59,2025-04-17,5,0,0,1,0,59,85.49428571428571,88.69,25.845714285714283,14.91882,15.098857,14.988745,red
F001-040,F001,test,Batch 10,7,no,floor,no,damp,178,2025-02-18,7,0,1,0,2,178,82.63,87.52,25.035,14.565895,15.526,15.308171,red
F001-041,F001,test,Batch 1,9,no,floor,no,dry,0,2025-02-15,9,0,1,0,0,0,70.02642857142857,77.15,28.074285714285715,11.34719,13.005286,11.34719,green
F001-042,F001,test,Batch 2,10,yes,raised,no,damp,83,2025-05-11,10,1,0,0,2,83,81.0392857142857,85.66,25.20285714285714,13.437297,14.207857,13.822006,red
F001-043,F001,test,Batch 3,5,no,raised,no,damp,71,2024-12-12,5,0,0,0,2,71,72.98214285714285,77.15,28.216428571428573,13.336328,12.596429,13.005892,red
F001-044,F001,test,Batch 4,9,no,raised,yes,damp,165,2024-07-24,9,0,0,1,2,165,74.23857142857142,81.58,27.345,12.90656,12.847714,12.862593,amber
F001-045,F001,test,Batch 5,10,no,raised,no,dry,141,2024-10-19,10,0,0,0,0,141,69.14500000000001,77.34,28.454285714285714,10.475317,11.829,11.410957,green
F001-046,F001,test,Batch 6,15,no,floor,no,dry,78,2024-11-12,15,0,1,0,0,78,66.50928571428572,80.0,27.219285714285714,11.136271,12.301857,11.693368,green
F001-047,F001,test,Batch 7,10,yes,floor,yes,damp,124,2024-11-08,10,1,1,1,2,124,72.135,77.97,28.569285714285716,13.466062,13.427,13.440899,red
F001-048,F001,test,Batch 8,11,yes,floor,no,unsure,179,2024-07-15,11,1,1,0,1,179,71.40142857142855,77.39,27.400714285714287,12.463897,13.280286,13.0966,red
F001-049,F001,test,Batch 9,9,no,raised,yes,damp,92,2025-02-23,9,0,0,1,2,92,83.72357142857142,89.67,26.41928571428571,11.222556,14.744714,13.108464,red
F001-050,F001,test,Batch 10,12,no,floor,yes,damp,162,2024-12-16,12,0,1,1,2,162,83.30214285714285,89.67,26.474999999999994,11.568933,15.660429,14.599748,red
F001-051,F001,test,Batch 1,10,no,raised,no,dry,8,2025-04-30,10,0,0,0,0,8,79.41857142857144,85.86,27.283571428571427,11.443784,13.883714,11.601142,green
F001-052,F001,test,Batch 2,9,no,raised,no,dry,148,2024-09-10,9,0,0,0,0,148,70.09071428571428,80.0,27.528571428571432,12.120373,12.018143,12.047925,amber
F001-053,F001,test,Batch 3,7,no,raised,yes,damp,173,2025-03-01,7,0,0,1,2,173,82.48,87.52,24.687857142857144,13.408448,14.496,14.238758,red
F001-054,F001,test,Batch 4,3,no,raised,no,damp,170,2024-11-10,3,0,0,0,2,170,77.49857142857142,85.86,27.85928571428571,15.192759,13.499714,13.910313,red
F001-055,F001,test,Batch 5,11,no,raised,yes,damp,79,2025-03-26,11,0,0,1,2,79,84.74428571428571,88.69,26.12928571428571,11.212085,14.948857,13.01428,red
F001-056,F001,test,Batch 6,8,no,raised,no,damp,175,2024-10-10,8,0,0,0,2,175,74.41857142857143,81.64,28.122857142857146,12.320202,12.883714,12.752628,amber
F001-057,F001,test,Batch 7,19,no,raised,no,damp,77,2025-06-10,19,0,0,0,2,77,80.93928571428572,83.94,24.810000000000002,11.159501,14.187857,12.593687,amber
F001-058,F001,test,Batch 8,9,no,raised,no,unsure,42,2025-04-03,9,0,0,0,1,42,79.61214285714286,87.53,27.315,11.416342,13.922429,12.156419,amber
F001-059,F001,test,Batch 9,7,yes,floor,no,damp,52,2025-04-30,7,1,1,0,2,52,86.61928571428571,90.66,25.617142857142852,12.899774,16.323857,14.103872,red
F001-060,F001,test,Batch 10,9,no,floor,yes,damp,92,2024-10-31,9,0,1,1,2,92,68.05357142857142,80.0,27.29357142857143,13.233893,12.610714,12.900217,amber
F001-061,F001,test,Batch 1,7,yes,floor,yes,damp,1,2025-12-14,7,1,1,1,2,1,83.47500000000001,88.91,25.950714285714287,14.553897,15.695,14.563366,red
F001-062,F001,test,Batch 2,19,yes,raised,yes,unsure,157,2025-03-06,19,1,0,1,1,157,81.61642857142859,87.52,25.32571428571428,12.21225,14.323286,13.752736,red
F001-063,F001,test,Batch 3,8,no,raised,yes,damp,134,2025-07-21,8,0,0,1,2,134,79.80071428571429,82.18,26.620714285714286,11.169491,13.960143,13.046569,red
F001-064,F001,test,Batch 4,6,no,floor,yes,unsure,119,2025-03-01,6,0,1,1,1,119,87.01642857142856,90.66,25.314285714285717,13.82119,16.403286,15.445437,red
F001-065,F001,test,Batch 5,4,no,floor,yes,damp,153,2024-11-27,4,0,1,1,2,153,77.49857142857142,85.86,27.85928571428571,14.321644,14.499714,14.449956,red
F001-066,F001,test,Batch 6,5,no,floor,yes,damp,41,2025-02-08,5,0,1,1,2,41,74.48857142857143,78.24,28.12714285714286,13.605233,13.897714,13.689881,red
F001-067,F001,test,Batch 7,10,no,raised,yes,unsure,106,2025-08-30,10,0,0,1,1,106,83.49214285714287,88.91,25.952142857142857,11.687848,14.698429,13.453847,red
F001-068,F001,test,Batch 8,9,no,raised,yes,damp,151,2025-07-05,9,0,0,1,2,151,80.43714285714286,88.55,26.535714285714285,11.61617,14.087429,13.385277,red
F001-069,F001,test,Batch 9,4,no,raised,no,damp,0,2025-05-20,4,0,0,0,2,0,81.05857142857143,87.53,26.972142857142853,12.684091,14.211714,12.684091,amber
F001-070,F001,test,Batch 10,11,yes,floor,yes,damp,138,2025-08-03,11,1,1,1,2,138,80.28499999999998,85.68,26.07571428571429,12.671253,15.057,14.301585,red
F001-071,F001,test,Batch 1,15,no,raised,no,dry,95,2024-11-24,15,0,0,0,0,95,70.21714285714285,78.51,28.01071428571428,11.192748,12.043429,11.657995,green
F001-072,F001,test,Batch 2,0,no,floor,yes,damp,116,2025-04-12,0,0,1,1,2,116,80.42999999999999,85.31,25.357142857142858,16.065691,15.086,15.458624,red
F001-073,F001,test,Batch 3,14,no,raised,no,dry,19,2025-04-09,14,0,0,0,0,19,76.85357142857143,85.86,27.990000000000002,10.914949,13.370714,11.274558,green
F001-074,F001,test,Batch 4,6,no,raised,no,damp,148,2024-09-20,6,0,0,0,2,148,70.02642857142857,77.15,28.074285714285715,12.304833,12.005286,12.09255,amber
F001-075,F001,test,Batch 5,11,no,floor,no,unsure,127,2025-08-04,11,0,1,0,1,127,82.38214285714285,88.91,26.270000000000003,11.180516,15.476429,13.985602,red
F001-076,F001,test,Batch 6,15,yes,raised,yes,damp,71,2025-09-23,15,1,0,1,2,71,80.43714285714286,88.55,26.535714285714285,12.810665,14.087429,13.380862,red
F001-077,F001,test,Batch 7,13,no,raised,no,unsure,52,2024-12-08,13,0,0,0,1,52,66.50928571428572,80.0,27.219285714285714,11.36856,11.301857,11.345104,green
F001-078,F001,test,Batch 8,16,no,floor,no,damp,79,2024-11-27,16,0,1,0,2,79,70.8442857142857,78.23,27.91,12.716475,13.168857,12.934653,amber
F001-079,F001,test,Batch 9,4,no,floor,no,damp,93,2024-12-14,4,0,1,0,2,93,75.175,78.24,28.174999999999994,14.16974,14.035,14.097075,red
F001-080,F001,test,Batch 10,17,yes,raised,yes,unsure,93,2024-11-24,17,1,0,1,1,93,72.28857142857143,78.51,27.972142857142853,13.441033,12.457714,12.910733,amber
F002-001,F002,train,Batch 1,5,no,floor,no,damp,86,2024-11-17,5,0,1,0,2,86,70.35142857142857,78.23,27.863571428571426,12.414791,13.070286,12.750157,amber
F002-002,F002,train,Batch 2,5,yes,raised,no,damp,150,2024-09-09,5,1,0,0,2,150,69.12214285714286,78.23,27.645,15.299986,11.824429,12.820193,amber
F002-003,F002,train,Batch 3,13,yes,raised,yes,dry,118,2025-08-25,13,1,0,1,0,118,79.63214285714287,85.68,26.06357142857143,11.631163,13.926429,13.067857,red
F002-004,F002,train,Batch 4,3,yes,raised,yes,damp,135,2025-03-25,3,1,0,1,2,135,80.57857142857144,85.31,25.376428571428573,16.195198,14.115714,14.790824,red
F002-005,F002,train,Batch 5,6,no,raised,no,damp,53,2025-01-02,6,0,0,0,2,53,72.81714285714285,78.51,28.025000000000002,13.283549,12.563429,13.02644,red
F002-006,F002,train,Batch 6,17,no,floor,yes,damp,69,2025-03-07,17,0,1,1,2,69,79.61214285714286,87.53,27.315,12.121913,14.922429,13.346565,red
F002-007,F002,train,Batch 7,5,no,raised,no,damp,64,2024-11-25,5,0,0,0,2,64,65.80071428571429,80.0,27.134285714285713,14.251459,11.160143,12.973652,amber
F002-008,F002,train,Batch 8,2,yes,floor,yes,damp,126,2024-12-29,2,1,1,1,2,126,78.09857142857143,85.86,27.517857142857142,16.612104,14.619714,15.316927,red
F002-009,F002,train,Batch 9,16,yes,floor,yes,damp,147,2024-08-08,16,1,1,1,2,147,75.70357142857144,81.58,27.132857142857144,12.983798,14.140714,13.800861,red
F002-010,F002,train,Batch 10,9,no,raised,no,damp,50,2025-03-20,9,0,0,0,2,50,80.06714285714285,85.86,27.197142857142858,11.689093,14.013429,12.481132,amber
F002-011,F002,train,Batch 1,2,no,floor,yes,unsure,81,2025-02-11,2,0,1,1,1,81,77.85642857142857,85.86,27.577142857142857,15.376953,14.571286,14.981497,red
F002-012,F002,train,Batch 2,19,yes,raised,no,dry,143,2025-07-16,19,1,0,0,0,143,81.18071428571429,88.91,26.410714285714285,12.027622,14.236143,13.565383,red
F002-013,F002,train,Batch 3,4,no,raised,yes,damp,140,2024-10-27,4,0,0,1,2,140,74.99642857142858,78.24,28.19857142857143,14.188088,12.999286,13.369483,red
F002-014,F002,train,Batch 4,4,no,raised,yes,damp,173,2024-12-07,4,0,0,1,2,173,83.82428571428571,89.67,26.346428571428568,13.910339,14.764857,14.562735,red
F002-015,F002,train,Batch 5,13,no,raised,yes,damp,167,2025-01-20,13,0,0,1,2,167,86.22642857142857,90.2,25.14428571428572,10.908309,15.245286,14.166851,red
F002-016,F002,train,Batch 6,10,no,raised,yes,damp,174,2025-03-03,10,0,0,1,2,174,81.38214285714285,84.22,24.82214285714286,12.231648,14.276429,13.796784,red
F002-017,F002,train,Batch 7,9,yes,floor,no,damp,147,2024-12-20,9,1,1,0,2,147,80.00642857142854,87.53,27.298571428571428,11.831318,15.001286,14.070083,red
F002-018,F002,train,Batch 8,14,yes,floor,yes,unsure,52,2025-01-13,14,1,1,1,1,52,70.05642857142858,78.51,28.15857142857143,12.932619,13.011286,12.960282,amber
F002-019,F002,train,Batch 9,6,yes,raised,yes,damp,64,2025-05-10,6,1,0,1,2,64,86.26642857142859,90.36,24.694285714285716,14.410209,15.253286,14.758698,red
F002-020,F002,train,Batch 10,14,no,raised,no,unsure,84,2025-01-18,14,0,0,0,1,84,74.28428571428572,79.69,28.390000000000004,9.623254,12.856857,11.251098,green
F002-021,F002,train,Batch 1,10,no,raised,no,dry,2,2025-03-28,10,0,0,0,0,2,73.37142857142855,81.64,28.087857142857143,11.908851,12.674286,11.921503,green
F002-022,F002,train,Batch 2,9,no,raised,yes,damp,86,2025-09-30,9,0,0,1,2,86,77.88071428571429,84.53,26.353571428571428,12.431005,13.576143,13.016884,red
F002-023,F002,train,Batch 3,3,no,raised,yes,damp,137,2025-04-01,3,0,0,1,2,137,82.93428571428572,87.52,24.935000000000002,15.137682,14.586857,14.762728,red
F002-024,F002,train,Batch 4,10,no,floor,no,unsure,155,2024-08-24,10,0,1,0,1,155,63.680714285714295,80.0,26.958571428571425,10.795467,11.736143,11.477634,green
F002-025,F002,train,Batch 5,7,no,raised,no,dry,124,2024-11-06,7,0,0,0,0,124,69.37785714285715,77.34,28.559285714285718,13.10285,11.875571,12.31226,amber
F002-026,F002,train,Batch 6,9,no,raised,no,dry,69,2024-12-23,9,0,0,0,0,69,69.65928571428572,78.51,28.177142857142854,10.914121,11.931857,11.359172,green
F002-027,F002,train,Batch 7,13,yes,raised,no,damp,140,2024-11-22,13,1,0,0,2,140,74.09642857142858,79.69,28.462857142857143,11.29134,12.819286,12.343479,amber
F002-028,F002,train,Batch 8,12,yes,raised,yes,damp,147,2024-12-19,12,1,0,1,2,147,79.61214285714286,87.53,27.315,13.947501,13.922429,13.929794,red
F002-029,F002,train,Batch 9,9,no,floor,no,unsure,165,2024-09-13,9,0,1,0,1,165,72.28857142857143,78.51,27.972142857142853,11.310547,13.457714,12.914825,amber
F002-030,F002,train,Batch 10,5,no,raised,no,damp,11,2025-06-12,5,0,0,0,2,11,86.86357142857142,90.66,25.509999999999998,14.327835,15.372714,14.419357,red
F002-031,F002,train,Batch 1,10,no,raised,no,damp,134,2024-11-13,10,0,0,0,2,134,73.88571428571429,81.64,28.015000000000004,10.787113,12.777143,12.125668,amber
F002-032,F002,train,Batch 2,11,no,floor,yes,damp,75,2025-10-04,11,0,1,1,2,75,80.50214285714286,85.68,26.052142857142858,11.529705,15.100429,13.189158,red
F002-033,F002,train,Batch 3,5,yes,floor,yes,damp,99,2024-12-16,5,1,1,1,2,99,73.55357142857144,78.24,28.14071428571429,14.620097,13.710714,14.109238,red
F002-034,F002,train,Batch 4,8,no,floor,yes,unsure,32,2025-06-06,8,0,1,1,1,32,86.55785714285715,90.2,25.02071428571429,13.312953,16.311571,14.014845,red
F002-035,F002,train,Batch 5,15,no,raised,no,damp,129,2025-03-13,15,0,0,0,2,129,83.89500000000001,90.36,24.712142857142855,11.681886,14.779,13.721962,red
F002-036,F002,train,Batch 6,7,no,raised,no,damp,65,2025-06-10,7,0,0,0,2,65,82.76785714285714,87.52,25.042142857142856,14.771324,14.553571,14.680255,red
F002-037,F002,train,Batch 7,13,no,raised,no,dry,90,2024-10-24,13,0,0,0,0,90,59.89357142857143,71.7,26.52571428571428,9.69492,9.978714,9.844659,green
F002-038,F002,train,Batch 8,7,no,raised,yes,damp,148,2025-01-05,7,0,0,1,2,148,83.63785714285714,89.67,26.459285714285716,12.107639,14.727571,13.964333,red
F002-039,F002,train,Batch 9,12,no,raised,yes,damp,77,2025-05-13,12,0,0,1,2,77,81.26071428571427,85.66,25.032142857142862,11.923215,14.252143,13.026162,red
F002-040,F002,train,Batch 10,18,yes,raised,no,dry,104,2024-10-04,18,1,0,0,0,104,64.66071428571426,75.06,26.78357142857143,12.580897,10.932143,11.625197,green
F002-041,F002,train,Batch 1,18,no,floor,no,unsure,18,2025-02-03,18,0,1,0,1,18,72.98214285714285,77.15,28.216428571428573,10.734853,13.596429,11.133448,green
F002-042,F002,train,Batch 2,17,no,raised,no,dry,24,2024-12-22,17,0,0,0,0,24,64.50571428571428,75.06,26.87357142857143,10.206943,10.901143,10.33278,green
F002-043,F002,train,Batch 3,16,yes,raised,yes,dry,18,2025-04-01,16,1,0,1,0,18,74.75500000000001,79.17,28.256428571428575,13.214892,12.951,13.178134,red
F002-044,F002,train,Batch 4,9,no,raised,no,damp,57,2025-10-30,9,0,0,0,2,57,77.45285714285713,84.53,26.44928571428571,11.536202,13.490571,12.275178,amber
F002-045,F002,train,Batch 5,6,yes,floor,no,damp,129,2024-10-18,6,1,1,0,2,129,72.81714285714285,78.51,28.025000000000002,14.763669,13.563429,13.973068,red
F002-046,F002,train,Batch 6,10,no,floor,yes,damp,176,2024-12-21,10,0,1,1,2,176,85.49428571428571,88.69,25.845714285714283,9.377961,16.098857,14.548392,red
F002-047,F002,train,Batch 7,11,no,raised,no,dry,12,2025-08-02,11,0,0,0,0,12,82.76785714285714,87.52,25.042142857142856,10.055542,14.553571,10.483586,green
F002-048,F002,train,Batch 8,16,no,raised,no,unsure,85,2024-12-27,16,0,0,0,1,85,74.04142857142858,78.24,28.189285714285717,12.938889,12.808286,12.872603,amber
F002-049,F002,train,Batch 9,18,no,floor,yes,damp,91,2024-12-26,18,0,1,1,2,91,73.88571428571429,81.64,28.015000000000004,11.459647,13.777143,12.69152,amber
F002-050,F002,train,Batch 10,4,no,raised,yes,damp,54,2025-02-07,4,0,0,1,2,54,73.98642857142856,81.64,28.128571428571426,14.669674,12.797286,13.991173,red
F002-051,F002,train,Batch 1,2,no,raised,yes,dry,134,2024-12-16,2,0,0,1,0,134,77.49857142857142,85.86,27.85928571428571,14.716192,13.499714,13.897952,red
F002-052,F002,train,Batch 2,13,no,raised,yes,damp,107,2024-12-03,13,0,0,1,2,107,74.57857142857142,78.24,28.18071428571429,10.837954,12.915714,12.063891,amber
F002-053,F002,train,Batch 3,11,no,raised,no,damp,88,2024-11-13,11,0,0,0,2,88,69.97785714285715,78.23,27.793571428571422,13.07048,11.995571,12.511856,amber
F002-054,F002,train,Batch 4,8,no,raised,yes,unsure,41,2025-06-11,8,0,0,1,1,41,83.33714285714287,90.36,24.73,12.132643,14.667429,12.866248,amber
F002-055,F002,train,Batch 5,7,no,floor,no,damp,54,2025-05-12,7,0,1,0,2,54,86.36357142857143,90.2,25.183571428571423,12.740528,16.272714,14.020493,red
F002-056,F002,train,Batch 6,9,no,raised,yes,damp,148,2024-12-25,9,0,0,1,2,148,81.90714285714286,87.53,26.756428571428568,11.095354,14.381429,13.42413,red
F002-057,F002,train,Batch 7,8,no,raised,no,damp,6,2025-02-25,8,0,0,0,2,6,69.66214285714285,78.51,28.240000000000002,11.912301,11.932429,11.913283,green
F002-058,F002,train,Batch 8,19,no,floor,yes,dry,148,2024-08-27,19,0,1,1,0,148,59.89357142857143,71.7,26.52571428571428,9.929836,10.978714,10.673155,green
F002-059,F002,train,Batch 9,0,yes,floor,no,damp,58,2025-03-06,0,1,1,0,2,58,77.85642857142857,85.86,27.577142857142857,17.785386,14.571286,16.553499,red
F002-060,F002,train,Batch 10,13,no,floor,no,dry,64,2024-11-24,13,0,1,0,0,64,65.07714285714287,80.0,27.072142857142858,11.280394,12.015429,11.584224,green
F002-061,F002,train,Batch 1,17,no,raised,yes,damp,141,2024-08-20,17,0,0,1,2,141,72.85499999999999,81.58,27.45285714285714,11.269506,12.571,12.169074,amber
F002-062,F002,train,Batch 2,8,no,floor,no,unsure,94,2024-12-24,8,0,1,0,1,94,73.63142857142857,81.64,28.07000000000001,10.802632,13.726286,12.390525,amber
F002-063,F002,train,Batch 3,7,no,floor,yes,damp,23,2025-08-02,7,0,1,1,2,23,80.9592857142857,84.22,24.856428571428577,13.140691,15.191857,13.498452,red
F002-064,F002,train,Batch 4,13,no,floor,no,damp,56,2025-01-12,13,0,1,0,2,56,69.14500000000001,77.34,28.454285714285714,11.014822,12.829,11.691349,green
F002-065,F002,train,Batch 5,5,no,raised,yes,damp,94,2025-01-15,5,0,0,1,2,94,74.75500000000001,79.17,28.256428571428575,14.778309,12.951,13.785862,red
F002-066,F002,train,Batch 6,8,no,floor,no,damp,14,2025-07-27,8,0,1,0,2,14,81.61642857142859,87.52,25.32571428571428,12.440672,15.323286,12.758101,amber
F002-067,F002,train,Batch 7,6,yes,raised,yes,unsure,45,2025-03-30,6,1,0,1,1,45,79.49928571428573,87.53,27.308571428571433,16.495962,13.899857,15.684132,red
F002-068,F002,train,Batch 8,6,no,raised,no,damp,127,2024-09-17,6,0,0,0,2,127,59.89357142857143,71.7,26.52571428571428,12.197189,9.978714,10.7486,green
F002-069,F002,train,Batch 9,7,yes,raised,yes,unsure,83,2025-09-14,7,1,0,1,1,83,81.18071428571429,88.91,26.410714285714285,14.297333,14.236143,14.266783,red
F002-070,F002,train,Batch 10,8,no,raised,no,unsure,43,2025-11-01,8,0,0,0,1,43,83.49214285714287,88.91,25.952142857142857,12.901254,14.698429,13.442491,red
F002-071,F002,train,Batch 1,3,no,raised,no,unsure,108,2025-02-09,3,0,0,0,1,108,83.45642857142856,89.67,26.444999999999993,15.071455,14.691286,14.845851,red
F002-072,F002,train,Batch 2,18,no,floor,no,dry,45,2024-12-28,18,0,1,0,0,45,70.35142857142857,78.23,27.863571428571426,10.935313,13.070286,11.602942,green
F002-073,F002,train,Batch 3,9,yes,floor,yes,damp,72,2025-05-07,9,1,1,1,2,72,84.62285714285714,90.36,24.603571428571424,12.484311,15.924571,14.036517,red
F002-074,F002,train,Batch 4,10,yes,floor,yes,damp,78,2024-12-30,10,1,1,1,2,78,74.94785714285715,78.24,28.134285714285717,11.872559,13.989571,12.884394,amber
F002-075,F002,train,Batch 5,3,no,floor,no,damp,44,2025-07-18,3,0,1,0,2,44,78.31714285714284,83.94,25.267857142857142,15.910886,14.663429,15.527967,red
F002-076,F002,train,Batch 6,12,no,raised,no,unsure,100,2025-02-27,12,0,0,0,1,100,83.22428571428573,88.69,26.26285714285714,10.943905,14.644857,13.03643,red
F002-077,F002,train,Batch 7,14,no,raised,no,damp,101,2025-01-20,14,0,0,0,2,101,77.765,85.86,27.712142857142855,10.130321,13.553,12.077854,amber
F002-078,F002,train,Batch 8,4,yes,floor,no,damp,146,2025-08-04,4,1,1,0,2,146,76.70642857142857,81.94,26.624285714285715,14.783293,14.341286,14.472215,red
F002-079,F002,train,Batch 9,7,no,raised,no,damp,16,2025-12-10,7,0,0,0,2,16,77.45285714285713,84.53,26.44928571428571,12.196933,13.490571,12.358414,amber
F002-080,F002,train,Batch 10,7,no,floor,no,damp,124,2024-09-30,7,0,1,0,2,124,70.035,80.0,27.38071428571428,11.986132,13.007,12.643756,amber
F003-001,F003,test,Batch 1,9,yes,floor,no,unsure,0,2025-12-08,9,1,1,0,1,0,81.80071428571429,88.91,26.36357142857143,10.693554,15.360143,10.693554,green
F003-002,F003,test,Batch 2,17,no,floor,no,damp,103,2025-05-17,17,0,1,0,2,103,80.03499999999998,83.94,24.977142857142855,9.862054,15.007,12.826222,amber
F003-003,F003,test,Batch 3,11,no,floor,no,damp,94,2024-10-14,11,0,1,0,2,94,64.66071428571426,75.06,26.78357142857143,10.337877,11.932143,11.203754,green
F003-004,F003,test,Batch 4,10,yes,floor,no,damp,33,2025-11-19,10,1,1,0,2,33,79.21000000000001,84.53,26.11428571428571,11.48543,14.842,12.292443,amber
F003-005,F003,test,Batch 5,15,no,floor,no,unsure,162,2025-07-19,15,0,1,0,1,162,76.70642857142857,81.94,26.624285714285715,8.505253,14.341286,12.828351,amber
F003-006,F003,test,Batch 6,12,no,raised,yes,unsure,120,2025-01-18,12,0,0,1,1,120,80.8785714285714,87.53,27.093571428571426,9.93918,14.175714,12.617181,amber
F003-007,F003,test,Batch 7,6,no,floor,yes,damp,109,2025-02-14,6,0,1,1,2,109,83.73142857142857,89.67,26.414285714285715,12.56025,15.746286,14.46169,red
F003-008,F003,test,Batch 8,10,no,floor,no,unsure,19,2025-04-28,10,0,1,0,1,19,80.43428571428569,87.53,27.237142857142857,12.323879,15.086857,12.728475,amber
F003-009,F003,test,Batch 9,9,no,floor,no,dry,161,2024-08-09,9,0,1,0,0,161,63.43285714285713,71.7,26.69785714285715,10.685222,11.686571,11.424809,green
F003-010,F003,test,Batch 10,10,no,raised,no,dry,90,2025-05-18,10,0,0,0,0,90,82.93428571428572,87.52,24.935000000000002,9.094931,14.586857,11.992655,green
F003-011,F003,test,Batch 1,10,yes,raised,no,damp,66,2025-01-29,10,1,0,0,2,66,74.88714285714285,81.64,28.173571428571424,11.651312,12.977429,12.212326,amber
F003-012,F003,test,Batch 2,19,no,floor,no,dry,11,2024-12-26,19,0,1,0,0,11,73.575,81.58,27.358571428571427,9.231245,13.715,9.62398,green
F003-013,F003,test,Batch 3,15,no,raised,no,unsure,86,2025-09-07,15,0,0,0,1,86,79.80071428571429,82.18,26.620714285714286,11.014981,13.960143,12.521792,amber
F003-014,F003,test,Batch 4,17,no,raised,no,damp,175,2025-01-18,17,0,0,0,2,175,86.38214285714287,90.36,24.812857142857144,10.405213,15.276429,14.143269,red
F003-015,F003,test,Batch 5,8,yes,raised,no,damp,105,2025-05-16,8,1,0,0,2,105,79.625,83.94,25.06714285714285,13.532478,13.925,13.761373,red
F003-016,F003,test,Batch 6,13,no,raised,no,dry,21,2025-01-06,13,0,0,0,0,21,65.07714285714287,80.0,27.072142857142858,10.917952,11.015429,10.933601,green
F003-017,F003,test,Batch 7,20,no,floor,yes,damp,108,2025-04-06,20,0,1,1,2,108,82.88642857142858,85.73,24.794999999999998,12.142584,15.577286,14.18084,red
F003-018,F003,test,Batch 8,18,no,floor,yes,damp,153,2024-12-26,18,0,1,1,2,153,83.45642857142856,89.67,26.444999999999993,11.748312,15.691286,14.589497,red
F003-019,F003,test,Batch 9,8,no,floor,no,unsure,93,2025-01-17,8,0,1,0,1,93,74.66,79.17,28.26928571428571,9.818444,13.932,12.036869,amber
F003-020,F003,test,Batch 10,5,no,floor,yes,damp,85,2025-05-04,5,0,1,1,2,85,81.43357142857143,85.66,24.945,11.595736,15.286714,13.469039,red
F003-021,F003,test,Batch 1,17,no,floor,yes,damp,87,2024-12-24,17,0,1,1,2,87,74.48857142857143,78.24,28.12714285714286,10.145847,13.897714,12.080593,amber
F003-022,F003,test,Batch 2,8,no,raised,no,unsure,113,2025-05-05,8,0,0,0,1,113,80.93928571428572,83.94,24.810000000000002,12.37943,14.187857,13.482611,red
F003-023,F003,test,Batch 3,17,no,raised,no,dry,106,2025-02-26,17,0,0,0,0,106,84.30071428571429,88.69,26.17071428571428,10.673117,14.860143,13.129215,red
F003-024,F003,test,Batch 4,17,no,raised,no,dry,123,2024-10-07,17,0,0,0,0,123,69.6592857142857,78.23,27.688571428571425,10.513884,11.931857,11.423093,green
F003-025,F003,test,Batch 5,6,yes,floor,no,damp,18,2025-05-10,6,1,1,0,2,18,83.45642857142856,89.67,26.444999999999993,12.731931,15.691286,13.144145,red
F003-026,F003,test,Batch 6,6,no,raised,yes,dry,77,2025-04-13,6,0,0,1,0,77,86.98571428571428,90.66,25.385,12.548941,15.397143,13.897808,red
F003-027,F003,test,Batch 7,6,no,raised,yes,damp,87,2025-04-22,6,0,0,1,2,87,84.62285714285714,90.36,24.603571428571424,12.865383,14.924571,13.927256,red
F003-028,F003,test,Batch 8,2,no,raised,yes,damp,0,2025-02-09,2,0,0,1,2,0,69.97785714285715,78.23,27.793571428571422,14.717772,11.995571,14.717772,red
F003-029,F003,test,Batch 9,4,yes,floor,yes,damp,18,2025-03-12,4,1,1,1,2,18,73.37142857142855,81.64,28.087857142857143,14.350313,13.674286,14.256148,red
F003-030,F003,test,Batch 10,12,no,raised,no,damp,51,2025-10-25,12,0,0,0,2,51,83.47500000000001,88.91,25.950714285714287,10.727244,14.695,12.101001,amber
F003-031,F003,test,Batch 1,3,no,raised,yes,unsure,18,2025-06-26,3,0,0,1,1,18,85.99071428571429,90.36,24.598571428571432,14.106994,15.198143,14.258982,red
F003-032,F003,test,Batch 2,7,yes,raised,yes,unsure,24,2024-12-08,7,1,0,1,1,24,76.62857142857142,81.58,26.99285714285714,14.587302,13.325714,14.358615,red
F003-033,F003,test,Batch 3,5,no,floor,no,unsure,176,2024-10-05,5,0,1,0,1,176,73.37142857142855,81.64,28.087857142857143,12.574002,13.674286,13.420458,red
F003-034,F003,test,Batch 4,3,no,raised,no,unsure,25,2025-03-14,3,0,0,0,1,25,75.32857142857142,81.64,28.277142857142852,13.361342,13.065714,13.305745,red
F003-035,F003,test,Batch 5,4,no,raised,no,unsure,106,2025-02-07,4,0,0,0,1,106,83.17142857142858,89.67,26.565714285714282,13.089279,14.634286,13.995576,red
F003-036,F003,test,Batch 6,10,no,raised,yes,unsure,156,2024-10-18,10,0,0,1,1,156,73.69285714285715,78.24,28.224285714285717,10.063548,12.738571,12.009542,amber
F003-037,F003,test,Batch 7,7,no,floor,no,damp,82,2025-01-27,7,0,1,0,2,82,74.75500000000001,79.17,28.256428571428575,12.087022,13.951,13.00982,red
F003-038,F003,test,Batch 8,12,no,raised,no,damp,164,2024-12-09,12,0,0,0,2,164,81.90714285714286,87.53,26.756428571428568,9.283375,14.381429,13.081652,red
F003-039,F003,test,Batch 9,12,no,floor,no,unsure,36,2025-04-01,12,0,1,0,1,36,78.90142857142858,85.86,27.353571428571428,10.803586,14.780286,11.834274,green
F003-040,F003,test,Batch 10,8,no,raised,no,unsure,69,2025-01-06,8,0,0,0,1,69,74.99642857142858,78.24,28.19857142857143,11.343711,12.999286,12.067686,amber
F003-041,F003,test,Batch 1,13,no,raised,no,damp,122,2025-03-10,13,0,0,0,2,122,86.46428571428571,90.36,24.877857142857145,9.879537,15.292857,13.334324,red
F003-042,F003,test,Batch 2,13,no,raised,no,damp,174,2025-06-20,13,0,0,0,2,174,82.97428571428573,88.91,26.115000000000002,10.225726,14.594857,13.569989,red
F003-043,F003,test,Batch 3,14,yes,floor,no,damp,115,2025-08-14,14,1,1,0,2,115,81.2092857142857,88.91,26.431428571428572,11.7908,15.241857,13.918268,red
F003-044,F003,test,Batch 4,12,no,raised,yes,damp,104,2025-04-06,12,0,0,1,2,104,84.09,90.36,24.682857142857138,11.44323,14.818,13.399414,red
F003-045,F003,test,Batch 5,13,no,raised,no,dry,126,2024-11-01,13,0,0,0,0,126,69.60785714285714,78.51,28.26928571428571,11.515405,11.921571,11.779439,green
F003-046,F003,test,Batch 6,19,no,floor,no,damp,79,2024-11-06,19,0,1,0,2,79,60.544285714285714,80.0,26.613571428571426,9.945579,11.108857,10.506612,green
F003-047,F003,test,Batch 7,7,no,raised,no,damp,174,2024-08-17,7,0,0,0,2,174,69.6592857142857,78.23,27.688571428571425,12.404282,11.931857,12.042674,amber
F003-048,F003,test,Batch 8,8,no,raised,no,damp,80,2025-09-23,8,0,0,0,2,80,83.04428571428572,88.91,26.052142857142858,11.441358,14.608857,12.982609,amber
F003-049,F003,test,Batch 9,6,no,raised,yes,damp,179,2024-11-09,6,0,0,1,2,179,78.90142857142858,85.86,27.353571428571428,11.742858,13.780286,13.32187,red
F003-050,F003,test,Batch 10,11,no,floor,no,damp,180,2024-09-16,11,0,1,0,2,180,74.35285714285715,78.24,28.287857142857142,9.545075,13.870571,12.905423,amber
F003-051,F003,test,Batch 1,11,no,raised,no,damp,159,2024-09-13,11,0,0,0,2,159,72.61214285714284,77.15,28.237857142857145,11.060195,12.522429,12.133762,amber
F003-052,F003,test,Batch 2,6,no,floor,yes,damp,118,2025-05-03,6,0,1,1,2,118,79.625,83.94,25.06714285714285,11.823853,14.925,13.764978,red
F003-053,F003,test,Batch 3,8,no,floor,no,dry,11,2025-07-13,8,0,1,0,0,11,82.66142857142857,85.66,24.782857142857143,10.90187,15.532286,11.307452,green
F003-054,F003,test,Batch 4,19,no,raised,no,dry,8,2025-05-14,19,0,0,0,0,8,81.90714285714286,87.53,26.756428571428568,9.796548,14.381429,10.09224,green
F003-055,F003,test,Batch 5,13,yes,floor,no,damp,169,2024-07-19,13,1,1,0,2,169,75.20214285714285,81.58,27.287857142857142,11.101782,14.040429,13.321781,red
F003-056,F003,test,Batch 6,5,no,raised,no,damp,11,2025-07-14,5,0,0,0,2,11,82.24642857142858,85.66,24.75714285714286,12.498486,14.449286,12.669358,amber
F003-057,F003,test,Batch 7,17,no,raised,no,dry,1,2025-06-04,17,0,0,0,0,1,83.76857142857143,89.67,26.266428571428573,9.794461,14.753714,9.835616,green
F003-058,F003,test,Batch 8,11,no,raised,no,damp,164,2025-03-07,11,0,0,0,2,164,83.05071428571429,87.52,24.74428571428572,11.043986,14.610143,13.700932,red
F003-059,F003,test,Batch 9,3,no,floor,yes,dry,168,2025-01-31,3,0,1,1,0,168,84.62285714285714,90.36,24.603571428571424,13.48143,15.924571,15.3221,red
F003-060,F003,test,Batch 10,19,no,floor,no,dry,25,2025-04-14,19,0,1,0,0,25,80.06714285714285,85.86,27.197142857142858,10.172779,15.013429,11.083129,green
F003-061,F003,test,Batch 1,9,no,raised,no,dry,94,2024-10-13,9,0,0,0,0,94,64.50571428571428,75.06,26.87357142857143,9.905967,10.901143,10.446466,green
F003-062,F003,test,Batch 2,18,no,raised,no,damp,137,2025-04-12,18,0,0,0,2,137,80.61571428571428,83.94,24.84142857142857,9.955231,14.123143,12.792385,amber
F003-063,F003,test,Batch 3,5,no,floor,no,damp,125,2024-10-10,5,0,1,0,2,125,70.62928571428571,78.23,27.86357142857143,11.382461,13.125857,12.510672,amber
F003-064,F003,test,Batch 4,8,no,raised,no,damp,116,2025-03-31,8,0,0,0,2,116,82.24642857142858,85.66,24.75714285714286,12.077165,14.449286,13.547052,red
F003-065,F003,test,Batch 5,18,no,raised,no,unsure,49,2025-06-25,18,0,0,0,1,49,82.54142857142857,87.52,25.115,9.096754,14.508286,10.910931,green
F003-066,F003,test,Batch 6,14,no,raised,no,damp,144,2024-12-16,14,0,0,0,2,144,80.06714285714285,85.86,27.197142857142858,10.009491,14.013429,12.807466,amber
F003-067,F003,test,Batch 7,10,no,floor,yes,damp,111,2025-02-24,10,0,1,1,2,111,85.49428571428571,88.69,25.845714285714283,9.91614,16.098857,13.647216,red
F003-068,F003,test,Batch 8,14,no,floor,no,damp,149,2025-01-09,14,0,1,0,2,149,83.22428571428573,88.69,26.26285714285714,11.329761,15.644857,14.398216,red
F003-069,F003,test,Batch 9,5,no,raised,no,damp,11,2025-03-15,5,0,0,0,2,11,73.82714285714287,81.64,28.066428571428577,12.72551,12.765429,12.729007,amber
F003-070,F003,test,Batch 10,5,no,floor,no,damp,61,2025-04-21,5,0,1,0,2,61,86.61928571428571,90.66,25.617142857142852,13.528338,16.323857,14.64236,red
F003-071,F003,test,Batch 1,14,no,raised,no,damp,138,2024-12-18,14,0,0,0,2,138,79.06857142857145,85.86,27.321428571428573,10.419519,13.813714,12.738987,amber
F003-072,F003,test,Batch 2,10,no,raised,no,unsure,19,2025-01-28,10,0,0,0,1,19,69.64214285714284,77.15,28.177142857142858,10.991221,11.928429,11.128461,green
F003-073,F003,test,Batch 3,13,no,raised,no,damp,15,2025-05-21,13,0,0,0,2,15,83.76857142857143,89.67,26.266428571428573,10.794419,14.753714,11.259648,green
F003-074,F003,test,Batch 4,4,no,raised,no,unsure,30,2025-03-06,4,0,0,0,1,30,74.88714285714285,81.64,28.173571428571424,14.161606,12.977429,13.899667,red
F003-075,F003,test,Batch 5,3,no,raised,yes,damp,2,2025-05-05,3,0,0,1,2,2,78.90142857142858,85.86,27.353571428571428,13.801318,13.780286,13.80097,red
F003-076,F003,test,Batch 6,13,yes,raised,no,dry,1,2025-02-04,13,1,0,0,0,1,70.09071428571428,80.0,27.528571428571432,11.598183,12.018143,11.601668,green
F003-077,F003,test,Batch 7,11,no,raised,no,damp,40,2025-06-09,11,0,0,0,2,40,84.09,90.36,24.682857142857138,10.736897,14.818,11.893762,green
F003-078,F003,test,Batch 8,8,yes,raised,yes,unsure,92,2025-05-17,8,1,0,1,1,92,83.31285714285715,87.52,24.79928571428572,13.241167,14.662571,14.002245,red
F003-079,F003,test,Batch 9,10,yes,raised,no,dry,54,2025-02-06,10,1,0,0,0,54,73.75142857142859,81.64,28.114285714285717,11.51974,12.750286,11.965655,green
F003-080,F003,test,Batch 10,17,no,raised,yes,damp,167,2025-06-21,17,0,0,1,2,167,81.12357142857142,88.91,26.405714285714286,10.240932,14.224714,13.234105,red
F004-001,F004,train,Batch 1,10,yes,raised,no,dry,97,2024-10-25,10,1,0,0,0,97,66.90071428571429,80.0,27.23142857142857,12.652344,11.380143,11.947036,green
F004-002,F004,train,Batch 2,12,yes,raised,no,damp,117,2024-10-24,12,1,0,0,2,117,70.67642857142856,77.15,28.27285714285714,14.050806,12.135286,12.857805,amber
F004-003,F004,train,Batch 3,6,yes,floor,yes,unsure,130,2025-03-15,6,1,1,1,1,130,82.88642857142858,85.73,24.794999999999998,16.107209,15.577286,15.756646,red
F004-004,F004,train,Batch 4,2,no,floor,yes,unsure,43,2025-06-28,2,0,1,1,1,43,81.61642857142859,87.52,25.32571428571428,16.697372,15.323286,16.283552,red
F004-005,F004,train,Batch 5,16,no,raised,no,dry,59,2025-02-17,16,0,0,0,0,59,74.14642857142856,78.56,28.33714285714286,11.236471,12.829286,11.85511,green
F004-006,F004,train,Batch 6,9,no,floor,yes,damp,149,2025-07-14,9,0,1,1,2,149,82.76428571428572,88.91,26.20214285714286,12.796326,15.552857,14.756489,red
F004-007,F004,train,Batch 7,11,no,raised,no,dry,134,2025-02-05,11,0,0,0,0,134,86.32285714285715,90.66,25.67285714285714,12.020932,15.264571,14.202704,red
F004-008,F004,train,Batch 8,19,no,raised,no,unsure,178,2024-07-26,19,0,0,0,1,178,60.44642857142857,71.7,26.49785714285714,10.723196,10.089286,10.233107,green
F004-009,F004,train,Batch 9,10,no,floor,yes,damp,174,2024-07-20,10,0,1,1,2,174,71.40142857142855,77.39,27.400714285714287,10.371536,13.280286,12.597979,amber
F004-010,F004,train,Batch 10,6,no,raised,no,damp,94,2024-11-28,6,0,0,0,2,94,69.65928571428572,78.51,28.177142857142854,12.896544,11.931857,12.372604,amber
F004-011,F004,train,Batch 1,5,yes,raised,yes,unsure,17,2025-03-20,5,1,0,1,1,17,75.43071428571427,81.64,28.13,14.281538,13.086143,14.123639,red
F004-012,F004,train,Batch 2,14,no,floor,no,dry,28,2025-04-06,14,0,1,0,0,28,78.09857142857143,85.86,27.517857142857142,11.288828,14.619714,11.98202,green
F004-013,F004,train,Batch 3,10,no,raised,yes,unsure,107,2025-03-14,10,0,0,1,1,107,86.98571428571428,90.66,25.385,11.699055,15.397143,13.881031,red
F004-014,F004,train,Batch 4,14,no,raised,no,unsure,119,2024-10-30,14,0,0,0,1,119,70.72571428571429,78.51,27.957142857142856,10.812461,12.145143,11.650774,green
F004-015,F004,train,Batch 5,16,no,raised,no,dry,143,2024-10-08,16,0,0,0,0,143,69.475,78.51,28.14642857142857,11.192883,11.895,11.681757,green
F004-016,F004,train,Batch 6,14,no,raised,no,unsure,54,2025-06-19,14,0,0,0,1,54,82.35928571428572,87.52,25.172857142857143,11.905304,14.471857,12.835351,amber
F004-017,F004,train,Batch 7,16,no,floor,yes,damp,148,2025-03-05,16,0,1,1,2,148,81.15499999999999,85.66,25.083571428571425,11.226294,15.231,14.064349,red
F004-018,F004,train,Batch 8,15,yes,raised,no,damp,66,2024-11-14,15,1,0,0,2,66,60.872857142857136,71.7,26.470714285714283,13.471532,10.174571,12.076752,amber
F004-019,F004,train,Batch 9,13,no,raised,no,unsure,54,2024-12-11,13,0,0,0,1,54,72.24571428571429,80.0,27.539285714285715,11.275175,12.449143,11.700588,green
F004-020,F004,train,Batch 10,13,no,floor,no,dry,87,2024-11-13,13,0,1,0,0,87,69.68,78.23,27.772142857142853,10.411539,12.936,11.713342,green
F004-021,F004,train,Batch 1,7,yes,raised,yes,unsure,21,2025-06-09,7,1,0,1,1,21,87.03571428571426,90.66,25.40071428571429,14.967394,15.407143,15.037993,red
F004-022,F004,train,Batch 2,12,yes,floor,no,dry,60,2024-11-22,12,1,1,0,0,60,60.18857142857142,71.7,26.484999999999996,12.261361,11.037714,11.779894,green
F004-023,F004,train,Batch 3,8,no,raised,yes,damp,9,2025-06-23,8,0,0,1,2,9,86.20571428571428,89.75,25.45,12.373255,15.241143,12.580479,amber
F004-024,F004,train,Batch 4,11,no,floor,yes,damp,159,2024-12-21,11,0,1,1,2,159,83.82428571428571,89.67,26.346428571428568,10.357717,15.764857,14.327623,red
F004-025,F004,train,Batch 5,11,no,raised,no,damp,39,2025-05-10,11,0,0,0,2,39,85.98428571428573,90.66,25.713571428571424,12.174349,15.196857,13.013012,red
F004-026,F004,train,Batch 6,8,no,raised,no,damp,8,2025-04-24,8,0,0,0,2,8,77.74571428571429,85.86,27.639285714285712,11.388555,13.549143,11.527898,green
F004-027,F004,train,Batch 7,14,no,floor,no,damp,38,2025-06-02,14,0,1,0,2,38,86.46428571428571,90.36,24.877857142857145,11.857006,16.292857,13.061013,red
F004-028,F004,train,Batch 8,15,no,raised,no,dry,35,2024-11-30,15,0,0,0,0,35,75.20214285714285,81.58,27.287857142857142,11.487599,13.040429,11.880438,green
F004-029,F004,train,Batch 9,12,no,raised,no,damp,49,2025-02-12,12,0,0,0,2,49,73.98642857142856,81.64,28.128571428571426,12.891794,12.797286,12.860111,amber
F004-030,F004,train,Batch 10,7,no,raised,no,damp,10,2025-04-14,7,0,0,0,2,10,75.46785714285714,82.23,28.179285714285708,12.083873,13.093571,12.164604,amber
F004-031,F004,train,Batch 1,16,no,raised,yes,unsure,94,2025-09-22,16,0,0,1,1,94,77.88071428571429,84.53,26.353571428571428,11.416501,13.576143,12.589445,amber
F004-032,F004,train,Batch 2,13,no,floor,yes,damp,34,2025-04-19,13,0,1,1,2,34,82.25357142857145,88.87,26.704999999999995,12.142612,15.450714,12.958824,amber
F004-033,F004,train,Batch 3,9,no,raised,yes,unsure,43,2025-07-10,9,0,0,1,1,43,81.94500000000001,84.22,24.768571428571427,12.762607,14.389,13.252411,red
F004-034,F004,train,Batch 4,14,no,floor,no,damp,165,2024-08-17,14,0,1,0,2,165,66.50928571428572,80.0,27.219285714285714,12.105929,12.301857,12.252319,amber
F004-035,F004,train,Batch 5,4,no,raised,no,unsure,162,2024-08-12,4,0,0,0,1,162,60.18857142857142,71.7,26.484999999999996,15.506078,10.037714,11.455334,green
F004-036,F004,train,Batch 6,11,no,floor,no,damp,96,2024-10-09,11,0,1,0,2,96,66.08428571428571,75.51,26.992142857142856,12.372893,12.216857,12.286969,amber
F004-037,F004,train,Batch 7,6,no,raised,yes,damp,29,2025-02-20,6,0,0,1,2,29,74.48857142857143,78.24,28.12714285714286,12.855201,12.897714,12.864328,amber
F004-038,F004,train,Batch 8,15,no,raised,no,damp,118,2024-10-07,15,0,0,0,2,118,71.74285714285713,80.0,27.467142857142854,11.962194,12.348571,12.204042,amber
F004-039,F004,train,Batch 9,13,yes,floor,yes,dry,126,2025-03-14,13,1,1,1,0,126,84.62285714285714,90.36,24.603571428571424,14.078116,15.924571,15.278427,red
F004-040,F004,train,Batch 10,4,yes,raised,yes,damp,159,2025-01-03,4,1,0,1,2,159,84.24571428571429,88.69,26.153571428571418,15.016176,14.849143,14.893541,red
F004-041,F004,train,Batch 1,12,no,raised,no,unsure,115,2025-08-12,12,0,0,0,1,115,81.12357142857142,88.91,26.405714285714286,10.471586,14.224714,12.785271,amber
F004-042,F004,train,Batch 2,11,no,raised,yes,unsure,164,2025-07-03,11,0,0,1,1,164,83.49214285714287,88.91,25.952142857142857,11.508436,14.698429,13.885123,red
F004-043,F004,train,Batch 3,16,no,raised,no,damp,107,2025-02-27,16,0,0,0,2,107,85.29999999999998,88.69,26.00357142857143,10.649787,15.06,13.251937,red
F004-044,F004,train,Batch 4,14,no,floor,no,unsure,36,2025-07-26,14,0,1,0,1,36,78.31714285714284,83.94,25.267857142857142,12.197897,14.663429,12.836918,amber
F004-045,F004,train,Batch 5,17,no,raised,no,damp,144,2024-12-03,17,0,0,0,2,144,76.11357142857142,85.7,28.143571428571427,11.649588,13.222714,12.748898,amber
F004-046,F004,train,Batch 6,9,no,floor,yes,damp,180,2025-01-10,9,0,1,1,2,180,86.75142857142858,90.36,24.902857142857147,12.282711,16.350286,15.442687,red
F004-047,F004,train,Batch 7,8,no,floor,yes,damp,122,2025-01-04,8,0,1,1,2,122,79.15428571428572,85.86,27.290714285714284,12.483095,14.830857,13.981439,red
F004-048,F004,train,Batch 8,5,no,raised,no,damp,116,2024-12-20,5,0,0,0,2,116,73.90571428571427,77.92,28.40928571428572,14.34215,12.781143,13.37487,red
F004-049,F004,train,Batch 9,13,no,raised,no,damp,12,2025-05-05,13,0,0,0,2,12,80.43428571428569,87.53,27.237142857142857,11.849553,14.086857,12.062461,amber
F004-050,F004,train,Batch 10,12,no,floor,yes,damp,174,2024-10-05,12,0,1,1,2,174,73.63142857142857,81.64,28.07000000000001,10.993356,13.726286,13.085222,red
F004-051,F004,train,Batch 1,16,no,raised,no,unsure,5,2025-06-07,16,0,0,0,1,5,84.30071428571429,88.69,26.17071428571428,11.78647,14.860143,11.911908,green
F004-052,F004,train,Batch 2,11,no,raised,no,dry,32,2025-04-15,11,0,0,0,0,32,80.43428571428569,87.53,27.237142857142857,10.974496,14.086857,11.703011,green
F004-053,F004,train,Batch 3,14,no,floor,yes,damp,93,2025-02-03,14,0,1,1,2,93,78.90142857142858,85.86,27.353571428571428,11.542206,14.780286,13.28849,red
F004-054,F004,train,Batch 4,11,yes,raised,no,damp,42,2025-04-30,11,1,0,0,2,42,84.24571428571429,88.69,26.153571428571418,11.175415,14.849143,12.260311,amber
F004-055,F004,train,Batch 5,18,yes,floor,yes,unsure,142,2025-02-03,18,1,1,1,1,142,86.83357142857143,90.66,25.43857142857143,12.404936,16.366714,15.153395,red
F004-056,F004,train,Batch 6,13,no,raised,yes,damp,102,2025-05-05,13,0,0,1,2,102,82.63,87.52,25.035,11.737971,14.526,13.334355,red
F004-057,F004,train,Batch 7,5,yes,raised,yes,damp,61,2024-11-25,5,1,0,1,2,61,62.06642857142857,80.0,26.784999999999997,15.599762,10.413286,13.532937,red
F004-058,F004,train,Batch 8,11,yes,raised,yes,damp,38,2025-01-02,11,1,0,1,2,38,69.97785714285715,78.23,27.793571428571422,13.381248,11.995571,13.005139,red
F004-059,F004,train,Batch 9,9,no,floor,no,unsure,131,2025-04-19,9,0,1,0,1,131,80.03499999999998,83.94,24.977142857142855,11.777754,15.007,13.923082,red
F004-060,F004,train,Batch 10,11,yes,raised,yes,damp,119,2025-01-03,11,1,0,1,2,119,77.74571428571429,85.86,27.639285714285712,11.882644,13.549143,12.930942,amber
F004-061,F004,train,Batch 1,8,no,floor,no,dry,142,2024-11-16,8,0,1,0,0,142,75.32785714285714,81.64,28.215714285714284,12.824391,14.065571,13.685452,red
F004-062,F004,train,Batch 2,6,no,floor,no,unsure,131,2025-01-11,6,0,1,0,1,131,81.90714285714286,87.53,26.756428571428568,14.189508,15.381429,14.981353,red
F004-063,F004,train,Batch 3,9,yes,raised,no,damp,100,2024-10-23,9,1,0,0,2,100,68.05357142857142,80.0,27.29357142857143,14.292551,11.610714,12.776236,amber
F004-064,F004,train,Batch 4,10,no,floor,yes,damp,98,2025-09-01,10,0,1,1,2,98,81.80071428571429,88.91,26.36357142857143,11.77013,15.360143,13.773708,red
F004-065,F004,train,Batch 5,4,no,floor,yes,damp,119,2025-04-22,4,0,1,1,2,119,82.92928571428571,87.52,24.719285714285714,14.569746,15.585857,15.208923,red
F004-066,F004,train,Batch 6,14,no,raised,no,damp,177,2024-08-30,14,0,0,0,2,177,73.31285714285715,78.51,28.01857142857143,12.045729,12.662571,12.521451,amber
F004-067,F004,train,Batch 7,8,no,raised,no,unsure,149,2025-08-02,8,0,0,0,1,149,76.38142857142859,81.58,26.70214285714286,11.89293,13.276286,12.876631,amber
F004-068,F004,train,Batch 8,10,yes,floor,no,damp,69,2025-10-11,10,1,1,0,2,69,80.28499999999998,85.68,26.07571428571429,14.308849,15.057,14.636012,red
F004-069,F004,train,Batch 9,16,no,raised,no,dry,7,2025-12-11,16,0,0,0,0,7,80.50214285714286,85.68,26.052142857142858,11.708694,14.100429,11.844221,green
F004-070,F004,train,Batch 10,8,no,raised,yes,dry,6,2025-06-01,8,0,0,1,0,6,83.22428571428573,88.69,26.26285714285714,12.956225,14.644857,13.03858,red
F004-071,F004,train,Batch 1,18,no,floor,yes,damp,138,2025-04-02,18,0,1,1,2,138,83.05071428571429,87.52,24.74428571428572,10.980782,15.610143,14.144317,red
F004-072,F004,train,Batch 2,6,no,raised,no,dry,26,2025-08-02,6,0,0,0,0,26,80.03499999999998,83.94,24.977142857142855,14.018229,14.007,14.016042,red
F004-073,F004,train,Batch 3,7,yes,raised,yes,damp,133,2024-10-22,7,1,0,1,2,133,70.14928571428571,78.51,28.16142857142857,14.396074,12.029857,12.810966,amber
F004-074,F004,train,Batch 4,6,no,floor,yes,unsure,144,2024-10-11,6,0,1,1,1,144,70.14928571428571,78.51,28.16142857142857,12.932757,13.029857,13.000611,red
F004-075,F004,train,Batch 5,6,no,raised,no,damp,15,2025-12-16,6,0,0,0,2,15,77.43214285714285,81.58,26.841428571428573,13.874881,13.486429,13.829237,red
F004-076,F004,train,Batch 6,17,no,raised,no,damp,107,2025-05-11,17,0,0,0,2,107,80.93928571428572,83.94,24.810000000000002,11.037024,14.187857,12.896104,amber
F004-077,F004,train,Batch 7,14,no,raised,no,unsure,58,2025-04-23,14,0,0,0,1,58,86.56071428571428,90.66,25.628571428571426,11.00141,15.312143,12.65361,amber
F004-078,F004,train,Batch 8,15,no,floor,no,unsure,116,2024-12-17,15,0,1,0,1,116,74.28428571428572,79.69,28.390000000000004,11.045057,13.856857,12.787393,amber
F004-079,F004,train,Batch 9,12,no,raised,no,damp,76,2025-01-10,12,0,0,0,2,76,73.88571428571429,81.64,28.015000000000004,11.800079,12.777143,12.258498,amber
F004-080,F004,train,Batch 10,9,no,raised,no,damp,176,2024-12-31,9,0,0,0,2,176,86.83357142857143,90.66,25.43857142857143,12.286651,15.366714,14.656165,red
F005-001,F005,validation,Batch 1,15,no,raised,no,dry,37,2025-02-09,15,0,0,0,0,37,74.94785714285715,78.24,28.134285714285717,11.154111,12.989571,11.641113,green
F005-002,F005,validation,Batch 2,10,yes,raised,no,damp,168,2024-08-21,10,1,0,0,2,168,70.09071428571428,80.0,27.528571428571432,13.185405,12.018143,12.305986,amber
F005-003,F005,validation,Batch 3,10,no,floor,no,damp,179,2025-07-02,10,0,1,0,2,179,76.70642857142857,81.94,26.624285714285715,11.175438,14.341286,13.628978,red
F005-004,F005,validation,Batch 4,9,no,floor,no,damp,109,2025-01-11,9,0,1,0,2,109,77.68714285714285,85.86,27.78928571428571,11.144309,14.537429,13.169338,red
F005-005,F005,validation,Batch 5,14,no,floor,no,damp,142,2024-11-25,14,0,1,0,2,142,74.27428571428572,78.56,28.309285714285718,10.819694,13.854857,12.92532,amber
F005-006,F005,validation,Batch 6,7,no,floor,no,damp,3,2025-02-26,7,0,1,0,2,3,69.66428571428571,78.51,28.151428571428568,12.876499,12.932857,12.877891,amber
F005-007,F005,validation,Batch 7,3,yes,raised,no,damp,166,2024-09-18,3,1,0,0,2,166,69.66214285714285,78.51,28.240000000000002,15.944669,11.932429,12.938463,amber
F005-008,F005,validation,Batch 8,21,no,raised,no,damp,88,2024-10-20,21,0,0,0,2,88,64.66071428571426,75.06,26.78357142857143,9.547389,10.932143,10.267038,green
F005-009,F005,validation,Batch 9,14,no,raised,no,damp,109,2025-02-09,14,0,0,0,2,109,83.82428571428571,89.67,26.346428571428568,9.714892,14.764857,12.728733,amber
F005-010,F005,validation,Batch 10,9,no,floor,no,unsure,5,2025-04-19,9,0,1,0,1,5,75.46785714285714,82.23,28.179285714285708,12.061421,14.093571,12.144354,amber
F005-011,F005,validation,Batch 1,10,no,raised,no,unsure,28,2025-05-15,10,0,0,0,1,28,84.30071428571429,88.69,26.17071428571428,10.129382,14.860143,11.113903,green
F005-012,F005,validation,Batch 2,11,no,raised,no,damp,146,2024-09-21,11,0,0,0,2,146,70.8442857142857,78.23,27.91,11.81746,12.168857,12.064768,amber
F005-013,F005,validation,Batch 3,5,no,raised,no,damp,97,2025-03-08,5,0,0,0,2,97,84.74428571428571,88.69,26.12928571428571,14.205035,14.948857,14.61741,red
F005-014,F005,validation,Batch 4,18,yes,raised,yes,damp,63,2025-10-28,18,1,0,1,2,63,76.82642857142856,81.58,26.73857142857143,12.10507,13.365286,12.619799,amber
F005-015,F005,validation,Batch 5,9,no,floor,yes,unsure,86,2025-05-27,9,0,1,1,1,86,82.48,87.52,24.687857142857144,12.54518,15.496,14.054886,red
F005-016,F005,validation,Batch 6,9,no,raised,no,unsure,66,2025-01-12,9,0,0,0,1,66,74.49142857142859,78.24,28.226428571428578,10.80023,12.898286,11.687813,green
F005-017,F005,validation,Batch 7,0,no,raised,yes,unsure,178,2024-08-05,0,0,0,1,1,178,66.90071428571429,80.0,27.23142857142857,14.633195,11.380143,12.118196,amber
F005-018,F005,validation,Batch 8,14,no,raised,no,dry,67,2024-10-28,14,0,0,0,0,67,75.87571428571428,81.58,27.164285714285718,10.606472,13.175143,11.705447,green
F005-019,F005,validation,Batch 9,10,no,raised,no,unsure,169,2024-08-19,10,0,0,0,1,169,71.35857142857142,80.0,27.529999999999998,11.464605,12.271714,12.074335,amber
F005-020,F005,validation,Batch 10,9,no,raised,no,damp,13,2025-07-01,9,0,0,0,2,13,85.99071428571429,90.36,24.598571428571432,11.993502,15.198143,12.322527,amber
F005-021,F005,validation,Batch 1,6,no,floor,no,damp,11,2025-04-06,6,0,1,0,2,11,74.14642857142856,78.56,28.33714285714286,12.018823,13.829286,12.177403,amber
F005-022,F005,validation,Batch 2,16,no,raised,no,dry,141,2024-09-14,16,0,0,0,0,141,71.74285714285713,80.0,27.467142857142854,11.147843,12.348571,11.977764,green
F005-023,F005,validation,Batch 3,19,no,raised,no,damp,27,2025-06-22,19,0,0,0,2,27,84.09,90.36,24.682857142857138,8.803621,14.818,10.015421,green
F005-024,F005,validation,Batch 4,11,no,floor,no,dry,22,2024-12-11,11,0,1,0,0,22,75.70357142857144,81.58,27.132857142857144,10.188057,14.140714,10.850164,green
F005-025,F005,validation,Batch 5,12,no,floor,yes,damp,128,2024-11-29,12,0,1,1,2,128,75.43071428571427,81.64,28.13,9.819873,14.086143,12.61789,amber
F005-026,F005,validation,Batch 6,12,no,raised,no,unsure,27,2025-05-04,12,0,0,0,1,27,83.37642857142858,89.67,26.362142857142857,10.249203,14.675286,11.140987,green
F005-027,F005,validation,Batch 7,4,yes,raised,no,damp,146,2024-10-12,4,1,0,0,2,146,69.60785714285714,78.51,28.26928571428571,15.488854,11.921571,12.978257,amber
F005-028,F005,validation,Batch 8,9,no,raised,no,damp,163,2024-07-30,9,0,0,0,2,163,72.47714285714285,81.58,27.456428571428567,11.1514,12.495429,12.149894,amber
F005-029,F005,validation,Batch 9,3,yes,raised,no,unsure,177,2024-10-13,3,1,0,0,1,177,75.32857142857142,81.64,28.277142857142852,16.056046,13.065714,13.749839,red
F005-030,F005,validation,Batch 10,14,no,raised,no,damp,47,2025-06-08,14,0,0,0,2,47,82.24642857142858,85.66,24.75714285714286,11.07421,14.449286,12.167973,amber
F005-031,F005,validation,Batch 1,8,yes,floor,no,unsure,38,2025-02-05,8,1,1,0,1,38,74.35285714285715,78.24,28.287857142857142,11.85641,13.870571,12.403107,amber
F005-032,F005,validation,Batch 2,10,no,floor,yes,damp,41,2025-05-26,10,0,1,1,2,41,86.22642857142857,90.2,25.14428571428572,10.784399,16.245286,12.364861,amber
F005-033,F005,validation,Batch 3,10,yes,floor,no,damp,48,2025-01-03,10,1,1,0,2,48,72.97857142857141,77.15,28.245,12.115532,13.595714,12.603519,amber
F005-034,F005,validation,Batch 4,17,no,floor,no,dry,28,2025-05-14,17,0,1,0,0,28,84.24571428571429,88.69,26.153571428571418,11.819845,15.849143,12.658384,amber
F005-035,F005,validation,Batch 5,11,no,raised,no,dry,103,2024-10-25,11,0,0,0,0,103,70.09071428571428,80.0,27.528571428571432,9.881416,12.018143,11.112453,green
F005-036,F005,validation,Batch 6,10,yes,raised,no,damp,75,2025-10-15,10,1,0,0,2,75,76.38142857142859,81.58,26.70214285714286,12.438028,13.276286,12.827599,amber
F005-037,F005,validation,Batch 7,5,no,raised,no,damp,93,2025-01-02,5,0,0,0,2,93,74.88714285714285,81.64,28.173571428571424,13.388884,12.977429,13.166988,red
F005-038,F005,validation,Batch 8,16,no,floor,no,damp,140,2024-11-22,16,0,1,0,2,140,74.09642857142858,79.69,28.462857142857143,10.166262,13.819286,12.681722,amber
F005-039,F005,validation,Batch 9,13,yes,raised,no,dry,24,2025-02-12,13,1,0,0,0,24,69.55714285714286,78.51,28.282142857142855,11.634653,11.911429,11.684824,green
F005-040,F005,validation,Batch 10,11,no,raised,yes,dry,49,2025-06-28,11,0,0,1,0,49,82.93428571428572,87.52,24.935000000000002,10.41169,14.586857,11.811384,green
F005-041,F005,validation,Batch 1,6,no,raised,no,damp,29,2024-12-06,6,0,0,0,2,29,75.20214285714285,81.58,27.287857142857142,14.166794,13.040429,13.924983,red
F005-042,F005,validation,Batch 2,16,yes,raised,yes,damp,135,2025-02-04,16,1,0,1,2,135,86.32285714285715,90.66,25.67285714285714,11.260749,15.264571,13.964721,red
F005-043,F005,validation,Batch 3,13,yes,raised,no,damp,83,2025-01-16,13,1,0,0,2,83,74.51214285714285,79.69,28.40285714285714,11.86926,12.902429,12.385079,amber
F005-044,F005,validation,Batch 4,6,no,raised,no,damp,30,2025-07-04,6,0,0,0,2,30,80.76571428571428,85.66,25.272142857142853,13.550642,14.153143,13.683915,red
F005-045,F005,validation,Batch 5,13,no,raised,no,unsure,44,2025-01-03,13,0,0,0,1,44,69.64214285714284,77.15,28.177142857142858,10.163405,11.928429,10.705195,green
F005-046,F005,validation,Batch 6,6,no,floor,yes,unsure,86,2025-02-01,6,0,1,1,1,86,76.85357142857143,85.86,27.990000000000002,12.940757,14.370714,13.672355,red
F005-047,F005,validation,Batch 7,13,no,raised,no,dry,146,2024-09-24,13,0,0,0,0,146,69.72714285714285,77.15,28.16571428571429,11.422425,11.945429,11.790507,green
F005-048,F005,validation,Batch 8,3,no,floor,yes,damp,78,2025-06-06,3,0,1,1,2,78,81.78142857142856,84.22,24.79785714285714,15.363492,15.356286,15.360048,red
F005-049,F005,validation,Batch 9,14,no,raised,no,dry,169,2024-09-13,14,0,0,0,0,169,69.66428571428571,78.51,28.151428571428568,10.754675,11.932857,11.644732,green
F005-050,F005,validation,Batch 10,13,no,floor,no,damp,43,2025-06-02,13,0,1,0,2,43,85.73071428571428,90.36,24.577857142857145,9.386025,16.146143,11.421902,green
F005-051,F005,validation,Batch 1,7,no,raised,yes,damp,73,2025-05-30,7,0,0,1,2,73,81.88428571428572,87.52,25.292857142857137,13.126004,14.376857,13.696071,red
F005-052,F005,validation,Batch 2,7,no,raised,yes,unsure,73,2024-12-09,7,0,0,1,1,73,72.97857142857141,77.15,28.245,13.552912,12.595714,13.116676,red
F005-053,F005,validation,Batch 3,0,no,raised,yes,unsure,122,2024-12-29,0,0,0,1,1,122,77.68714285714285,85.86,27.78928571428571,15.996465,13.537429,14.427105,red
F005-054,F005,validation,Batch 4,7,yes,floor,yes,damp,141,2025-01-07,7,1,1,1,2,141,83.45642857142856,89.67,26.444999999999993,13.433431,15.691286,14.994017,red
F005-055,F005,validation,Batch 5,13,no,raised,yes,damp,133,2025-08-06,13,0,0,1,2,133,81.22214285714287,88.91,25.97857142857143,10.858475,14.244429,13.126696,red
F005-056,F005,validation,Batch 6,14,no,raised,no,dry,152,2024-08-30,14,0,0,0,0,152,66.50928571428572,80.0,27.219285714285714,9.898116,11.301857,10.906326,green
F005-057,F005,validation,Batch 7,7,no,raised,no,dry,125,2024-10-02,7,0,0,0,0,125,71.35857142857142,80.0,27.529999999999998,11.126989,12.271714,11.867779,green
F005-058,F005,validation,Batch 8,10,no,raised,no,dry,54,2025-01-20,10,0,0,0,0,54,74.35285714285715,78.24,28.287857142857142,11.045144,12.870571,11.706628,green
F005-059,F005,validation,Batch 9,12,no,raised,yes,damp,180,2024-11-27,12,0,0,1,2,180,83.72357142857142,89.67,26.41928571428571,10.690806,14.744714,13.840165,red
F005-060,F005,validation,Batch 10,11,no,floor,no,damp,166,2024-08-28,11,0,1,0,2,166,70.24214285714285,78.23,27.80785714285714,10.238547,13.048429,12.343875,amber
F005-061,F005,validation,Batch 1,5,no,raised,no,unsure,73,2025-09-28,5,0,0,0,1,73,82.76428571428572,88.91,26.20214285714286,13.27671,14.552857,13.858305,red
F005-062,F005,validation,Batch 2,12,no,floor,no,damp,21,2025-06-21,12,0,1,0,2,21,86.38214285714287,90.36,24.812857142857144,11.761957,16.276429,12.486724,amber
F005-063,F005,validation,Batch 3,13,no,raised,no,dry,44,2025-02-01,13,0,0,0,0,44,75.175,78.24,28.174999999999994,10.60317,13.035,11.349643,green
F005-064,F005,validation,Batch 4,5,no,raised,no,damp,12,2025-04-16,5,0,0,0,2,12,76.85357142857143,85.86,27.990000000000002,12.656026,13.370714,12.724037,amber
F005-065,F005,validation,Batch 5,9,no,raised,yes,dry,28,2025-07-19,9,0,0,1,0,28,82.93428571428572,87.52,24.935000000000002,10.359476,14.586857,11.239238,green
F005-066,F005,validation,Batch 6,2,no,raised,yes,dry,37,2025-11-15,2,0,0,1,0,37,79.21000000000001,84.53,26.11428571428571,15.949229,13.842,15.390119,red
F005-067,F005,validation,Batch 7,10,yes,raised,yes,unsure,116,2025-04-18,10,1,0,1,1,116,82.35928571428572,87.52,25.172857142857143,12.891962,14.471857,13.870946,red
F005-068,F005,validation,Batch 8,8,no,floor,no,unsure,9,2025-07-07,8,0,1,0,1,9,85.62071428571429,90.36,24.57571428571428,12.441642,16.124143,12.707727,amber
F005-069,F005,validation,Batch 9,22,no,floor,no,damp,67,2025-10-05,22,0,1,0,2,67,82.97428571428573,88.91,26.115000000000002,10.413371,15.594857,12.630208,amber
F005-070,F005,validation,Batch 10,8,no,raised,no,damp,166,2024-09-29,8,0,0,0,2,166,73.81714285714285,78.24,28.365000000000002,11.322457,12.763429,12.402117,amber
F005-071,F005,validation,Batch 1,10,no,floor,no,unsure,12,2025-01-21,10,0,1,0,1,12,71.74285714285713,80.0,27.467142857142854,11.5045,13.348571,11.679987,green
F005-072,F005,validation,Batch 2,19,no,raised,no,dry,42,2025-01-10,19,0,0,0,0,42,72.98214285714285,77.15,28.216428571428573,9.456219,12.596429,10.38356,green
F005-073,F005,validation,Batch 3,15,no,raised,no,damp,118,2024-09-13,15,0,0,0,2,118,72.47714285714285,81.58,27.456428571428567,10.409305,12.495429,11.715089,green
F005-074,F005,validation,Batch 4,6,no,raised,no,damp,79,2025-05-07,6,0,0,0,2,79,82.24642857142858,85.66,24.75714285714286,13.616558,14.449286,14.018171,red
F005-075,F005,validation,Batch 5,8,yes,floor,yes,damp,144,2025-01-20,8,1,1,1,2,144,84.74428571428571,88.69,26.12928571428571,13.956717,15.948857,15.348836,red
F005-076,F005,validation,Batch 6,16,no,raised,yes,damp,152,2025-01-06,16,0,0,1,2,152,83.22428571428573,88.69,26.26285714285714,10.388404,14.644857,13.445519,red
F005-077,F005,validation,Batch 7,11,no,floor,no,damp,15,2025-12-10,11,0,1,0,2,15,77.88071428571429,84.53,26.353571428571428,11.641847,14.576143,11.986636,green
F005-078,F005,validation,Batch 8,12,no,raised,no,unsure,82,2024-12-07,12,0,0,0,1,82,70.21714285714285,78.51,28.01071428571428,11.181761,12.043429,11.608346,green
F005-079,F005,validation,Batch 9,10,no,raised,no,damp,39,2025-04-25,10,0,0,0,2,39,83.73142857142857,89.67,26.414285714285715,10.223802,14.746286,11.478668,green
F005-080,F005,validation,Batch 10,15,no,floor,yes,dry,130,2024-12-05,15,0,1,1,0,130,73.76428571428572,77.92,28.446428571428577,10.495805,13.752857,12.650458,amber
F006-001,F006,train,Batch 1,18,no,raised,no,damp,175,2024-08-10,18,0,0,0,2,175,70.035,80.0,27.38071428571428,10.579026,12.007,11.67482,green
F006-002,F006,train,Batch 2,12,no,raised,yes,unsure,7,2025-02-26,12,0,0,1,1,7,70.12214285714286,78.51,28.145714285714288,9.818484,12.024429,9.943483,green
F006-003,F006,train,Batch 3,11,no,floor,no,dry,6,2024-12-26,11,0,1,0,0,6,76.62857142857142,81.58,26.99285714285714,11.799576,14.325714,11.922777,green
F006-004,F006,train,Batch 4,14,no,raised,no,dry,10,2025-03-02,14,0,0,0,0,10,72.135,77.97,28.569285714285716,9.735721,12.427,9.950904,green
F006-005,F006,train,Batch 5,14,no,floor,yes,unsure,40,2025-10-25,14,0,1,1,1,40,81.07714285714287,88.91,26.435714285714283,11.265192,15.215429,12.38496,amber
F006-006,F006,train,Batch 6,21,no,raised,yes,damp,127,2025-01-23,21,0,0,1,2,127,83.83642857142857,89.67,26.28714285714286,10.51628,14.767286,13.292043,red
F006-007,F006,train,Batch 7,16,no,raised,yes,unsure,97,2025-05-12,16,0,0,1,1,97,83.31285714285715,87.52,24.79928571428572,11.60219,14.662571,13.298865,red
F006-008,F006,train,Batch 8,4,no,floor,yes,damp,151,2025-07-10,4,0,1,1,2,151,81.80071428571429,88.91,26.36357142857143,13.750627,15.360143,14.902836,red
F006-009,F006,train,Batch 9,12,yes,raised,no,damp,108,2025-05-03,12,1,0,0,2,108,82.92928571428571,87.52,24.719285714285714,11.134388,14.585857,13.182594,red
F006-010,F006,train,Batch 10,11,no,floor,no,unsure,54,2025-03-24,11,0,1,0,1,54,80.43428571428569,87.53,27.237142857142857,10.73411,15.086857,12.311423,amber
F006-011,F006,train,Batch 1,15,no,raised,no,dry,177,2024-08-01,15,0,0,0,0,177,62.06642857142857,80.0,26.784999999999997,11.001415,10.413286,10.547837,green
F006-012,F006,train,Batch 2,20,no,raised,no,dry,111,2024-10-19,20,0,0,0,0,111,69.6592857142857,78.23,27.688571428571425,11.187802,11.931857,11.636816,green
F006-013,F006,train,Batch 3,6,no,floor,no,damp,19,2024-12-25,6,0,1,0,2,19,66.08428571428571,75.51,26.992142857142856,13.018112,12.216857,12.90078,amber
F006-014,F006,train,Batch 4,24,no,raised,no,dry,174,2024-07-30,24,0,0,0,0,174,60.44642857142857,71.7,26.49785714285714,10.081903,10.089286,10.087554,green
F006-015,F006,train,Batch 5,4,no,floor,no,damp,43,2025-10-23,4,0,1,0,2,43,81.12357142857142,88.91,26.405714285714286,13.561823,15.224714,14.062619,red
F006-016,F006,train,Batch 6,14,no,raised,yes,damp,126,2025-03-21,14,0,0,1,2,126,82.24642857142858,85.66,24.75714285714286,11.840576,14.449286,13.5364,red
F006-017,F006,train,Batch 7,11,no,floor,no,dry,5,2025-03-23,11,0,1,0,0,5,73.63142857142857,81.64,28.07000000000001,10.459949,13.726286,10.59325,green
F006-018,F006,train,Batch 8,5,no,floor,no,damp,163,2024-08-21,5,0,1,0,2,163,68.05357142857142,80.0,27.29357142857143,14.012602,12.610714,12.971124,amber
F006-019,F006,train,Batch 9,22,yes,raised,no,damp,78,2024-11-21,22,1,0,0,2,78,69.6592857142857,78.23,27.688571428571425,12.793805,11.931857,12.381833,amber
F006-020,F006,train,Batch 10,11,no,raised,no,damp,144,2025-01-06,11,0,0,0,2,144,83.83642857142857,89.67,26.28714285714286,10.916174,14.767286,13.607353,red
F006-021,F006,train,Batch 1,10,no,raised,no,damp,93,2025-04-21,10,0,0,0,2,93,82.88642857142858,85.73,24.794999999999998,11.250862,14.577286,13.04479,red
F006-022,F006,train,Batch 2,11,no,raised,yes,unsure,161,2025-03-16,11,0,0,1,1,161,81.38214285714285,84.22,24.82214285714286,9.771024,14.276429,13.098673,red
F006-023,F006,train,Batch 3,13,no,floor,no,unsure,52,2025-07-02,13,0,1,0,1,52,81.78142857142856,84.22,24.79785714285714,11.700465,15.356286,12.986055,amber
F006-024,F006,train,Batch 4,16,no,floor,no,damp,91,2025-09-28,16,0,1,0,2,91,76.70642857142857,81.94,26.624285714285715,10.536081,14.341286,12.558751,amber
F006-025,F006,train,Batch 5,5,no,raised,no,damp,7,2025-03-31,5,0,0,0,2,7,75.32785714285714,81.64,28.215714285714284,11.978273,13.065571,12.039884,amber
F006-026,F006,train,Batch 6,13,no,raised,no,dry,69,2025-01-12,13,0,0,0,0,69,74.04142857142858,78.24,28.189285714285717,11.324154,12.808286,11.973157,green
F006-027,F006,train,Batch 7,16,no,raised,yes,damp,92,2025-05-04,16,0,0,1,2,92,80.98571428571428,85.66,25.265000000000004,11.913602,14.197143,13.136303,red
F006-028,F006,train,Batch 8,10,no,raised,no,damp,153,2024-11-24,10,0,0,0,2,153,76.11357142857142,85.7,28.143571428571427,11.314023,13.222714,12.689367,amber
F006-029,F006,train,Batch 9,12,yes,floor,yes,damp,76,2025-06-15,12,1,1,1,2,76,79.12071428571427,83.94,25.159285714285716,12.666424,14.824143,13.678784,red
F006-030,F006,train,Batch 10,14,yes,raised,yes,damp,105,2025-04-17,14,1,0,1,2,105,81.15499999999999,85.66,25.083571428571425,12.786221,14.231,13.628727,red
F006-031,F006,train,Batch 1,8,no,raised,no,damp,49,2025-02-20,8,0,0,0,2,49,73.99785714285713,79.69,28.497142857142855,13.268105,12.799571,13.111032,red
F006-032,F006,train,Batch 2,6,yes,raised,yes,damp,168,2025-01-26,6,1,0,1,2,168,86.26642857142859,90.36,24.694285714285716,14.214463,15.253286,14.997115,red
F006-033,F006,train,Batch 3,9,no,raised,no,unsure,57,2024-12-15,9,0,0,0,1,57,70.24214285714285,78.23,27.80785714285714,11.599055,12.048429,11.76897,green
F006-034,F006,train,Batch 4,2,no,raised,yes,unsure,148,2025-01-19,2,0,0,1,1,148,85.54642857142858,88.69,25.76142857142857,15.718947,15.109286,15.286892,red
F006-035,F006,train,Batch 5,6,no,floor,yes,damp,110,2024-10-07,6,0,1,1,2,110,62.06642857142857,80.0,26.784999999999997,13.930765,11.413286,12.419899,amber
F006-036,F006,train,Batch 6,11,yes,raised,yes,damp,170,2025-02-04,11,1,0,1,2,170,82.66142857142857,85.66,24.782857142857143,13.506829,14.532286,14.283591,red
F006-037,F006,train,Batch 7,5,no,floor,no,damp,135,2025-01-02,5,0,1,0,2,135,80.43428571428569,87.53,27.237142857142857,12.816011,15.086857,14.349621,red
F006-038,F006,train,Batch 8,20,no,raised,no,damp,165,2024-10-30,20,0,0,0,2,165,74.16142857142857,79.69,28.390000000000008,11.750908,12.832286,12.558871,amber
F006-039,F006,train,Batch 9,12,no,floor,no,damp,108,2024-10-08,12,0,1,0,2,108,60.544285714285714,80.0,26.613571428571426,11.509986,11.108857,11.271944,green
F006-040,F006,train,Batch 10,15,no,raised,no,dry,10,2025-06-23,15,0,0,0,0,10,86.1857142857143,89.75,25.416428571428572,9.544499,15.237143,9.999658,green
F006-041,F006,train,Batch 1,8,yes,raised,no,unsure,20,2025-01-23,8,1,0,0,1,20,70.62928571428571,78.23,27.86357142857143,14.023547,12.125857,13.732217,red
F006-042,F006,train,Batch 2,14,yes,raised,no,damp,104,2025-05-14,14,1,0,0,2,104,80.93928571428572,83.94,24.810000000000002,13.476658,14.187857,13.888904,red
F006-043,F006,train,Batch 3,9,no,raised,no,damp,36,2025-06-23,9,0,0,0,2,36,81.26071428571427,85.66,25.032142857142862,11.5595,14.252143,12.257384,amber
F006-044,F006,train,Batch 4,12,no,floor,yes,damp,96,2024-11-20,12,0,1,1,2,96,72.81714285714285,78.51,28.025000000000002,10.231185,13.563429,12.066155,amber
F006-045,F006,train,Batch 5,12,no,raised,no,damp,152,2025-02-07,12,0,0,0,2,152,86.75142857142858,90.36,24.902857142857147,11.891999,15.350286,14.375847,red
F006-046,F006,train,Batch 6,15,no,floor,no,unsure,121,2024-09-08,15,0,1,0,1,121,73.03285714285713,81.58,27.448571428571427,11.753782,13.606571,12.930625,amber
F006-047,F006,train,Batch 7,13,yes,raised,no,damp,115,2024-12-06,13,1,0,0,2,115,73.74642857142858,81.64,28.010714285714283,13.572896,12.749286,13.065166,red
F006-048,F006,train,Batch 8,16,no,floor,yes,damp,179,2024-09-17,16,0,1,1,2,179,74.35285714285715,78.24,28.287857142857142,10.421742,13.870571,13.094594,red
F006-049,F006,train,Batch 9,11,yes,floor,no,dry,10,2025-01-28,11,1,1,0,0,10,69.6592857142857,78.23,27.688571428571425,11.17062,12.931857,11.311441,green
F006-050,F006,train,Batch 10,15,yes,floor,no,damp,152,2024-10-28,15,1,1,0,2,152,73.40714285714284,81.64,28.105000000000008,11.905077,13.681429,13.180907,red
F006-051,F006,train,Batch 1,16,yes,raised,no,dry,44,2024-12-08,16,1,0,0,0,44,60.18857142857142,71.7,26.484999999999996,11.374687,10.037714,10.96429,green
F006-052,F006,train,Batch 2,12,no,raised,no,dry,11,2025-04-20,12,0,0,0,0,11,77.765,85.86,27.712142857142855,10.873343,13.553,11.108056,green
F006-053,F006,train,Batch 3,3,no,floor,yes,damp,176,2024-08-25,3,0,1,1,2,176,69.72714285714285,77.15,28.16571428571429,15.526008,12.945429,13.540751,red
F006-054,F006,train,Batch 4,7,no,raised,no,damp,144,2025-08-08,7,0,0,0,2,144,76.82642857142856,81.58,26.73857142857143,11.317874,13.365286,12.748617,amber
F006-055,F006,train,Batch 5,10,no,raised,no,dry,0,2025-01-30,10,0,0,0,0,0,66.90071428571429,80.0,27.23142857142857,11.587129,11.380143,11.587129,green
F006-056,F006,train,Batch 6,15,no,raised,no,damp,112,2025-04-26,15,0,0,0,2,112,82.93428571428572,87.52,24.935000000000002,10.680384,14.586857,13.050673,red
F006-057,F006,train,Batch 7,14,yes,raised,no,dry,2,2025-08-06,14,1,0,0,0,2,81.1557142857143,87.52,25.33142857142857,11.842322,14.231143,11.881806,green
F006-058,F006,train,Batch 8,14,yes,floor,no,damp,150,2025-02-15,14,1,1,0,2,150,85.73071428571428,90.36,24.577857142857145,13.956914,16.146143,15.518918,red
F006-059,F006,train,Batch 9,4,no,floor,no,unsure,47,2025-03-21,4,0,1,0,1,47,78.90142857142858,85.86,27.353571428571428,13.670672,14.780286,14.030265,red
F006-060,F006,train,Batch 10,7,no,raised,no,unsure,161,2024-10-20,7,0,0,0,1,161,73.37142857142855,81.64,28.087857142857143,12.048327,12.674286,12.510654,amber
F006-061,F006,train,Batch 1,5,no,raised,no,damp,60,2025-02-20,5,0,0,0,2,60,74.545,79.17,28.274285714285718,13.224192,12.909,13.100174,red
F006-062,F006,train,Batch 2,15,no,raised,no,damp,10,2025-04-27,15,0,0,0,2,10,78.90142857142858,85.86,27.353571428571428,11.904545,13.780286,12.054521,amber
F006-063,F006,train,Batch 3,12,no,raised,no,unsure,50,2025-03-27,12,0,0,0,1,50,80.00642857142854,87.53,27.298571428571428,11.499286,14.001286,12.351866,amber
F006-064,F006,train,Batch 4,18,no,raised,no,unsure,133,2025-02-02,18,0,0,0,1,133,85.49428571428571,88.69,25.845714285714283,11.242415,15.098857,13.825812,red
F006-065,F006,train,Batch 5,17,no,raised,yes,damp,177,2024-10-24,17,0,0,1,2,177,74.75500000000001,79.17,28.256428571428575,10.990118,12.951,12.502392,amber
F006-066,F006,train,Batch 6,11,no,floor,no,dry,9,2025-03-05,11,0,1,0,0,9,73.81714285714285,78.24,28.365000000000002,10.958193,13.763429,11.16089,green
F006-067,F006,train,Batch 7,6,yes,raised,yes,damp,10,2025-07-20,6,1,0,1,2,10,81.2042857142857,85.66,25.041428571428575,15.192202,14.240857,15.116136,red
F006-068,F006,train,Batch 8,10,no,raised,no,dry,92,2025-01-11,10,0,0,0,0,92,74.16142857142857,79.69,28.390000000000008,12.405577,12.832286,12.634054,amber
F006-069,F006,train,Batch 9,7,no,floor,no,damp,118,2025-04-01,7,0,1,0,2,118,81.43357142857143,85.66,24.945,12.858661,15.286714,14.378471,red
F006-070,F006,train,Batch 10,7,no,raised,yes,damp,126,2024-12-15,7,0,0,1,2,126,74.66,79.17,28.26928571428571,12.114369,12.932,12.64588,amber
F006-071,F006,train,Batch 1,4,no,raised,no,damp,93,2024-11-22,4,0,0,0,2,93,73.31285714285715,78.51,28.01857142857143,12.106579,12.662571,12.406424,amber
F006-072,F006,train,Batch 2,8,no,floor,yes,damp,73,2025-10-05,8,0,1,1,2,73,81.22214285714287,88.91,25.97857142857143,10.667493,15.244429,12.753398,amber
F006-073,F006,train,Batch 3,4,no,floor,no,unsure,172,2024-10-04,4,0,1,0,1,172,73.55357142857144,78.24,28.14071428571429,14.794617,13.710714,13.969239,red
F006-074,F006,train,Batch 4,8,no,floor,yes,dry,39,2025-11-02,8,0,1,1,0,39,82.97428571428573,88.91,26.115000000000002,12.056268,15.594857,13.03813,red
F006-075,F006,train,Batch 5,4,no,floor,yes,damp,151,2024-08-10,4,0,1,1,2,151,72.85499999999999,81.58,27.45285714285714,13.528101,13.571,13.558811,red
F006-076,F006,train,Batch 6,6,no,floor,yes,dry,85,2024-10-08,6,0,1,1,0,85,76.62857142857142,81.58,26.99285714285714,11.961962,14.325714,13.161651,red
F006-077,F006,train,Batch 7,14,no,floor,no,damp,53,2024-12-04,14,0,1,0,2,53,63.680714285714295,80.0,26.958571428571425,12.056828,11.736143,11.942332,green
F006-078,F006,train,Batch 8,11,no,raised,no,dry,85,2024-12-28,11,0,0,0,0,85,73.69285714285715,78.24,28.224285714285717,11.033066,12.738571,11.898671,green
F006-079,F006,train,Batch 9,7,yes,floor,no,damp,111,2024-12-24,7,1,1,0,2,111,73.76428571428572,77.92,28.446428571428577,15.126972,13.752857,14.297737,red
F006-080,F006,train,Batch 10,7,no,floor,no,damp,94,2024-12-04,7,0,1,0,2,94,69.55714285714286,78.51,28.282142857142855,11.849513,12.911429,12.42626,amber
F007-001,F007,train,Batch 1,24,yes,raised,no,damp,132,2024-12-19,24,1,0,0,2,132,77.68714285714285,85.86,27.78928571428571,13.257805,13.537429,13.44435,red
F007-002,F007,train,Batch 2,5,no,raised,no,damp,176,2024-12-10,5,0,0,0,2,176,83.81857142857143,89.67,26.320714285714285,12.377532,14.763714,14.213238,red
F007-003,F007,train,Batch 3,4,no,floor,yes,damp,155,2025-02-02,4,0,1,1,2,155,86.22142857142856,90.2,25.115000000000006,13.815246,16.244286,15.576756,red
F007-004,F007,train,Batch 4,17,no,floor,no,damp,136,2024-10-21,17,0,1,0,2,136,70.05642857142858,78.51,28.15857142857143,10.665481,13.011286,12.256034,amber
F007-005,F007,train,Batch 5,5,no,raised,no,damp,94,2025-03-21,5,0,0,0,2,94,86.86357142857142,90.66,25.509999999999998,12.335649,15.372714,13.985138,red
F007-006,F007,train,Batch 6,11,no,raised,no,dry,9,2025-01-25,11,0,0,0,0,9,72.24571428571429,80.0,27.539285714285715,10.502412,12.449143,10.643076,green
F007-007,F007,train,Batch 7,9,no,raised,yes,damp,148,2025-02-03,9,0,0,1,2,148,86.74642857142855,90.66,25.40357142857143,12.283955,15.349286,14.456294,red
F007-008,F007,train,Batch 8,11,no,raised,yes,damp,78,2025-04-07,11,0,0,1,2,78,86.75428571428571,90.66,25.47714285714286,11.623379,15.350857,13.404943,red
F007-009,F007,train,Batch 9,9,no,raised,no,dry,23,2025-07-27,9,0,0,0,0,23,82.92928571428571,87.52,24.719285714285714,11.053237,14.585857,11.669389,green
F007-010,F007,train,Batch 10,11,yes,floor,yes,damp,135,2025-02-21,11,1,1,1,2,135,86.22642857142857,90.2,25.14428571428572,13.084735,16.245286,15.219205,red
F007-011,F007,train,Batch 1,7,no,raised,no,damp,177,2025-02-24,7,0,0,0,2,177,82.54214285714285,87.52,24.740000000000002,13.255853,14.508429,14.221866,red
F007-012,F007,train,Batch 2,7,no,floor,yes,damp,158,2024-12-13,7,0,1,1,2,158,81.05857142857143,87.53,26.972142857142853,13.283292,15.211714,14.694845,red
F007-013,F007,train,Batch 3,12,yes,floor,yes,damp,109,2025-08-23,12,1,1,1,2,109,82.76428571428572,88.91,26.20214285714286,11.786666,15.552857,14.034345,red
F007-014,F007,train,Batch 4,2,no,raised,yes,damp,109,2025-04-26,2,0,0,1,2,109,82.54142857142857,87.52,25.115,14.977564,14.508286,14.697497,red
F007-015,F007,train,Batch 5,7,no,raised,no,damp,22,2024-12-19,7,0,0,0,2,22,71.40142857142855,77.39,27.400714285714287,12.418609,12.280286,12.395439,amber
F007-016,F007,train,Batch 6,9,yes,floor,no,damp,7,2025-05-20,9,1,1,0,2,7,83.30214285714285,89.67,26.474999999999994,14.846303,15.660429,14.892435,red
F007-017,F007,train,Batch 7,6,no,floor,yes,damp,103,2025-02-26,6,0,1,1,2,103,83.63857142857141,88.69,26.22785714285714,13.419895,15.727714,14.749504,red
F007-018,F007,train,Batch 8,15,no,raised,yes,damp,124,2024-11-21,15,0,0,1,2,124,73.55357142857144,78.24,28.14071428571429,11.825436,12.710714,12.395716,amber
F007-019,F007,train,Batch 9,4,no,raised,yes,damp,176,2024-11-22,4,0,0,1,2,176,80.43428571428569,87.53,27.237142857142857,15.20116,14.086857,14.343919,red
F007-020,F007,train,Batch 10,13,yes,raised,yes,damp,163,2024-10-19,13,1,0,1,2,163,73.74642857142858,81.64,28.010714285714283,11.476528,12.749286,12.422074,amber
F007-021,F007,train,Batch 1,13,no,raised,no,dry,13,2025-01-28,13,0,0,0,0,13,70.24214285714285,78.23,27.80785714285714,11.097014,12.048429,11.194697,green
F007-022,F007,train,Batch 2,10,no,raised,no,damp,144,2024-12-06,10,0,0,0,2,144,77.49857142857142,85.86,27.85928571428571,11.933107,13.499714,13.027861,red
F007-023,F007,train,Batch 3,7,no,raised,no,damp,3,2025-03-06,7,0,0,0,2,3,69.14500000000001,77.34,28.454285714285714,13.522095,11.829,13.480292,red
F007-024,F007,train,Batch 4,9,no,floor,no,dry,136,2024-10-19,9,0,1,0,0,136,70.14928571428571,78.51,28.16142857142857,11.485256,13.029857,12.53256,amber
F007-025,F007,train,Batch 5,14,yes,raised,no,damp,174,2024-11-16,14,1,0,0,2,174,80.06714285714285,85.86,27.197142857142858,11.532446,14.013429,13.431464,red
F007-026,F007,train,Batch 6,20,no,floor,no,unsure,74,2025-01-30,20,0,1,0,1,74,73.76428571428572,77.92,28.446428571428577,10.627941,13.752857,12.066213,amber
F007-027,F007,train,Batch 7,11,no,raised,no,damp,1,2025-06-21,11,0,0,0,2,1,86.71142857142857,90.66,25.57785714285714,12.325323,15.342286,12.35036,amber
F007-028,F007,train,Batch 8,7,no,raised,yes,damp,57,2025-06-09,7,0,0,1,2,57,80.63071428571428,85.31,25.315,13.220577,14.126143,13.562985,red
F007-029,F007,train,Batch 9,5,no,raised,yes,damp,32,2025-05-23,5,0,0,1,2,32,86.75428571428571,90.66,25.47714285714286,14.743705,15.350857,14.885822,red
F007-030,F007,train,Batch 10,8,yes,raised,no,damp,12,2025-03-13,8,1,0,0,2,12,73.55357142857144,78.24,28.14071428571429,14.124193,12.710714,13.989683,red
F007-031,F007,train,Batch 1,10,no,floor,no,damp,23,2025-04-11,10,0,1,0,2,23,78.09857142857143,85.86,27.517857142857142,11.330125,14.619714,11.903889,green
F007-032,F007,train,Batch 2,17,no,floor,no,dry,85,2024-11-01,17,0,1,0,0,85,62.06642857142857,80.0,26.784999999999997,11.289899,11.413286,11.352522,green
F007-033,F007,train,Batch 3,7,no,raised,no,damp,158,2025-01-24,7,0,0,0,2,158,86.74642857142855,90.66,25.40357142857143,13.47805,15.349286,14.847744,red
F007-034,F007,train,Batch 4,12,yes,raised,yes,damp,138,2025-01-13,12,1,0,1,2,138,83.37642857142858,89.67,26.362142857142857,12.342031,14.675286,13.936491,red
F007-035,F007,train,Batch 5,3,no,raised,yes,damp,20,2025-02-04,3,0,0,1,2,20,72.81714285714285,78.51,28.025000000000002,14.359966,12.563429,14.084165,red
F007-036,F007,train,Batch 6,10,yes,floor,yes,damp,52,2025-06-29,10,1,1,1,2,52,82.54214285714285,87.52,24.740000000000002,12.722793,15.508429,13.702378,red
F007-037,F007,train,Batch 7,9,no,raised,yes,damp,154,2025-03-05,9,0,0,1,2,154,80.42999999999999,85.31,25.357142857142858,11.58385,14.086,13.392624,red
F007-038,F007,train,Batch 8,10,no,floor,yes,damp,170,2024-12-27,10,0,1,1,2,170,85.49428571428571,88.69,25.845714285714283,9.570481,16.098857,14.515588,red
F007-039,F007,train,Batch 9,10,yes,raised,yes,damp,66,2025-10-06,10,1,0,1,2,66,82.97428571428573,88.91,26.115000000000002,12.330343,14.594857,13.288346,red
F007-040,F007,train,Batch 10,13,no,floor,yes,damp,173,2024-11-12,13,0,1,1,2,173,78.09857142857143,85.86,27.517857142857142,12.403771,14.619714,14.09557,red
F007-041,F007,train,Batch 1,12,no,raised,no,dry,150,2024-08-20,12,0,0,0,0,150,63.43285714285713,71.7,26.69785714285715,11.475547,10.686571,10.912617,green
F007-042,F007,train,Batch 2,11,no,raised,no,dry,0,2025-01-14,11,0,0,0,0,0,65.01571428571428,75.06,26.98,11.34918,11.003143,11.34918,green
F007-043,F007,train,Batch 3,7,yes,floor,no,damp,104,2025-04-07,7,1,1,0,2,104,83.89500000000001,90.36,24.712142857142855,14.333643,15.779,15.171444,red
F007-044,F007,train,Batch 4,16,yes,raised,no,unsure,125,2025-03-21,16,1,0,0,1,125,82.66142857142857,85.66,24.782857142857143,13.272344,14.532286,14.087695,red
F007-045,F007,train,Batch 5,11,no,raised,no,dry,24,2025-03-03,11,0,0,0,0,24,73.88571428571429,81.64,28.015000000000004,11.509036,12.777143,11.738905,green
F007-046,F007,train,Batch 6,12,no,floor,no,damp,118,2024-10-26,12,0,1,0,2,118,72.98214285714285,77.15,28.216428571428573,9.404653,13.596429,12.028444,amber
F007-047,F007,train,Batch 7,11,no,floor,no,unsure,64,2025-01-09,11,0,1,0,1,64,73.81714285714285,78.24,28.365000000000002,12.011832,13.763429,12.735861,amber
F007-048,F007,train,Batch 8,11,yes,floor,no,damp,75,2025-01-27,11,1,1,0,2,75,74.28428571428572,79.69,28.390000000000004,12.25388,13.856857,12.998845,amber
F007-049,F007,train,Batch 9,5,no,floor,yes,damp,56,2025-03-13,5,0,1,1,2,56,79.41857142857144,85.86,27.283571428571427,13.72404,14.883714,14.156495,red
F007-050,F007,train,Batch 10,10,no,raised,no,unsure,29,2025-06-07,10,0,0,0,1,29,86.22642857142857,90.2,25.14428571428572,12.013794,15.245286,12.707537,amber
F007-051,F007,train,Batch 1,16,no,raised,no,damp,2,2025-01-04,16,0,0,0,2,2,73.575,81.58,27.358571428571427,10.499315,12.715,10.535937,green
F007-052,F007,train,Batch 2,12,no,floor,yes,damp,93,2025-05-21,12,0,1,1,2,93,81.94500000000001,84.22,24.768571428571427,10.915229,15.389,13.327917,red
F007-053,F007,train,Batch 3,12,no,raised,yes,damp,159,2025-01-11,12,0,0,1,2,159,86.32285714285715,90.66,25.67285714285714,10.547223,15.264571,14.010686,red
F007-054,F007,train,Batch 4,9,no,raised,yes,damp,178,2024-09-20,9,0,0,1,2,178,75.175,78.24,28.174999999999994,11.800013,13.035,12.754806,amber
F007-055,F007,train,Batch 5,9,no,raised,no,unsure,57,2025-06-14,9,0,0,0,1,57,81.61642857142859,87.52,25.32571428571428,10.987051,14.323286,12.248531,amber
F007-056,F007,train,Batch 6,11,no,raised,no,damp,138,2024-12-06,11,0,0,0,2,138,75.51857142857143,82.23,28.140714285714278,11.486666,13.103714,12.591697,amber
F007-057,F007,train,Batch 7,6,no,raised,yes,unsure,84,2025-03-06,6,0,0,1,1,84,83.82428571428571,89.67,26.346428571428568,14.210909,14.764857,14.489775,red
F007-058,F007,train,Batch 8,14,no,floor,no,damp,3,2025-04-28,14,0,1,0,2,3,77.765,85.86,27.712142857142855,12.004477,14.553,12.0674,amber
F007-059,F007,train,Batch 9,8,no,raised,yes,damp,91,2024-11-21,8,0,0,1,2,91,72.97857142857141,77.15,28.245,12.198521,12.595714,12.409651,amber
F007-060,F007,train,Batch 10,8,no,floor,yes,damp,113,2025-03-04,8,0,1,1,2,113,86.83357142857143,90.66,25.43857142857143,12.471119,16.366714,14.847521,red
F007-061,F007,train,Batch 1,16,no,raised,no,unsure,54,2025-06-14,16,0,0,0,1,54,80.57857142857144,85.31,25.376428571428573,11.038761,14.115714,12.153762,amber
F007-062,F007,train,Batch 2,8,no,raised,yes,unsure,69,2025-04-19,8,0,0,1,1,69,87.11214285714286,90.66,25.310714285714287,12.463835,15.422429,13.757613,red
F007-063,F007,train,Batch 3,16,no,raised,no,dry,37,2025-03-26,16,0,0,0,0,37,77.74571428571429,85.86,27.639285714285712,10.822962,13.549143,11.546299,green
F007-064,F007,train,Batch 4,8,no,raised,no,damp,83,2025-03-21,8,0,0,0,2,83,84.30071428571429,88.69,26.17071428571428,10.977083,14.860143,12.915736,amber
F007-065,F007,train,Batch 5,14,yes,raised,no,damp,130,2024-11-22,14,1,0,0,2,130,73.75142857142859,81.64,28.114285714285717,13.266765,12.750286,12.925096,amber
F007-066,F007,train,Batch 6,11,no,floor,no,unsure,54,2025-10-11,11,0,1,0,1,54,81.07714285714287,88.91,26.435714285714283,11.947102,15.215429,13.131451,red
F007-067,F007,train,Batch 7,7,no,floor,yes,damp,180,2024-12-28,7,0,1,1,2,180,87.19285714285716,90.66,25.372142857142855,12.898037,16.438571,15.648571,red
F007-068,F007,train,Batch 8,11,yes,raised,no,damp,12,2025-11-22,11,1,0,0,2,12,81.07714285714287,88.91,26.435714285714283,12.477783,14.215429,12.643142,amber
F007-069,F007,train,Batch 9,13,no,raised,no,damp,145,2025-07-31,13,0,0,0,2,145,78.93857142857144,84.53,26.16785714285714,10.247901,13.787714,12.730391,amber
F007-070,F007,train,Batch 10,15,no,raised,no,dry,44,2025-11-12,15,0,0,0,0,44,77.45285714285713,84.53,26.44928571428571,10.661237,13.490571,11.529728,green
F007-071,F007,train,Batch 1,18,no,raised,no,unsure,92,2025-04-25,18,0,0,0,1,92,81.87142857142858,85.66,24.78214285714285,11.847331,14.374286,13.200366,red
F007-072,F007,train,Batch 2,12,no,raised,no,dry,99,2025-01-01,12,0,0,0,0,99,73.99785714285713,79.69,28.497142857142855,9.900546,12.799571,11.529117,green
F007-073,F007,train,Batch 3,9,no,floor,no,dry,5,2025-01-07,9,0,1,0,0,5,67.82428571428571,76.4,27.097857142857144,11.842262,12.564857,11.871751,green
F007-074,F007,train,Batch 4,9,no,raised,no,dry,100,2024-11-06,9,0,0,0,0,100,70.8442857142857,78.23,27.91,11.390458,12.168857,11.830566,green
F007-075,F007,train,Batch 5,12,no,floor,no,damp,168,2024-11-09,12,0,1,0,2,168,76.11357142857142,85.7,28.143571428571427,10.858481,14.222714,13.393105,red
F007-076,F007,train,Batch 6,4,yes,raised,no,damp,159,2024-09-28,4,1,0,0,2,159,70.05642857142858,78.51,28.15857142857143,15.381195,12.011286,12.907017,amber
F007-077,F007,train,Batch 7,14,yes,floor,no,damp,19,2025-05-14,14,1,1,0,2,19,83.63785714285714,89.67,26.459285714285716,12.304135,15.727571,12.805446,amber
F007-078,F007,train,Batch 8,9,yes,raised,yes,damp,136,2025-02-10,9,1,0,1,2,136,87.19285714285716,90.66,25.372142857142855,13.645275,15.438571,14.861205,red
F007-079,F007,train,Batch 9,7,no,floor,yes,damp,174,2024-11-02,7,0,1,1,2,174,75.45071428571428,82.23,28.19785714285714,13.107276,14.090143,13.859591,red
F007-080,F007,train,Batch 10,10,no,floor,no,dry,25,2025-11-13,10,0,1,0,0,25,81.80071428571429,88.91,26.36357142857143,9.12355,15.360143,10.296427,green
F008-001,F008,train,Batch 1,14,no,raised,no,damp,60,2025-03-22,14,0,0,0,2,60,81.66928571428572,87.53,26.825,10.609029,14.333857,12.074635,amber
F008-002,F008,train,Batch 2,13,no,floor,no,damp,87,2025-05-10,13,0,1,0,2,87,80.63071428571428,85.31,25.315,11.20395,15.126143,13.226528,red
F008-003,F008,train,Batch 3,7,no,floor,no,damp,86,2025-05-24,7,0,1,0,2,86,83.05071428571429,87.52,24.74428571428572,12.347211,15.610143,14.0166,red
F008-004,F008,train,Batch 4,12,yes,raised,no,damp,96,2024-10-04,12,1,0,0,2,96,72.85499999999999,81.58,27.45285714285714,14.719488,12.571,13.536378,red
F008-005,F008,train,Batch 5,12,no,raised,no,damp,53,2025-03-21,12,0,0,0,2,53,79.53785714285716,87.53,27.275000000000002,10.803124,13.907571,11.911524,green
F008-006,F008,train,Batch 6,13,no,floor,no,dry,62,2024-11-02,13,0,1,0,0,62,75.87571428571428,81.58,27.164285714285718,10.419403,14.175143,11.934823,green
F008-007,F008,train,Batch 7,8,no,floor,no,damp,8,2025-01-03,8,0,1,0,2,8,69.75357142857142,77.39,27.245714285714286,12.219074,12.950714,12.266259,amber
F008-008,F008,train,Batch 8,9,no,raised,no,unsure,8,2025-03-01,9,0,0,0,1,8,69.14500000000001,77.34,28.454285714285714,10.734057,11.829,10.804673,green
F008-009,F008,train,Batch 9,1,no,raised,yes,damp,36,2024-12-04,1,0,0,1,2,36,72.47714285714285,81.58,27.456428571428567,15.558715,12.495429,14.764767,red
F008-010,F008,train,Batch 10,9,no,floor,yes,unsure,120,2025-01-06,9,0,1,1,1,120,79.15428571428572,85.86,27.290714285714284,11.047578,14.830857,13.439067,red
F008-011,F008,train,Batch 1,7,no,floor,no,damp,48,2025-04-16,7,0,1,0,2,48,83.73142857142857,89.67,26.414285714285715,11.59818,15.746286,12.965727,amber
F008-012,F008,train,Batch 2,9,yes,raised,yes,damp,105,2025-05-15,9,1,0,1,2,105,80.03499999999998,83.94,24.977142857142855,12.78648,14.007,13.498212,red
F008-013,F008,train,Batch 3,14,yes,raised,no,damp,70,2025-02-19,14,1,0,0,2,70,77.68714285714285,85.86,27.78928571428571,12.234353,13.537429,12.810267,amber
F008-014,F008,train,Batch 4,8,no,raised,no,damp,93,2025-01-08,8,0,0,0,2,93,74.09642857142858,79.69,28.462857142857143,11.799052,12.819286,12.34926,amber
F008-015,F008,train,Batch 5,10,no,floor,no,unsure,153,2024-11-01,10,0,1,0,1,153,74.41857142857143,81.64,28.122857142857146,9.725499,13.883714,12.72178,amber
F008-016,F008,train,Batch 6,4,yes,floor,no,unsure,137,2025-01-17,4,1,1,0,1,137,83.73142857142857,89.67,26.414285714285715,15.234753,15.746286,15.58296,red
F008-017,F008,train,Batch 7,13,no,floor,no,damp,96,2025-01-20,13,0,1,0,2,96,76.11357142857142,85.7,28.143571428571427,10.304853,14.222714,12.462306,amber
F008-018,F008,train,Batch 8,9,no,floor,yes,dry,91,2024-10-29,9,0,1,1,0,91,65.80071428571429,80.0,27.134285714285713,11.607407,12.160143,11.901216,green
F008-019,F008,train,Batch 9,8,no,floor,no,damp,142,2024-09-21,8,0,1,0,2,142,70.24214285714285,78.23,27.80785714285714,11.413976,13.048429,12.547867,amber
F008-020,F008,train,Batch 10,6,no,raised,no,unsure,89,2024-11-28,6,0,0,0,1,89,72.28857142857143,78.51,27.972142857142853,12.26743,12.457714,12.367078,amber
F008-021,F008,train,Batch 1,11,no,floor,no,unsure,62,2025-05-11,11,0,1,0,1,62,86.38214285714287,90.36,24.812857142857144,10.432759,16.276429,12.790647,amber
F008-022,F008,train,Batch 2,7,no,raised,yes,dry,43,2025-05-05,7,0,0,1,0,43,85.82714285714287,88.69,25.703571428571426,12.956649,15.165429,13.621845,red
F008-023,F008,train,Batch 3,11,no,raised,no,damp,24,2025-11-08,11,0,0,0,2,24,79.80071428571429,82.18,26.620714285714286,11.856894,13.960143,12.238148,amber
F008-024,F008,train,Batch 4,11,no,floor,no,damp,65,2025-06-26,11,0,1,0,2,65,79.12071428571427,83.94,25.159285714285716,11.272049,14.824143,12.757613,amber
F008-025,F008,train,Batch 5,7,yes,floor,yes,damp,19,2025-07-12,7,1,1,1,2,19,81.15499999999999,85.66,25.083571428571425,13.623292,15.231,13.858716,red
F008-026,F008,train,Batch 6,7,no,raised,no,damp,4,2025-06-27,7,0,0,0,2,4,86.74642857142855,90.66,25.40357142857143,12.563134,15.349286,12.654475,amber
F008-027,F008,train,Batch 7,10,no,raised,no,unsure,9,2025-02-27,10,0,0,0,1,9,69.55714285714286,78.51,28.282142857142855,11.03537,11.911429,11.098671,green
F008-028,F008,train,Batch 8,12,no,raised,yes,damp,79,2025-10-07,12,0,0,1,2,79,77.88071428571429,84.53,26.353571428571428,10.642083,13.576143,12.057141,amber
F008-029,F008,train,Batch 9,12,no,raised,no,dry,150,2025-03-30,12,0,0,0,0,150,80.61571428571428,83.94,24.84142857142857,11.05233,14.123143,13.24334,red
F008-030,F008,train,Batch 10,15,no,raised,no,unsure,46,2025-04-24,15,0,0,0,1,46,83.63857142857141,88.69,26.22785714285714,10.881206,14.727714,12.105989,amber
F008-031,F008,train,Batch 1,5,no,raised,no,damp,177,2024-08-17,5,0,0,0,2,177,70.24214285714285,78.23,27.80785714285714,13.222603,12.048429,12.317055,amber
F008-032,F008,train,Batch 2,9,no,raised,yes,dry,62,2025-06-27,9,0,0,1,0,62,80.03499999999998,83.94,24.977142857142855,13.315007,14.007,13.594222,red
F008-033,F008,train,Batch 3,6,yes,floor,yes,damp,176,2024-07-20,6,1,1,1,2,176,67.82428571428571,76.4,27.097857142857144,16.47792,12.564857,13.467574,red
F008-034,F008,train,Batch 4,9,yes,floor,no,damp,22,2025-03-29,9,1,1,0,2,22,74.66,79.17,28.26928571428571,13.656014,13.932,13.702244,red
F008-035,F008,train,Batch 5,2,no,raised,yes,damp,7,2025-05-23,2,0,0,1,2,7,83.83642857142857,89.67,26.28714285714286,15.124889,14.767286,15.104626,red
F008-036,F008,train,Batch 6,13,yes,raised,no,dry,142,2024-09-05,13,1,0,0,0,142,62.06642857142857,80.0,26.784999999999997,11.57045,10.413286,10.767674,green
F008-037,F008,train,Batch 7,12,no,raised,no,dry,54,2025-01-16,12,0,0,0,0,54,70.31785714285715,77.97,28.57928571428572,10.356271,12.063571,10.974949,green
F008-038,F008,train,Batch 8,15,yes,raised,yes,damp,95,2025-03-09,15,1,0,1,2,95,84.30071428571429,88.69,26.17071428571428,12.589506,14.860143,13.831342,red
F008-039,F008,train,Batch 9,13,no,raised,yes,damp,93,2025-02-18,13,0,0,1,2,93,81.90714285714286,87.53,26.756428571428568,10.784149,14.381429,12.724148,amber
F008-040,F008,train,Batch 10,19,no,raised,no,damp,164,2024-10-08,19,0,0,0,2,164,74.48857142857143,78.24,28.12714285714286,11.289132,12.897714,12.487598,amber
F008-041,F008,train,Batch 1,11,no,raised,no,damp,180,2024-09-03,11,0,0,0,2,180,69.65928571428572,78.51,28.177142857142854,10.170705,11.931857,11.538891,green
F008-042,F008,train,Batch 2,6,yes,raised,no,unsure,103,2025-08-25,6,1,0,0,1,103,81.18071428571429,88.91,26.410714285714285,14.066049,14.236143,14.164045,red
F008-043,F008,train,Batch 3,0,no,raised,yes,damp,88,2025-02-19,0,0,0,1,2,88,80.8785714285714,87.53,27.093571428571426,16.023121,14.175714,15.063034,red
F008-044,F008,train,Batch 4,13,no,floor,no,damp,60,2025-06-26,13,0,1,0,2,60,80.9592857142857,84.22,24.856428571428577,10.861823,15.191857,12.565559,amber
F008-045,F008,train,Batch 5,8,no,raised,yes,damp,87,2025-01-30,8,0,0,1,2,87,76.81714285714284,85.86,28.01357142857143,11.165618,13.363429,12.298975,amber
F008-046,F008,train,Batch 6,15,no,raised,yes,damp,147,2025-03-01,15,0,0,1,2,147,81.87142857142858,85.66,24.78214285714285,9.771183,14.374286,13.022089,red
F008-047,F008,train,Batch 7,10,no,floor,no,damp,48,2025-10-19,10,0,1,0,2,48,81.18071428571429,88.91,26.410714285714285,11.270074,15.236143,12.577608,amber
F008-048,F008,train,Batch 8,8,no,raised,no,dry,34,2025-03-09,8,0,0,0,0,34,74.28428571428572,79.69,28.390000000000004,11.190075,12.856857,11.601322,green
F008-049,F008,train,Batch 9,8,no,raised,no,dry,95,2024-10-12,8,0,0,0,0,95,64.50571428571428,75.06,26.87357142857143,12.174217,10.901143,11.477959,green
F008-050,F008,train,Batch 10,8,no,raised,yes,damp,15,2025-08-05,8,0,0,1,2,15,82.54214285714285,87.52,24.740000000000002,13.958783,14.508429,14.023368,red
F008-051,F008,train,Batch 1,8,no,raised,no,damp,34,2025-05-24,8,0,0,0,2,34,87.11214285714286,90.66,25.310714285714287,10.966473,15.422429,12.065897,amber
F008-052,F008,train,Batch 2,16,yes,floor,yes,damp,169,2025-02-26,16,1,1,1,2,169,82.76785714285714,87.52,25.042142857142856,13.174084,15.553571,14.971666,red
F008-053,F008,train,Batch 3,6,no,floor,no,damp,30,2025-11-15,6,0,1,0,2,30,83.47500000000001,88.91,25.950714285714287,11.982409,15.695,12.803631,amber
F008-054,F008,train,Batch 4,8,no,raised,no,damp,111,2025-02-01,8,0,0,0,2,111,82.25357142857145,88.87,26.704999999999995,10.51371,14.450714,12.889568,amber
F008-055,F008,train,Batch 5,12,no,raised,yes,dry,46,2025-10-28,12,0,0,1,0,46,83.23357142857144,88.91,26.002142857142854,11.629695,14.646714,12.590357,amber
F008-056,F008,train,Batch 6,16,no,raised,no,dry,16,2025-03-11,16,0,0,0,0,16,73.88571428571429,81.64,28.015000000000004,10.546281,12.777143,10.824753,green
F008-057,F008,train,Batch 7,8,yes,floor,yes,damp,143,2024-11-19,8,1,1,1,2,143,74.09642857142858,79.69,28.462857142857143,14.839069,13.819286,14.129009,red
F008-058,F008,train,Batch 8,6,no,raised,no,damp,110,2024-09-20,6,0,0,0,2,110,72.85499999999999,81.58,27.45285714285714,12.03652,12.571,12.357289,amber
F008-059,F008,train,Batch 9,15,no,raised,no,damp,119,2024-09-15,15,0,0,0,2,119,67.82428571428571,76.4,27.097857142857144,11.384181,11.564857,11.497834,green
F008-060,F008,train,Batch 10,10,no,raised,no,damp,102,2025-03-04,10,0,0,0,2,102,85.29999999999998,88.69,26.00357142857143,9.992844,15.06,12.894222,amber
F008-061,F008,train,Batch 1,13,no,floor,yes,damp,90,2025-05-18,13,0,1,1,2,90,82.93428571428572,87.52,24.935000000000002,10.945389,15.586857,13.394383,red
F008-062,F008,train,Batch 2,5,no,floor,yes,damp,51,2025-10-15,5,0,1,1,2,51,81.12357142857142,88.91,26.405714285714286,14.050539,15.224714,14.457074,red
F008-063,F008,train,Batch 3,17,no,raised,yes,damp,146,2025-04-01,17,0,0,1,2,146,80.9592857142857,84.22,24.856428571428577,10.335498,14.191857,13.049542,red
F008-064,F008,train,Batch 4,2,no,raised,yes,damp,156,2025-01-25,2,0,0,1,2,156,87.03571428571426,90.66,25.40071428571429,14.325981,15.407143,15.112492,red
F008-065,F008,train,Batch 5,9,no,raised,no,damp,163,2024-12-06,9,0,0,0,2,163,80.8785714285714,87.53,27.093571428571426,12.257113,14.175714,13.682463,red
F008-066,F008,train,Batch 6,20,no,raised,no,unsure,107,2025-01-28,20,0,0,0,1,107,79.61214285714286,87.53,27.315,10.637695,13.922429,12.57578,amber
F008-067,F008,train,Batch 7,4,no,raised,yes,damp,85,2025-04-08,4,0,0,1,2,85,86.20571428571428,89.75,25.45,13.668494,15.241143,14.466669,red
F008-068,F008,train,Batch 8,8,no,raised,yes,damp,52,2025-02-12,8,0,0,1,2,52,74.88714285714285,81.64,28.173571428571424,12.143085,12.977429,12.436487,amber
F008-069,F008,train,Batch 9,10,no,raised,yes,damp,2,2025-06-14,10,0,0,1,2,2,85.54642857142858,88.69,25.76142857142857,10.965834,15.109286,11.034319,green
F008-070,F008,train,Batch 10,6,no,raised,yes,dry,84,2025-03-25,6,0,0,1,0,84,85.82714285714287,88.69,25.703571428571426,13.794815,15.165429,14.484802,red
F008-071,F008,train,Batch 1,6,no,floor,no,damp,38,2025-06-13,6,0,1,0,2,38,83.61785714285715,90.36,24.720714285714283,12.753579,15.723571,13.559713,red
F008-072,F008,train,Batch 2,10,no,floor,yes,dry,14,2025-04-23,10,0,1,1,0,14,78.90142857142858,85.86,27.353571428571428,11.413939,14.780286,11.784635,green
F008-073,F008,train,Batch 3,15,yes,floor,no,damp,83,2024-12-09,15,1,1,0,2,83,69.65928571428572,78.51,28.177142857142854,13.041955,12.931857,12.986988,amber
F008-074,F008,train,Batch 4,6,no,raised,yes,damp,132,2025-01-13,6,0,0,1,2,132,83.64999999999999,89.67,26.43571428571428,13.751596,14.73,14.404318,red
F008-075,F008,train,Batch 5,7,yes,raised,yes,damp,6,2025-03-12,7,1,0,1,2,6,74.94785714285715,78.24,28.134285714285717,14.085992,12.989571,14.032519,red
F008-076,F008,train,Batch 6,13,no,floor,no,dry,15,2025-08-16,13,0,1,0,0,15,78.31714285714284,83.94,25.267857142857142,10.772648,14.663429,11.229826,green
F008-077,F008,train,Batch 7,2,yes,raised,yes,damp,144,2025-08-07,2,1,0,1,2,144,76.38142857142859,81.58,26.70214285714286,16.637589,13.276286,14.288691,red
F008-078,F008,train,Batch 8,4,no,raised,no,damp,55,2024-12-02,4,0,0,0,2,55,63.680714285714295,80.0,26.958571428571425,13.621905,10.736143,12.560916,amber
F008-079,F008,train,Batch 9,10,no,floor,yes,dry,180,2024-11-26,10,0,1,1,0,180,83.64999999999999,89.67,26.43571428571428,9.444504,15.73,14.327516,red
F008-080,F008,train,Batch 10,16,no,raised,yes,damp,140,2024-12-09,16,0,0,1,2,140,76.85357142857143,85.86,27.990000000000002,12.021313,13.370714,12.950506,amber
F009-001,F009,train,Batch 1,8,no,raised,no,unsure,42,2025-07-06,8,0,0,0,1,42,83.31285714285715,87.52,24.79928571428572,10.214978,14.662571,11.528406,green
F009-002,F009,train,Batch 2,10,yes,raised,no,dry,24,2025-05-30,10,1,0,0,0,24,86.86357142857142,90.66,25.509999999999998,10.904454,15.372714,11.714412,green
F009-003,F009,train,Batch 3,20,no,raised,no,unsure,15,2025-06-15,20,0,0,0,1,15,87.03571428571426,90.66,25.40071428571429,9.90139,15.407143,10.548333,green
F009-004,F009,train,Batch 4,13,no,raised,no,unsure,53,2025-10-14,13,0,0,0,1,53,81.18071428571429,88.91,26.410714285714285,10.504474,14.236143,11.836814,green
F009-005,F009,train,Batch 5,3,no,raised,yes,unsure,96,2025-05-12,3,0,0,1,1,96,82.93428571428572,87.52,24.935000000000002,13.950032,14.586857,14.300713,red
F009-006,F009,train,Batch 6,14,no,floor,yes,damp,77,2025-01-04,14,0,1,1,2,77,74.04142857142858,78.24,28.189285714285717,11.050547,13.808286,12.356572,amber
F009-007,F009,train,Batch 7,7,no,raised,no,dry,56,2025-05-08,7,0,0,0,0,56,86.1857142857143,89.75,25.416428571428572,9.727925,15.237143,11.782372,green
F009-008,F009,train,Batch 8,14,yes,raised,no,damp,31,2025-06-18,14,1,0,0,2,31,84.09,90.36,24.682857142857138,11.565186,14.818,12.305729,amber
F009-009,F009,train,Batch 9,9,yes,floor,yes,damp,19,2024-12-27,9,1,1,1,2,19,64.50571428571428,75.06,26.87357142857143,12.287891,11.901143,12.231257,amber
F009-010,F009,train,Batch 10,9,no,raised,no,damp,68,2025-05-26,9,0,0,0,2,68,81.0392857142857,85.66,25.20285714285714,11.211902,14.207857,12.507911,amber
F009-011,F009,train,Batch 1,11,no,raised,no,damp,107,2025-09-10,11,0,0,0,2,107,77.45285714285713,84.53,26.44928571428571,11.363589,13.490571,12.618568,amber
F009-012,F009,train,Batch 2,13,no,floor,yes,dry,32,2025-11-26,13,0,1,1,0,32,76.70642857142857,81.94,26.624285714285715,10.3815,14.341286,11.308374,green
F009-013,F009,train,Batch 3,13,no,floor,yes,damp,161,2025-06-27,13,0,1,1,2,161,81.12357142857142,88.91,26.405714285714286,10.404523,15.224714,13.96467,red
F009-014,F009,train,Batch 4,11,yes,raised,no,unsure,179,2024-09-08,11,1,0,0,1,179,70.05642857142858,78.51,28.15857142857143,12.991028,12.011286,12.231725,amber
F009-015,F009,train,Batch 5,13,no,floor,yes,unsure,89,2025-04-11,13,0,1,1,1,89,86.75142857142858,90.36,24.902857142857147,10.951909,16.350286,13.778934,red
F009-016,F009,train,Batch 6,13,yes,floor,no,dry,37,2024-12-24,13,1,1,0,0,37,66.90071428571429,80.0,27.23142857142857,11.755329,12.380143,11.92111,green
F009-017,F009,train,Batch 7,16,no,raised,no,damp,133,2024-09-23,16,0,0,0,2,133,72.24571428571429,80.0,27.539285714285715,10.297717,12.449143,11.738938,green
F009-018,F009,train,Batch 8,11,no,floor,yes,dry,64,2025-06-19,11,0,1,1,0,64,81.94500000000001,84.22,24.768571428571427,8.229014,15.389,11.188621,green
F009-019,F009,train,Batch 9,9,no,raised,no,dry,88,2025-04-20,9,0,0,0,0,88,85.29857142857144,90.36,24.544999999999995,10.214375,15.059714,12.732472,amber
F009-020,F009,train,Batch 10,5,no,raised,yes,damp,112,2025-04-25,5,0,0,1,2,112,82.63,87.52,25.035,12.906074,14.526,13.888979,red
F009-021,F009,train,Batch 1,7,no,raised,yes,damp,172,2024-11-30,7,0,0,1,2,172,81.66928571428572,87.53,26.825,11.159477,14.333857,13.576728,red
F009-022,F009,train,Batch 2,17,no,raised,no,dry,27,2025-03-23,17,0,0,0,0,27,74.75500000000001,79.17,28.256428571428575,10.842364,12.951,11.26722,green
F009-023,F009,train,Batch 3,19,no,floor,no,damp,81,2025-01-16,19,0,1,0,2,81,75.32785714285714,81.64,28.215714285714284,10.892103,14.065571,12.44978,amber
F009-024,F009,train,Batch 4,4,no,raised,yes,damp,25,2025-05-29,4,0,0,1,2,25,86.86357142857142,90.66,25.509999999999998,13.665196,15.372714,13.986318,red
F009-025,F009,train,Batch 5,12,no,raised,no,dry,70,2024-10-30,12,0,0,0,0,70,72.85499999999999,81.58,27.45285714285714,10.17506,12.571,11.233981,green
F009-026,F009,train,Batch 6,20,no,raised,no,dry,107,2024-11-21,20,0,0,0,0,107,69.55714285714286,78.51,28.282142857142855,10.556051,11.911429,11.355762,green
F009-027,F009,train,Batch 7,14,no,raised,no,unsure,109,2024-12-21,14,0,0,0,1,109,74.51214285714285,79.69,28.40285714285714,11.291059,12.902429,12.252731,amber
F009-028,F009,train,Batch 8,7,no,raised,no,dry,15,2025-06-22,7,0,0,0,0,15,86.22142857142856,90.2,25.115000000000006,11.187016,15.244286,11.663758,green
F009-029,F009,train,Batch 9,0,no,floor,yes,damp,2,2025-02-19,0,0,1,1,2,2,72.98214285714285,77.15,28.216428571428573,15.209676,13.596429,15.183012,red
F009-030,F009,train,Batch 10,13,yes,floor,yes,damp,123,2025-04-07,13,1,1,1,2,123,81.1557142857143,87.52,25.33142857142857,12.867167,15.231143,14.382957,red
F009-031,F009,train,Batch 1,20,no,raised,yes,dry,126,2025-02-03,20,0,0,1,0,126,83.63857142857141,88.69,26.22785714285714,10.801546,14.727714,13.3538,red
F009-032,F009,train,Batch 2,15,yes,raised,no,damp,152,2025-01-19,15,1,0,0,2,152,86.56071428571428,90.66,25.628571428571426,11.885362,15.312143,14.346581,red
F009-033,F009,train,Batch 3,14,no,raised,no,damp,117,2025-01-22,14,0,0,0,2,117,80.79214285714284,87.53,27.043571428571425,11.006162,14.158429,12.969418,amber
F009-034,F009,train,Batch 4,6,no,raised,no,damp,45,2025-02-15,6,0,0,0,2,45,73.75142857142859,81.64,28.114285714285717,11.915703,12.750286,12.176686,amber
F009-035,F009,train,Batch 5,7,no,floor,yes,damp,99,2025-03-11,7,0,1,1,2,99,85.98428571428573,90.66,25.713571428571424,13.333544,16.196857,14.942053,red
F009-036,F009,train,Batch 6,9,yes,raised,no,damp,61,2025-03-29,9,1,0,0,2,61,83.82428571428571,89.67,26.346428571428568,11.841779,14.764857,13.006634,red
F009-037,F009,train,Batch 7,6,no,floor,yes,damp,20,2025-04-02,6,0,1,1,2,20,74.66,79.17,28.250714285714285,12.025215,13.932,12.317941,amber
F009-038,F009,train,Batch 8,7,no,raised,no,damp,98,2025-04-28,7,0,0,0,2,98,80.98571428571428,85.66,25.265000000000004,11.679998,14.197143,13.084811,red
F009-039,F009,train,Batch 9,0,yes,floor,yes,damp,69,2024-10-24,0,1,1,1,2,69,76.62857142857142,81.58,26.99285714285714,16.276727,14.325714,15.423559,red
F009-040,F009,train,Batch 10,3,no,raised,no,dry,101,2024-10-13,3,0,0,0,0,101,59.89357142857143,71.7,26.52571428571428,13.818353,9.978714,11.633566,green
F009-041,F009,train,Batch 1,8,no,raised,no,dry,180,2024-09-26,8,0,0,0,0,180,73.55357142857144,78.24,28.14071428571429,11.778165,12.710714,12.502634,amber
F009-042,F009,train,Batch 2,6,yes,floor,yes,damp,80,2025-06-02,6,1,1,1,2,80,82.48,87.52,24.687857142857144,15.072347,15.496,15.278489,red
F009-043,F009,train,Batch 3,11,no,raised,yes,damp,71,2025-03-22,11,0,0,1,2,71,83.39714285714287,89.67,26.442857142857147,10.601577,14.679429,12.422729,amber
F009-044,F009,train,Batch 4,13,no,raised,no,damp,95,2024-11-13,13,0,0,0,2,95,69.64214285714284,77.15,28.177142857142858,11.258279,11.928429,11.624791,green
F009-045,F009,train,Batch 5,7,yes,raised,yes,damp,43,2025-02-20,7,1,0,1,2,43,74.67928571428571,81.64,28.17071428571429,12.781452,12.935857,12.827953,amber
F009-046,F009,train,Batch 6,11,no,raised,no,dry,138,2024-10-03,11,0,0,0,0,138,70.67642857142856,77.15,28.27285714285714,10.233397,12.135286,11.533078,green
F009-047,F009,train,Batch 7,12,no,floor,no,damp,125,2024-11-24,12,0,1,0,2,125,73.40714285714284,81.64,28.105000000000008,10.030386,13.681429,12.3931,amber
F009-048,F009,train,Batch 8,13,no,floor,no,dry,70,2025-10-03,13,0,1,0,0,70,83.04428571428572,88.91,26.052142857142858,10.288709,15.608857,12.640028,amber
F009-049,F009,train,Batch 9,9,no,floor,yes,damp,55,2025-04-13,9,0,1,1,2,55,83.22428571428573,88.69,26.26285714285714,11.746191,15.644857,13.179587,red
F009-050,F009,train,Batch 10,11,no,raised,no,damp,128,2024-12-11,11,0,0,0,2,128,74.38499999999999,78.56,28.30785714285715,10.675769,12.877,12.119438,amber
F009-051,F009,train,Batch 1,7,no,floor,no,damp,91,2024-12-26,7,0,1,0,2,91,73.88571428571429,81.64,28.015000000000004,11.579719,13.777143,12.747767,amber
F009-052,F009,train,Batch 2,9,yes,floor,no,damp,50,2025-05-28,9,1,1,0,2,50,85.29857142857144,90.36,24.544999999999995,13.458271,16.059714,14.344737,red
F009-053,F009,train,Batch 3,12,no,raised,yes,unsure,66,2025-06-02,12,0,0,1,1,66,80.57857142857144,85.31,25.376428571428573,11.101678,14.115714,12.376767,amber
F009-054,F009,train,Batch 4,14,yes,floor,no,unsure,78,2025-01-25,14,1,1,0,1,78,74.16142857142857,79.69,28.390000000000008,11.412523,13.832286,12.569059,amber
F009-055,F009,train,Batch 5,14,no,floor,no,dry,39,2025-03-11,14,0,1,0,0,39,74.75500000000001,79.17,28.256428571428575,11.245401,13.951,11.99613,green
F009-056,F009,train,Batch 6,12,yes,raised,yes,damp,142,2024-09-20,12,1,0,1,2,142,69.97785714285715,78.23,27.793571428571422,12.522206,11.995571,12.156856,amber
F009-057,F009,train,Batch 7,5,no,floor,yes,damp,99,2025-04-15,5,0,1,1,2,99,82.88642857142858,85.73,24.794999999999998,13.020836,15.577286,14.45696,red
F009-058,F009,train,Batch 8,8,no,floor,yes,unsure,167,2025-07-01,8,0,1,1,1,167,83.47500000000001,88.91,25.950714285714287,12.186639,15.695,14.822609,red
F009-059,F009,train,Batch 9,12,no,raised,no,dry,0,2025-08-05,12,0,0,0,0,0,80.63071428571428,85.31,25.315,9.874142,14.126143,9.874142,green
F009-060,F009,train,Batch 10,9,no,raised,no,dry,44,2025-04-23,9,0,0,0,0,44,83.2942857142857,89.67,26.285,9.69716,14.658857,11.2202,green
F009-061,F009,train,Batch 1,7,no,raised,yes,damp,61,2025-04-08,7,0,0,1,2,61,83.52428571428571,88.69,26.235714285714284,11.570278,14.704857,12.819416,amber
F009-062,F009,train,Batch 2,14,no,floor,yes,damp,113,2025-02-22,14,0,1,1,2,113,85.49428571428571,88.69,25.845714285714283,11.026464,16.098857,14.120739,red
F009-063,F009,train,Batch 3,3,no,floor,no,damp,159,2024-09-24,3,0,1,0,2,159,69.65928571428572,78.51,28.177142857142854,14.317765,12.931857,13.300236,red
F009-064,F009,train,Batch 4,3,yes,raised,no,damp,175,2024-12-22,3,1,0,0,2,175,85.49428571428571,88.69,25.845714285714283,13.707804,15.098857,14.775265,red
F009-065,F009,train,Batch 5,18,no,floor,yes,damp,134,2025-01-31,18,0,1,1,2,134,85.29999999999998,88.69,26.00357142857143,10.53872,16.06,14.252503,red
F009-066,F009,train,Batch 6,14,no,raised,no,dry,175,2024-09-09,14,0,0,0,0,175,69.66214285714285,78.51,28.240000000000002,11.008532,11.932429,11.717508,green
F009-067,F009,train,Batch 7,9,no,raised,no,damp,8,2025-02-21,9,0,0,0,2,8,69.66428571428571,78.51,28.151428571428568,12.499616,11.932857,12.463064,amber
F009-068,F009,train,Batch 8,10,no,raised,yes,damp,132,2025-02-03,10,0,0,1,2,132,85.49428571428571,88.69,25.845714285714283,10.699525,15.098857,13.634447,red
F009-069,F009,train,Batch 9,12,no,floor,yes,dry,117,2024-12-01,12,0,1,1,0,117,73.63142857142857,81.64,28.07000000000001,9.8817,13.726286,12.276137,amber
F009-070,F009,train,Batch 10,8,no,raised,no,damp,32,2025-04-16,8,0,0,0,2,32,80.8785714285714,87.53,27.093571428571426,12.613283,14.175714,12.979004,amber
F009-071,F009,train,Batch 1,11,yes,raised,no,damp,61,2025-03-10,11,1,0,0,2,61,79.43285714285715,85.86,27.235714285714288,12.308458,13.886571,12.93734,amber
F009-072,F009,train,Batch 2,4,yes,raised,no,dry,179,2024-07-18,4,1,0,0,0,179,66.08428571428571,75.51,26.992142857142856,14.006439,11.216857,11.844506,green
F009-073,F009,train,Batch 3,1,no,raised,no,unsure,66,2025-06-26,1,0,0,0,1,66,78.31714285714284,83.94,25.267857142857142,15.084,13.663429,14.483027,red
F009-074,F009,train,Batch 4,16,no,raised,yes,damp,83,2025-02-26,16,0,0,1,2,83,81.05857142857143,87.53,26.972142857142853,11.359197,14.211714,12.783343,amber
F009-075,F009,train,Batch 5,15,yes,raised,no,damp,132,2024-11-13,15,1,0,0,2,132,73.55357142857144,78.24,28.14071428571429,12.466247,12.710714,12.629338,amber
F009-076,F009,train,Batch 6,13,no,raised,yes,damp,102,2025-05-07,13,0,0,1,2,102,83.31285714285715,87.52,24.79928571428572,9.998385,14.662571,12.669029,amber
F009-077,F009,train,Batch 7,6,no,raised,no,unsure,116,2025-01-30,6,0,0,0,1,116,83.72357142857142,89.67,26.41928571428571,11.704269,14.744714,13.588285,red
F009-078,F009,train,Batch 8,15,no,floor,no,unsure,115,2024-11-29,15,0,1,0,1,115,73.70214285714287,78.24,28.172857142857143,9.977667,13.740429,12.297291,amber
F009-079,F009,train,Batch 9,8,no,raised,no,damp,59,2025-10-22,8,0,0,0,2,59,79.66357142857143,85.68,26.12285714285714,12.407691,13.932714,13.000001,red
F009-080,F009,train,Batch 10,16,yes,floor,no,damp,60,2025-05-08,16,1,1,0,2,60,86.22142857142856,90.2,25.115000000000006,13.254257,16.244286,14.430742,red
F010-001,F010,test,Batch 1,16,no,floor,yes,damp,179,2024-10-12,16,0,1,1,2,179,74.51214285714285,79.69,28.40285714285714,10.267809,13.902429,13.084649,red
F010-002,F010,test,Batch 2,6,no,raised,no,unsure,145,2024-10-14,6,0,0,0,1,145,69.55714285714286,78.51,28.282142857142855,12.016357,11.911429,11.94277,green
F010-003,F010,test,Batch 3,3,no,raised,yes,dry,36,2025-04-11,3,0,0,1,0,36,80.43428571428569,87.53,27.237142857142857,14.10213,14.086857,14.098172,red
F010-004,F010,test,Batch 4,17,no,raised,yes,unsure,179,2025-02-05,17,0,0,1,1,179,80.76571428571428,85.66,25.272142857142853,12.3233,14.153143,13.741433,red
F010-005,F010,test,Batch 5,18,no,raised,no,dry,102,2024-11-24,18,0,0,0,0,102,70.05642857142858,78.51,28.15857142857143,10.774328,12.011286,11.482591,green
F010-006,F010,test,Batch 6,4,no,raised,no,damp,44,2025-11-07,4,0,0,0,2,44,79.63214285714287,85.68,26.06357142857143,14.577129,13.926429,14.377391,red
F010-007,F010,test,Batch 7,16,no,floor,no,dry,11,2025-08-17,16,0,1,0,0,11,80.03499999999998,83.94,24.977142857142855,10.887418,15.007,11.248255,green
F010-008,F010,test,Batch 8,4,yes,raised,no,dry,100,2024-10-05,4,1,0,0,0,100,66.08428571428571,75.51,26.992142857142856,14.857874,11.216857,12.799237,amber
F010-009,F010,test,Batch 9,9,no,raised,no,damp,10,2025-08-19,9,0,0,0,2,10,79.625,83.94,25.06714285714285,10.920403,13.925,11.160637,green
F010-010,F010,test,Batch 10,13,yes,floor,yes,unsure,162,2025-01-12,13,1,1,1,1,162,86.86357142857142,90.66,25.509999999999998,12.118607,16.372714,15.269878,red
F010-011,F010,test,Batch 1,15,no,raised,no,unsure,42,2025-03-08,15,0,0,0,1,42,74.75500000000001,79.17,28.256428571428575,10.326417,12.951,11.101488,green
F010-012,F010,test,Batch 2,9,no,raised,no,dry,104,2024-10-18,9,0,0,0,0,104,66.90071428571429,80.0,27.23142857142857,11.409711,11.380143,11.392572,green
F010-013,F010,test,Batch 3,4,no,raised,no,damp,38,2025-03-17,4,0,0,0,2,38,75.46785714285714,82.23,28.179285714285708,13.912752,13.093571,13.690405,red
F010-014,F010,test,Batch 4,7,no,raised,no,damp,144,2024-10-30,7,0,0,0,2,144,73.69285714285715,78.24,28.224285714285717,11.998961,12.738571,12.515805,amber
F010-015,F010,test,Batch 5,13,no,raised,no,damp,155,2024-07-31,13,0,0,0,2,155,75.70357142857144,81.58,27.132857142857144,11.021845,13.140714,12.558423,amber
F010-016,F010,test,Batch 6,10,no,floor,yes,damp,68,2025-02-15,10,0,1,1,2,68,75.46785714285714,82.23,28.179285714285708,11.033041,14.093571,12.356984,amber
F010-017,F010,test,Batch 7,11,no,raised,no,dry,93,2024-10-13,11,0,0,0,0,93,65.01571428571428,75.06,26.98,11.306636,11.003143,11.142963,green
F010-018,F010,test,Batch 8,13,no,raised,yes,damp,166,2024-12-16,13,0,0,1,2,166,83.37642857142858,89.67,26.362142857142857,10.52485,14.675286,13.6346,red
F010-019,F010,test,Batch 9,17,no,raised,yes,unsure,136,2024-09-18,17,0,0,1,1,136,70.035,80.0,27.38071428571428,9.874377,12.007,11.320385,green
F010-020,F010,test,Batch 10,17,no,floor,no,damp,97,2024-12-22,17,0,1,0,2,97,73.40714285714284,81.64,28.105000000000008,11.438301,13.681429,12.68189,amber
F010-021,F010,test,Batch 1,13,yes,raised,yes,unsure,67,2024-11-18,13,1,0,1,1,67,60.544285714285714,80.0,26.613571428571426,14.366361,10.108857,12.544839,amber
F010-022,F010,test,Batch 2,10,no,floor,yes,damp,136,2024-08-20,10,0,1,1,2,136,75.87571428571428,81.58,27.164285714285718,10.172344,14.175143,12.886409,amber
F010-023,F010,test,Batch 3,15,no,raised,yes,unsure,58,2025-05-18,15,0,0,1,1,58,85.73071428571428,90.36,24.577857142857145,12.427243,15.146143,13.469331,red
F010-024,F010,test,Batch 4,6,no,floor,yes,damp,42,2025-01-26,6,0,1,1,2,42,69.14500000000001,77.34,28.454285714285714,13.683962,12.829,13.431482,red
F010-025,F010,test,Batch 5,12,no,raised,no,dry,56,2025-06-09,12,0,0,0,0,56,80.98571428571428,85.66,25.265000000000004,10.053566,14.197143,11.598751,green
F010-026,F010,test,Batch 6,8,no,floor,no,damp,3,2025-06-16,8,0,1,0,2,3,86.32285714285715,90.66,25.67285714285714,12.506007,16.264571,12.598806,amber
F010-027,F010,test,Batch 7,11,yes,floor,yes,unsure,41,2025-01-14,11,1,1,1,1,41,72.81714285714285,78.51,28.025000000000002,14.122139,13.563429,13.96044,red
F010-028,F010,test,Batch 8,12,no,floor,yes,damp,116,2025-08-09,12,0,1,1,2,116,80.43714285714286,88.55,26.535714285714285,10.238696,15.087429,13.243219,red
F010-029,F010,test,Batch 9,17,no,floor,no,damp,17,2025-05-03,17,0,1,0,2,17,81.05857142857143,87.53,26.972142857142853,10.659025,15.211714,11.260388,green
F010-030,F010,test,Batch 10,9,no,raised,yes,dry,6,2025-04-05,9,0,0,1,0,6,74.09642857142858,79.69,28.462857142857143,10.000922,12.819286,10.138375,green
F010-031,F010,test,Batch 1,5,yes,floor,yes,damp,102,2025-04-14,5,1,1,1,2,102,82.24642857142858,85.66,24.75714285714286,14.438967,15.449286,15.01746,red
F010-032,F010,test,Batch 2,11,yes,floor,no,unsure,147,2025-03-26,11,1,1,0,1,147,82.54214285714285,87.52,24.740000000000002,12.120439,15.508429,14.51318,red
F010-033,F010,test,Batch 3,9,yes,raised,no,damp,140,2024-11-22,9,1,0,0,2,140,74.09642857142858,79.69,28.462857142857143,12.471263,12.819286,12.71091,amber
F010-034,F010,test,Batch 4,4,no,floor,yes,dry,71,2024-11-20,4,0,1,1,0,71,66.90071428571429,80.0,27.23142857142857,13.816616,12.380143,13.175093,red
F010-035,F010,test,Batch 5,14,no,raised,no,dry,169,2024-08-12,14,0,0,0,0,169,65.80071428571429,80.0,27.134285714285713,10.532645,11.160143,11.006688,green
F010-036,F010,test,Batch 6,10,no,floor,no,unsure,121,2024-09-22,10,0,1,0,1,121,60.18857142857142,71.7,26.484999999999996,10.575071,11.037714,10.86893,green
F010-037,F010,test,Batch 7,11,no,raised,no,damp,136,2024-09-25,11,0,0,0,2,136,69.68,78.23,27.772142857142853,10.673828,11.936,11.529633,green
F010-038,F010,test,Batch 8,6,no,raised,no,damp,173,2024-09-02,6,0,0,0,2,173,73.21571428571428,78.05,28.141428571428573,11.224343,12.643143,12.30755,amber
F010-039,F010,test,Batch 9,7,no,floor,no,dry,32,2025-01-17,7,0,1,0,0,32,70.67642857142856,77.15,28.27285714285714,11.588797,13.135286,11.950786,green
F010-040,F010,test,Batch 10,7,no,raised,yes,unsure,168,2025-07-04,7,0,0,1,1,168,80.28499999999998,85.68,26.07571428571429,11.746363,14.057,13.487204,red
F010-041,F010,test,Batch 1,13,yes,floor,yes,damp,46,2025-04-26,13,1,1,1,2,46,84.24571428571429,88.69,26.153571428571418,11.616593,15.849143,12.964298,amber
F010-042,F010,test,Batch 2,9,no,raised,no,dry,136,2024-09-27,9,0,0,0,0,136,70.24214285714285,78.23,27.80785714285714,10.220799,12.048429,11.460008,green
F010-043,F010,test,Batch 3,11,no,floor,no,dry,22,2025-07-03,11,0,1,0,0,22,82.24642857142858,85.66,24.75714285714286,11.191359,15.449286,11.904601,green
F010-044,F010,test,Batch 4,9,yes,floor,no,damp,49,2024-12-16,9,1,1,0,2,49,72.24571428571429,80.0,27.539285714285715,11.472009,13.449143,12.134829,amber
F010-045,F010,test,Batch 5,7,no,floor,yes,damp,104,2025-04-12,7,0,1,1,2,104,82.24642857142858,85.66,24.75714285714286,12.321869,15.449286,14.134675,red
F010-046,F010,test,Batch 6,10,no,floor,no,damp,36,2024-11-30,10,0,1,0,2,36,74.23857142857142,81.58,27.345,12.050042,13.847714,12.515966,amber
F010-047,F010,test,Batch 7,12,no,raised,no,damp,120,2025-01-27,12,0,0,0,2,120,83.30214285714285,89.67,26.474999999999994,10.313846,14.660429,13.06141,red
F010-048,F010,test,Batch 8,8,no,floor,yes,damp,169,2024-11-02,8,0,1,1,2,169,74.66,79.17,28.26928571428571,12.547948,13.932,13.593529,red
F010-049,F010,test,Batch 9,14,no,raised,no,dry,32,2025-05-21,14,0,0,0,0,32,86.71142857142857,90.66,25.57785714285714,9.473829,15.342286,10.847469,green
F010-050,F010,test,Batch 10,11,no,raised,no,damp,111,2025-01-09,11,0,0,0,2,111,77.68714285714285,85.86,27.78928571428571,10.976788,13.537429,12.522054,amber
F010-051,F010,test,Batch 1,3,no,raised,yes,damp,58,2024-11-07,3,0,0,1,2,58,75.20214285714285,81.58,27.287857142857142,14.250287,13.040429,13.786577,red
F010-052,F010,test,Batch 2,9,no,raised,yes,damp,68,2025-10-09,9,0,0,1,2,68,82.75928571428572,88.91,25.957857142857144,11.457694,14.551857,12.796187,amber
F010-053,F010,test,Batch 3,4,no,floor,yes,damp,110,2025-04-15,4,0,1,1,2,110,80.76571428571428,85.66,25.272142857142853,14.56494,15.153143,14.91795,red
F010-054,F010,test,Batch 4,12,no,raised,no,dry,102,2024-12-09,12,0,0,0,0,102,74.48857142857143,78.24,28.12714285714286,9.311777,12.897714,11.365031,green
F010-055,F010,test,Batch 5,7,no,floor,no,damp,119,2025-02-09,7,0,1,0,2,119,83.52428571428571,88.69,26.235714285714284,12.24358,15.704857,14.420869,red
F010-056,F010,test,Batch 6,3,no,raised,yes,damp,142,2024-12-29,3,0,0,1,2,142,81.05857142857143,87.53,26.972142857142853,14.752544,14.211714,14.377347,red
F010-057,F010,test,Batch 7,10,no,raised,no,damp,124,2024-09-17,10,0,0,0,2,124,60.872857142857136,71.7,26.470714285714283,11.735664,10.174571,10.730038,green
F010-058,F010,test,Batch 8,10,no,floor,no,dry,19,2025-11-19,10,0,1,0,0,19,81.80071428571429,88.91,26.36357142857143,10.277536,15.360143,11.021806,green
F010-059,F010,test,Batch 9,12,no,raised,no,damp,165,2024-10-07,12,0,0,0,2,165,74.48857142857143,78.24,28.12714285714286,9.614324,12.897714,12.067543,amber
F010-060,F010,test,Batch 10,12,no,raised,yes,damp,149,2025-01-26,12,0,0,1,2,149,86.75428571428571,90.66,25.47714285714286,10.575962,15.350857,13.971379,red
F010-061,F010,test,Batch 1,15,no,floor,no,damp,84,2025-03-11,15,0,1,0,2,84,83.73142857142857,89.67,26.414285714285715,10.145868,15.746286,12.9652,amber
F010-062,F010,test,Batch 2,7,no,floor,no,damp,138,2025-01-30,7,0,1,0,2,138,85.82714285714287,88.69,25.703571428571426,12.561345,16.165429,15.024243,red
F010-063,F010,test,Batch 3,13,no,raised,no,dry,23,2025-04-16,13,0,0,0,0,23,80.06714285714285,85.86,27.197142857142858,10.667958,14.013429,11.251468,green
F010-064,F010,test,Batch 4,10,no,floor,yes,damp,115,2025-08-28,10,0,1,1,2,115,79.63214285714287,85.68,26.06357142857143,11.06892,14.926429,13.446952,red
F010-065,F010,test,Batch 5,13,yes,floor,yes,unsure,175,2024-08-12,13,1,1,1,1,175,72.24571428571429,80.0,27.539285714285715,10.753576,13.449143,12.82209,amber
F010-066,F010,test,Batch 6,3,no,raised,yes,unsure,1,2025-02-27,3,0,0,1,1,1,69.475,78.51,28.14642857142857,12.121569,11.895,12.119689,amber
F010-067,F010,test,Batch 7,1,yes,floor,yes,damp,176,2024-10-23,1,1,1,1,2,176,74.14642857142856,78.56,28.33714285714286,17.915146,13.829286,14.771866,red
F010-068,F010,test,Batch 8,10,no,raised,no,damp,126,2025-04-13,10,0,0,0,2,126,83.31285714285715,87.52,24.79928571428572,9.171697,14.662571,12.741107,amber
F010-069,F010,test,Batch 9,19,no,raised,no,unsure,126,2025-08-23,19,0,0,0,1,126,77.29785714285713,84.53,26.512142857142855,11.682076,13.459571,12.837559,amber
F010-070,F010,test,Batch 10,0,yes,raised,yes,damp,89,2025-04-03,0,1,0,1,2,89,86.74642857142855,90.66,25.40357142857143,17.186758,15.349286,16.224509,red
F010-071,F010,test,Batch 1,14,yes,raised,no,dry,120,2025-08-31,14,1,0,0,0,120,76.38142857142859,81.58,26.70214285714286,11.722653,13.276286,12.704736,amber
F010-072,F010,test,Batch 2,20,yes,raised,no,dry,124,2024-09-21,20,1,0,0,0,124,60.48642857142857,80.0,26.486428571428572,11.561164,10.097286,10.618161,green
F010-073,F010,test,Batch 3,9,no,raised,no,dry,9,2025-04-13,9,0,0,0,0,9,74.66,79.17,28.250714285714285,10.740903,12.932,10.899224,green
F010-074,F010,test,Batch 4,11,no,floor,no,dry,3,2025-07-08,11,0,1,0,0,3,86.49285714285715,90.36,24.87142857142857,10.632755,16.298571,10.772645,green
F010-075,F010,test,Batch 5,10,yes,raised,no,dry,63,2025-04-24,10,1,0,0,0,63,87.19285714285716,90.66,25.372142857142855,13.09814,15.438571,14.054077,red
F010-076,F010,test,Batch 6,9,no,floor,yes,dry,129,2024-09-20,9,0,1,1,0,129,65.07714285714287,80.0,27.072142857142858,10.994754,12.015429,11.667075,green
F010-077,F010,test,Batch 7,9,no,raised,no,damp,90,2025-05-31,9,0,0,0,2,90,79.625,83.94,25.06714285714285,10.909298,13.925,12.500483,amber
F010-078,F010,test,Batch 8,19,no,floor,no,damp,47,2025-03-06,19,0,1,0,2,47,74.66,79.17,28.250714285714285,11.077712,13.932,12.002703,amber
F010-079,F010,test,Batch 9,9,no,floor,yes,damp,76,2025-06-05,9,0,1,1,2,76,82.54214285714285,87.52,24.740000000000002,12.340235,15.508429,13.82669,red
F010-080,F010,test,Batch 10,4,no,raised,no,damp,147,2025-07-19,4,0,0,0,2,147,83.23357142857144,88.91,26.002142857142854,12.966936,14.646714,14.153266,red
F011-001,F011,validation,Batch 1,10,no,raised,no,damp,95,2024-11-20,10,0,0,0,2,95,73.31285714285715,78.51,28.01857142857143,11.513055,12.662571,12.141738,amber
F011-002,F011,validation,Batch 2,8,no,raised,no,damp,21,2025-03-12,8,0,0,0,2,21,73.98642857142856,81.64,28.128571428571426,12.401563,12.797286,12.465094,amber
F011-003,F011,validation,Batch 3,11,no,floor,no,dry,1,2025-06-15,11,0,1,0,0,1,85.54642857142858,88.69,25.76142857142857,11.26788,16.109286,11.308057,green
F011-004,F011,validation,Batch 4,10,no,floor,yes,damp,43,2025-06-11,10,0,1,1,2,43,82.66142857142857,85.66,24.782857142857143,11.276967,15.532286,12.558498,amber
F011-005,F011,validation,Batch 5,13,yes,raised,no,unsure,118,2024-11-25,13,1,0,0,1,118,73.69285714285715,78.24,28.224285714285717,12.844538,12.738571,12.778209,amber
F011-006,F011,validation,Batch 6,5,no,floor,yes,damp,130,2024-10-09,5,0,1,1,2,130,69.64214285714284,77.15,28.177142857142858,14.291506,12.928429,13.389783,red
F011-007,F011,validation,Batch 7,13,no,floor,no,unsure,51,2025-01-22,13,0,1,0,1,51,73.81714285714285,78.24,28.365000000000002,11.038487,13.763429,11.981944,green
F011-008,F011,validation,Batch 8,0,no,raised,no,damp,68,2025-01-20,0,0,0,0,2,68,73.40714285714284,81.64,28.105000000000008,16.13736,12.681429,14.642371,red
F011-009,F011,validation,Batch 9,10,no,raised,no,damp,112,2025-02-25,10,0,0,0,2,112,85.82714285714287,88.69,25.703571428571426,10.48707,15.165429,13.325707,red
F011-010,F011,validation,Batch 10,9,yes,floor,no,unsure,121,2024-12-10,9,1,1,0,1,121,73.99785714285713,79.69,28.497142857142855,12.722993,13.799571,13.406807,red
F011-011,F011,validation,Batch 1,11,no,floor,no,dry,156,2024-08-20,11,0,1,0,0,156,60.48642857142857,80.0,26.486428571428572,11.665841,11.097286,11.252235,green
F011-012,F011,validation,Batch 2,10,no,raised,no,unsure,135,2025-01-23,10,0,0,0,1,135,83.22428571428573,88.69,26.26285714285714,10.153703,14.644857,13.186793,red
F011-013,F011,validation,Batch 3,7,no,raised,yes,damp,126,2025-02-06,7,0,0,1,2,126,84.30071428571429,88.69,26.17071428571428,11.987178,14.860143,13.854784,red
F011-014,F011,validation,Batch 4,2,no,raised,no,dry,180,2024-08-02,2,0,0,0,0,180,66.50928571428572,80.0,27.219285714285714,15.539393,11.301857,12.247379,amber
F011-015,F011,validation,Batch 5,3,yes,floor,no,damp,137,2025-01-21,3,1,1,0,2,137,83.22428571428573,88.69,26.26285714285714,17.55708,15.644857,16.255404,red
F011-016,F011,validation,Batch 6,14,no,raised,no,dry,13,2025-05-01,14,0,0,0,0,13,79.49928571428573,87.53,27.308571428571433,11.277748,13.899857,11.546964,green
F011-017,F011,validation,Batch 7,8,no,floor,no,damp,136,2025-02-23,8,0,1,0,2,136,86.75142857142858,90.36,24.902857142857147,11.731748,16.350286,14.863309,red
F011-018,F011,validation,Batch 8,4,no,raised,yes,damp,38,2025-02-11,4,0,0,1,2,38,74.48857142857143,78.24,28.12714285714286,13.895903,12.897714,13.624968,red
F011-019,F011,validation,Batch 9,12,no,floor,yes,damp,163,2024-08-26,12,0,1,1,2,163,70.09071428571428,80.0,27.528571428571432,12.124878,13.018143,12.788494,amber
F011-020,F011,validation,Batch 10,11,no,raised,no,unsure,132,2024-11-23,11,0,0,0,1,132,74.67928571428571,81.64,28.17071428571429,10.873326,12.935857,12.2493,amber
F011-021,F011,validation,Batch 1,16,no,raised,no,unsure,178,2024-10-01,16,0,0,0,1,178,73.63142857142857,81.64,28.07000000000001,11.646634,12.726286,12.481334,amber
F011-022,F011,validation,Batch 2,8,yes,floor,yes,damp,24,2024-12-16,8,1,1,1,2,24,72.47714285714285,81.58,27.456428571428567,13.841813,13.495429,13.779024,red
F011-023,F011,validation,Batch 3,3,no,floor,no,damp,46,2025-05-24,3,0,1,0,2,46,86.75142857142858,90.36,24.902857142857147,14.731853,16.350286,15.247185,red
F011-024,F011,validation,Batch 4,9,yes,floor,yes,damp,156,2024-10-12,9,1,1,1,2,156,75.175,78.24,28.174999999999994,13.417773,14.035,13.866786,red
F011-025,F011,validation,Batch 5,10,no,floor,no,unsure,54,2025-05-29,10,0,1,0,1,54,83.33714285714287,90.36,24.73,11.309111,15.667429,12.888442,amber
F011-026,F011,validation,Batch 6,12,no,raised,no,dry,126,2024-09-24,12,0,0,0,0,126,65.80071428571429,80.0,27.134285714285713,11.281224,11.160143,11.202514,green
F011-027,F011,validation,Batch 7,10,no,raised,no,damp,47,2025-03-30,10,0,0,0,2,47,80.00642857142854,87.53,27.298571428571428,13.239402,14.001286,13.486306,red
F011-028,F011,validation,Batch 8,10,no,raised,no,damp,76,2025-02-05,10,0,0,0,2,76,74.66,79.17,28.250714285714285,12.22475,12.932,12.556578,amber
F011-029,F011,validation,Batch 9,5,no,raised,yes,unsure,49,2024-12-10,5,0,0,1,1,49,65.80071428571429,80.0,27.134285714285713,13.977548,11.160143,13.033034,red
F011-030,F011,validation,Batch 10,13,yes,raised,no,damp,160,2024-12-18,13,1,0,0,2,160,83.30214285714285,89.67,26.474999999999994,13.172646,14.660429,14.268253,red
F011-031,F011,validation,Batch 1,3,no,raised,yes,damp,115,2025-02-09,3,0,0,1,2,115,83.81857142857143,89.67,26.320714285714285,13.30032,14.763714,14.202456,red
F011-032,F011,validation,Batch 2,13,no,raised,no,damp,25,2025-01-09,13,0,0,0,2,25,72.24571428571429,80.0,27.539285714285715,12.205955,12.449143,12.251689,amber
F011-033,F011,validation,Batch 3,7,yes,raised,no,damp,131,2024-10-26,7,1,0,0,2,131,70.05642857142858,78.51,28.15857142857143,13.703287,12.011286,12.579217,amber
F011-034,F011,validation,Batch 4,14,yes,raised,yes,damp,142,2025-03-23,14,1,0,1,2,142,82.35928571428572,87.52,25.172857142857143,13.565821,14.471857,14.194378,red
F011-035,F011,validation,Batch 5,2,no,raised,yes,unsure,136,2024-12-31,2,0,0,1,1,136,80.00642857142854,87.53,27.298571428571428,16.007114,14.001286,14.647079,red
F011-036,F011,validation,Batch 6,13,no,raised,no,damp,51,2024-12-12,13,0,0,0,2,51,70.035,80.0,27.38071428571428,12.133905,12.007,12.089967,amber
F011-037,F011,validation,Batch 7,7,no,raised,yes,unsure,12,2025-07-22,7,0,0,1,1,12,80.76571428571428,85.66,25.272142857142853,13.321849,14.153143,13.400957,red
F011-038,F011,validation,Batch 8,20,yes,raised,no,damp,10,2025-01-16,20,1,0,0,2,10,63.680714285714295,80.0,26.958571428571425,12.949354,10.736143,12.772395,amber
F011-039,F011,validation,Batch 9,9,no,raised,no,unsure,172,2024-08-20,9,0,0,0,1,172,69.68,78.23,27.772142857142853,11.760349,11.936,11.894105,green
F011-040,F011,validation,Batch 10,15,no,raised,yes,damp,149,2025-03-03,15,0,0,1,2,149,81.2042857142857,85.66,25.041428571428575,9.729295,14.240857,12.937456,amber
F011-041,F011,validation,Batch 1,9,no,floor,no,damp,42,2025-06-29,9,0,1,0,2,42,81.61642857142859,87.52,25.32571428571428,11.919565,15.323286,12.924725,amber
F011-042,F011,validation,Batch 2,6,no,floor,yes,unsure,96,2025-02-27,6,0,1,1,1,96,83.73142857142857,89.67,26.414285714285715,13.255981,15.746286,14.62732,red
F011-043,F011,validation,Batch 3,17,no,raised,no,dry,21,2024-12-20,17,0,0,0,0,21,71.40142857142855,77.39,27.400714285714287,10.155998,12.280286,10.497037,green
F011-044,F011,validation,Batch 4,7,no,raised,no,damp,39,2024-12-27,7,0,0,0,2,39,71.35857142857142,80.0,27.529999999999998,12.733147,12.271714,12.605112,amber
F011-045,F011,validation,Batch 5,9,no,floor,no,damp,44,2025-07-17,9,0,1,0,2,44,79.12071428571427,83.94,25.159285714285716,12.759121,14.824143,13.392998,red
F011-046,F011,validation,Batch 6,10,no,raised,no,dry,59,2025-05-23,10,0,0,0,0,59,83.61785714285715,90.36,24.720714285714283,9.494117,14.723571,11.525205,green
F011-047,F011,validation,Batch 7,5,no,raised,no,unsure,113,2025-03-12,5,0,0,0,1,113,86.1857142857143,89.75,25.416428571428572,13.488518,15.237143,14.555219,red
F011-048,F011,validation,Batch 8,15,no,floor,yes,damp,73,2025-04-21,15,0,1,1,2,73,86.1857142857143,89.75,25.416428571428572,11.302919,16.237143,13.551656,red
F011-049,F011,validation,Batch 9,16,yes,raised,no,damp,100,2025-01-23,16,1,0,0,2,100,77.85642857142857,85.86,27.577142857142857,13.264768,13.571286,13.438074,red
F011-050,F011,validation,Batch 10,3,no,raised,no,unsure,17,2025-12-12,3,0,0,0,1,17,76.38142857142859,81.58,26.70214285714286,15.675917,13.276286,15.358951,red
F011-051,F011,validation,Batch 1,15,no,raised,no,dry,105,2024-12-05,15,0,0,0,0,105,74.57857142857142,78.24,28.18071428571429,10.633724,12.915714,11.964439,green
F011-052,F011,validation,Batch 2,16,no,raised,yes,dry,111,2025-03-11,16,0,0,1,0,111,87.03571428571426,90.66,25.40071428571429,11.953394,15.407143,14.037623,red
F011-053,F011,validation,Batch 3,4,no,raised,yes,damp,41,2025-03-19,4,0,0,1,2,41,77.49857142857142,85.86,27.85928571428571,14.999264,13.499714,14.565272,red
F011-054,F011,validation,Batch 4,8,no,floor,no,dry,68,2024-12-04,8,0,1,0,0,68,70.24214285714285,78.23,27.80785714285714,12.069242,13.048429,12.492825,amber
F011-055,F011,validation,Batch 5,5,no,floor,no,damp,15,2025-03-04,5,0,1,0,2,15,74.49142857142859,78.24,28.226428571428578,12.12196,13.898286,12.330684,amber
F011-056,F011,validation,Batch 6,11,no,floor,yes,damp,55,2025-10-27,11,0,1,1,2,55,79.63214285714287,85.68,26.06357142857143,11.813815,14.926429,12.958209,amber
F011-057,F011,validation,Batch 7,13,yes,raised,yes,damp,163,2025-02-01,13,1,0,1,2,163,85.99071428571429,90.36,24.598571428571432,12.32793,15.198143,14.460243,red
F011-058,F011,validation,Batch 8,12,no,floor,no,damp,177,2025-06-30,12,0,1,0,2,177,78.56142857142858,84.53,26.22714285714286,10.010436,14.712286,13.636603,red
F011-059,F011,validation,Batch 9,8,no,raised,no,dry,180,2025-02-04,8,0,0,0,0,180,80.76571428571428,85.66,25.272142857142853,12.14497,14.153143,13.705059,red
F011-060,F011,validation,Batch 10,14,no,raised,yes,dry,140,2025-01-14,14,0,0,1,0,140,83.73142857142857,89.67,26.414285714285715,11.173321,14.746286,13.633653,red
F011-061,F011,validation,Batch 1,18,no,raised,no,damp,134,2024-11-28,18,0,0,0,2,134,74.09642857142858,79.69,28.462857142857143,10.721494,12.819286,12.132533,amber
F011-062,F011,validation,Batch 2,11,yes,floor,no,dry,19,2025-04-26,11,1,1,0,0,19,79.61214285714286,87.53,27.315,12.724928,14.922429,13.046719,red
F011-063,F011,validation,Batch 3,5,no,raised,no,unsure,26,2025-02-19,5,0,0,0,1,26,75.175,78.24,28.174999999999994,13.07574,13.035,13.067804,red
F011-064,F011,validation,Batch 4,12,no,raised,yes,damp,119,2025-08-25,12,0,0,1,2,119,79.21000000000001,84.53,26.11428571428571,11.790628,13.842,13.081028,red
F011-065,F011,validation,Batch 5,11,no,floor,no,damp,132,2024-10-22,11,0,1,0,2,132,69.66214285714285,78.51,28.240000000000002,11.581602,12.932429,12.482777,amber
F011-066,F011,validation,Batch 6,12,no,raised,yes,damp,162,2025-07-20,12,0,0,1,2,162,76.38142857142859,81.58,26.70214285714286,11.397548,13.276286,12.789241,amber
F011-067,F011,validation,Batch 7,1,no,raised,yes,damp,51,2025-04-07,1,0,0,1,2,51,83.45642857142856,89.67,26.444999999999993,16.101861,14.691286,15.613477,red
F011-068,F011,validation,Batch 8,21,no,floor,yes,damp,95,2025-04-17,21,0,1,1,2,95,83.61785714285715,90.36,24.720714285714283,10.739287,15.723571,13.465247,red
F011-069,F011,validation,Batch 9,7,no,floor,no,unsure,134,2024-12-30,7,0,1,0,1,134,79.53785714285716,87.53,27.275000000000002,12.725143,14.907571,14.193111,red
F011-070,F011,validation,Batch 10,11,yes,raised,yes,damp,87,2024-11-09,11,1,0,1,2,87,71.35857142857142,80.0,27.529999999999998,12.814612,12.271714,12.534653,amber
F011-071,F011,validation,Batch 1,10,no,raised,yes,dry,149,2024-10-16,10,0,0,1,0,149,73.81714285714285,78.24,28.365000000000002,11.051894,12.763429,12.268962,amber
F011-072,F011,validation,Batch 2,8,yes,floor,yes,unsure,61,2025-10-03,8,1,1,1,1,61,80.43714285714286,88.55,26.535714285714285,12.32038,15.087429,13.423057,red
F011-073,F011,validation,Batch 3,11,no,raised,no,unsure,26,2025-02-17,11,0,0,0,1,26,74.35285714285715,78.24,28.287857142857142,11.428578,12.870571,11.709481,green
F011-074,F011,validation,Batch 4,16,yes,raised,yes,damp,144,2024-11-17,16,1,0,1,2,144,73.99785714285713,79.69,28.497142857142855,13.01532,12.799571,12.864554,amber
F011-075,F011,validation,Batch 5,0,no,floor,yes,damp,52,2025-01-20,0,0,1,1,2,52,72.97285714285715,78.24,28.48857142857143,17.495025,13.594571,16.123409,red
F011-076,F011,validation,Batch 6,4,no,raised,yes,damp,102,2024-10-16,4,0,0,1,2,102,63.680714285714295,80.0,26.958571428571425,15.432133,10.736143,12.743279,amber
F011-077,F011,validation,Batch 7,11,no,raised,yes,damp,146,2025-01-21,11,0,0,1,2,146,85.54642857142858,88.69,25.76142857142857,9.236208,15.109286,13.369587,red
F011-078,F011,validation,Batch 8,16,yes,raised,no,dry,55,2025-05-16,16,1,0,0,0,55,86.46428571428571,90.36,24.877857142857145,13.016254,15.292857,13.853278,red
F011-079,F011,validation,Batch 9,13,yes,floor,no,damp,43,2024-11-23,13,1,1,0,2,43,74.23857142857142,81.58,27.345,13.177034,13.847714,13.379016,red
F011-080,F011,validation,Batch 10,11,no,raised,no,unsure,35,2025-05-19,11,0,0,0,1,35,86.86357142857142,90.66,25.509999999999998,11.626256,15.372714,12.574044,amber
F012-001,F012,train,Batch 1,5,no,raised,yes,damp,165,2025-01-16,5,0,0,1,2,165,87.03571428571426,90.66,25.40071428571429,13.051634,15.407143,14.811577,red
F012-002,F012,train,Batch 2,9,no,raised,no,dry,19,2025-03-31,9,0,0,0,0,19,74.75500000000001,79.17,28.256428571428575,11.387279,12.951,11.616262,green
F012-003,F012,train,Batch 3,10,no,raised,no,dry,6,2025-03-19,10,0,0,0,0,6,73.55357142857144,78.24,28.14071428571429,10.45411,12.710714,10.564166,green
F012-004,F012,train,Batch 4,6,no,raised,yes,unsure,167,2024-10-25,6,0,0,1,1,167,73.99785714285713,79.69,28.497142857142855,15.279811,12.799571,13.416309,red
F012-005,F012,train,Batch 5,7,no,floor,no,dry,165,2024-08-13,7,0,1,0,0,165,62.06642857142857,80.0,26.784999999999997,12.417195,11.413286,11.667114,green
F012-006,F012,train,Batch 6,8,no,floor,yes,damp,171,2025-02-27,8,0,1,1,2,171,83.31285714285715,87.52,24.79928571428572,11.208205,15.662571,14.591259,red
F012-007,F012,train,Batch 7,2,no,raised,yes,damp,19,2025-02-22,2,0,0,1,2,19,72.97285714285715,78.24,28.48857142857143,15.25334,12.594571,14.864004,red
F012-008,F012,train,Batch 8,9,no,floor,yes,damp,33,2025-11-27,9,0,1,1,2,33,76.82642857142856,81.58,26.73857142857143,13.58129,14.365286,13.769784,red
F012-009,F012,train,Batch 9,1,no,floor,no,damp,131,2025-01-12,1,0,1,0,2,131,82.25357142857145,88.87,26.704999999999995,15.483661,15.450714,15.461773,red
F012-010,F012,train,Batch 10,9,no,raised,no,unsure,111,2025-02-09,9,0,0,0,1,111,83.37642857142858,89.67,26.362142857142857,11.582744,14.675286,13.448996,red
F012-011,F012,train,Batch 1,15,no,raised,no,dry,157,2024-09-29,15,0,0,0,0,157,70.12214285714286,78.51,28.145714285714288,12.436769,12.024429,12.135872,amber
F012-012,F012,train,Batch 2,6,no,raised,yes,damp,155,2025-02-09,6,0,0,1,2,155,85.99071428571429,90.36,24.598571428571432,13.34297,15.198143,14.688318,red
F012-013,F012,train,Batch 3,11,no,raised,no,dry,1,2025-12-07,11,0,0,0,0,1,81.80071428571429,88.91,26.36357142857143,11.037952,14.360143,11.065522,green
F012-014,F012,train,Batch 4,14,yes,floor,yes,damp,80,2025-09-30,14,1,1,1,2,80,80.28499999999998,85.68,26.07571428571429,12.454114,15.057,13.720634,red
F012-015,F012,train,Batch 5,13,no,raised,yes,unsure,168,2025-01-27,13,0,0,1,1,168,85.99071428571429,90.36,24.598571428571432,10.785276,15.198143,14.109943,red
F012-016,F012,train,Batch 6,15,yes,raised,no,unsure,119,2025-01-02,15,1,0,0,1,119,77.765,85.86,27.712142857142855,12.220628,13.553,13.058746,red
F012-017,F012,train,Batch 7,14,no,raised,no,unsure,30,2025-04-12,14,0,0,0,1,30,79.13642857142858,84.02,27.32214285714286,9.91405,13.827286,10.779655,green
F012-018,F012,train,Batch 8,1,no,floor,yes,unsure,28,2025-03-09,1,0,1,1,1,28,75.43071428571427,81.64,28.13,16.192307,14.086143,15.753992,red
F012-019,F012,train,Batch 9,18,yes,floor,no,unsure,0,2025-01-17,18,1,1,0,1,0,63.43285714285713,71.7,26.69785714285715,12.763422,11.686571,12.763422,amber
F012-020,F012,train,Batch 10,9,no,raised,yes,damp,173,2024-10-27,9,0,0,1,2,173,74.38499999999999,78.56,28.30785714285715,12.218674,12.877,12.721284,amber
F012-021,F012,train,Batch 1,16,yes,floor,no,unsure,6,2025-05-27,16,1,1,0,1,6,83.63785714285714,89.67,26.459285714285716,11.855269,15.727571,12.044123,amber
F012-022,F012,train,Batch 2,16,no,floor,no,damp,112,2025-01-05,16,0,1,0,2,112,76.81714285714284,85.86,28.01357142857143,11.168667,14.363429,13.107118,red
F012-023,F012,train,Batch 3,13,no,raised,yes,damp,95,2025-02-18,13,0,0,1,2,95,83.17142857142858,89.67,26.565714285714282,11.053234,14.634286,13.01175,red
F012-024,F012,train,Batch 4,11,no,raised,yes,damp,77,2025-06-04,11,0,0,1,2,77,82.54214285714285,87.52,24.740000000000002,11.521272,14.508429,12.935947,amber
F012-025,F012,train,Batch 5,13,no,raised,no,damp,168,2025-03-03,13,0,0,0,2,168,83.05071428571429,87.52,24.74428571428572,11.587188,14.610143,13.864691,red
F012-026,F012,train,Batch 6,16,no,raised,no,damp,47,2025-05-08,16,0,0,0,2,47,86.75428571428571,90.66,25.47714285714286,11.507557,15.350857,12.753058,amber
F012-027,F012,train,Batch 7,11,no,raised,yes,damp,87,2025-09-18,11,0,0,1,2,87,83.49214285714287,88.91,25.952142857142857,10.957086,14.698429,12.886404,amber
F012-028,F012,train,Batch 8,3,no,floor,no,damp,59,2025-10-07,3,0,1,0,2,59,81.12357142857142,88.91,26.405714285714286,14.083583,15.224714,14.526792,red
F012-029,F012,train,Batch 9,18,no,floor,no,damp,66,2025-01-30,18,0,1,0,2,66,75.43071428571427,81.64,28.13,10.949704,14.086143,12.276575,amber
F012-030,F012,train,Batch 10,9,no,floor,yes,damp,115,2025-08-20,9,0,1,1,2,115,83.23357142857144,88.91,26.002142857142854,12.375274,15.646714,14.392014,red
F012-031,F012,train,Batch 1,9,no,raised,yes,damp,122,2025-04-27,9,0,0,1,2,122,80.61571428571428,83.94,24.84142857142857,11.155733,14.123143,13.049537,red
F012-032,F012,train,Batch 2,14,no,floor,no,damp,71,2025-06-17,14,0,1,0,2,71,80.61571428571428,83.94,24.84142857142857,11.185677,15.123143,12.944133,amber
F012-033,F012,train,Batch 3,13,no,floor,yes,damp,128,2025-03-14,13,0,1,1,2,128,83.89500000000001,90.36,24.712142857142855,11.659016,15.779,14.361092,red
F012-034,F012,train,Batch 4,9,no,raised,no,damp,45,2025-05-26,9,0,0,0,2,45,86.46428571428571,90.36,24.877857142857145,11.69653,15.292857,12.82114,amber
F012-035,F012,train,Batch 5,7,no,floor,yes,damp,150,2025-03-21,7,0,1,1,2,150,83.05071428571429,87.52,24.74428571428572,12.703787,15.610143,14.777458,red
F012-036,F012,train,Batch 6,4,no,raised,yes,damp,44,2025-03-26,4,0,0,1,2,44,80.06714285714285,85.86,27.197142857142858,14.849713,14.013429,14.593007,red
F012-037,F012,train,Batch 7,14,no,raised,no,unsure,112,2024-09-18,14,0,0,0,1,112,72.85499999999999,81.58,27.45285714285714,11.619271,12.571,12.196741,amber
F012-038,F012,train,Batch 8,12,no,floor,yes,unsure,120,2024-12-22,12,0,1,1,1,120,74.545,79.17,28.274285714285718,9.612102,13.909,12.32826,amber
F012-039,F012,train,Batch 9,21,no,floor,no,damp,39,2025-10-30,21,0,1,0,2,39,81.80071428571429,88.91,26.36357142857143,11.895826,15.360143,12.857079,amber
F012-040,F012,train,Batch 10,15,yes,raised,no,dry,70,2024-12-08,15,1,0,0,0,70,69.64214285714284,77.15,28.177142857142858,11.842906,11.928429,11.880704,green
F012-041,F012,train,Batch 1,3,yes,raised,yes,dry,56,2024-12-23,3,1,0,1,0,56,69.72714285714285,77.15,28.16571428571429,16.661321,11.945429,14.902713,red
F012-042,F012,train,Batch 2,10,no,raised,no,dry,23,2025-02-09,10,0,0,0,0,23,70.14928571428571,78.51,28.16142857142857,10.829801,12.029857,11.039112,green
F012-043,F012,train,Batch 3,8,no,floor,yes,damp,147,2025-07-31,8,0,1,1,2,147,77.88071428571429,84.53,26.353571428571428,11.28567,14.576143,13.609541,red
F012-044,F012,train,Batch 4,6,no,floor,yes,damp,138,2024-08-17,6,0,1,1,2,138,75.70357142857144,81.58,27.132857142857144,13.442711,14.140714,13.919701,red
F012-045,F012,train,Batch 5,12,no,raised,no,dry,141,2024-09-06,12,0,0,0,0,141,62.06642857142857,80.0,26.784999999999997,12.465607,10.413286,11.047081,green
F012-046,F012,train,Batch 6,2,no,raised,yes,damp,139,2024-09-30,2,0,0,1,2,139,69.64214285714284,77.15,28.177142857142858,16.151283,11.928429,13.254443,red
F012-047,F012,train,Batch 7,1,no,raised,yes,damp,175,2024-11-04,1,0,0,1,2,175,76.85357142857143,85.86,27.990000000000002,15.431938,13.370714,13.850204,red
F012-048,F012,train,Batch 8,12,no,raised,no,dry,85,2024-11-11,12,0,0,0,0,85,71.35857142857142,80.0,27.529999999999998,10.297797,12.271714,11.299631,green
F012-049,F012,train,Batch 9,11,no,floor,no,dry,10,2025-01-14,11,0,1,0,0,10,60.544285714285714,80.0,26.613571428571426,9.955527,11.108857,10.047743,green
F012-050,F012,train,Batch 10,13,no,raised,no,unsure,78,2025-06-12,13,0,0,0,1,78,79.625,83.94,25.06714285714285,11.929449,13.925,12.883231,amber
F012-051,F012,train,Batch 1,8,no,raised,no,dry,147,2025-02-25,8,0,0,0,0,147,83.33714285714287,90.36,24.73,13.158251,14.667429,14.224096,red
F012-052,F012,train,Batch 2,4,no,floor,yes,unsure,38,2025-03-06,4,0,1,1,1,38,74.16142857142857,79.69,28.390000000000008,15.625279,13.832286,15.138613,red
F012-053,F012,train,Batch 3,12,yes,raised,no,unsure,125,2025-03-13,12,1,0,0,1,125,85.62071428571429,90.36,24.57571428571428,14.181219,15.124143,14.791417,red
F012-054,F012,train,Batch 4,0,no,floor,no,damp,30,2025-05-04,0,0,1,0,2,30,83.73142857142857,89.67,26.414285714285715,17.812036,15.746286,17.355094,red
F012-055,F012,train,Batch 5,11,no,raised,no,damp,87,2025-02-09,11,0,0,0,2,87,78.90142857142858,85.86,27.353571428571428,11.235682,13.780286,12.547872,amber
F012-056,F012,train,Batch 6,17,no,raised,no,damp,117,2025-05-02,17,0,0,0,2,117,80.61571428571428,83.94,24.84142857142857,12.770111,14.123143,13.61279,red
F012-057,F012,train,Batch 7,18,no,raised,no,unsure,3,2025-08-07,18,0,0,0,1,3,81.61642857142859,87.52,25.32571428571428,11.454165,14.323286,11.525004,green
F012-058,F012,train,Batch 8,10,no,raised,yes,dry,115,2025-01-09,10,0,0,1,0,115,78.09857142857143,85.86,27.517857142857142,10.669392,13.619714,12.488173,amber
F012-059,F012,train,Batch 9,13,no,raised,no,unsure,35,2025-06-11,13,0,0,0,1,35,85.62071428571429,90.36,24.57571428571428,10.932007,15.124143,11.992544,green
F012-060,F012,train,Batch 10,12,no,raised,yes,damp,115,2025-02-19,12,0,0,1,2,115,85.29999999999998,88.69,26.00357142857143,10.495488,15.06,13.309365,red
F012-061,F012,train,Batch 1,15,no,raised,no,dry,147,2024-11-13,15,0,0,0,0,147,74.51214285714285,79.69,28.40285714285714,11.220312,12.902429,12.408294,amber
F012-062,F012,train,Batch 2,16,no,floor,no,unsure,117,2025-08-11,16,0,1,0,1,117,81.18071428571429,88.91,26.410714285714285,11.931607,15.236143,13.989697,red
F012-063,F012,train,Batch 3,12,no,floor,yes,unsure,101,2025-02-22,12,0,1,1,1,101,83.73142857142857,89.67,26.414285714285715,11.079441,15.746286,13.734915,red
F012-064,F012,train,Batch 4,19,yes,raised,yes,dry,101,2024-12-29,19,1,0,1,0,101,74.51214285714285,79.69,28.40285714285714,13.495075,12.902429,13.157854,red
F012-065,F012,train,Batch 5,7,yes,floor,no,damp,91,2024-12-25,7,1,1,0,2,91,73.82714285714287,81.64,28.066428571428577,13.193689,13.765429,13.497599,red
F012-066,F012,train,Batch 6,10,no,floor,yes,dry,84,2025-02-20,10,0,1,1,0,84,79.61214285714286,87.53,27.315,11.070892,14.922429,13.009812,red
F012-067,F012,train,Batch 7,9,no,raised,no,dry,71,2024-11-28,9,0,0,0,0,71,69.6592857142857,78.23,27.688571428571425,11.36554,11.931857,11.618455,green
F012-068,F012,train,Batch 8,14,no,raised,no,damp,84,2025-05-13,14,0,0,0,2,84,80.63071428571428,85.31,25.315,11.109615,14.126143,12.628179,amber
F012-069,F012,train,Batch 9,20,no,raised,yes,damp,145,2024-12-09,20,0,0,1,2,145,77.85642857142857,85.86,27.577142857142857,11.952522,13.571286,13.087769,red
F012-070,F012,train,Batch 10,6,yes,floor,yes,damp,15,2025-06-29,6,1,1,1,2,15,85.99071428571429,90.36,24.598571428571432,14.908499,16.198143,15.060036,red
F012-071,F012,train,Batch 1,11,yes,raised,no,unsure,108,2025-08-24,11,1,0,0,1,108,82.76428571428572,88.91,26.20214285714286,13.17115,14.552857,13.991097,red
F012-072,F012,train,Batch 2,12,no,raised,no,unsure,65,2025-06-25,12,0,0,0,1,65,79.625,83.94,25.06714285714285,12.086296,13.925,12.855283,amber
F012-073,F012,train,Batch 3,16,no,floor,no,damp,168,2024-11-30,16,0,1,0,2,168,80.43428571428569,87.53,27.237142857142857,11.078466,15.086857,14.0984,red
F012-074,F012,train,Batch 4,3,no,raised,yes,damp,33,2025-01-21,3,0,0,1,2,33,73.31285714285715,78.51,28.01857142857143,15.161481,12.662571,14.560673,red
F012-075,F012,train,Batch 5,12,no,raised,no,unsure,169,2024-08-24,12,0,0,0,1,169,69.97785714285715,78.23,27.793571428571422,10.985798,11.995571,11.748631,green
F012-076,F012,train,Batch 6,4,no,raised,no,damp,5,2025-12-06,4,0,0,0,2,5,82.97428571428573,88.91,26.115000000000002,14.724192,14.594857,14.718913,red
F012-077,F012,train,Batch 7,16,no,raised,no,dry,28,2025-07-06,16,0,0,0,0,28,80.76571428571428,85.66,25.272142857142853,11.235591,14.153143,11.842764,green
F012-078,F012,train,Batch 8,12,no,raised,no,dry,29,2025-02-16,12,0,0,0,0,29,75.175,78.24,28.174999999999994,11.527381,13.035,11.85104,green
F012-079,F012,train,Batch 9,13,no,floor,yes,damp,100,2025-05-08,13,0,1,1,2,100,82.93428571428572,87.52,24.935000000000002,9.857058,15.586857,13.096697,red
F012-080,F012,train,Batch 10,10,no,raised,no,damp,136,2025-02-15,10,0,0,0,2,136,86.74642857142855,90.66,25.40357142857143,10.836844,15.349286,13.896468,red
F013-001,F013,test,Batch 1,9,no,raised,no,unsure,27,2024-12-15,9,0,0,0,1,27,69.75357142857142,77.39,27.245714285714286,11.051072,11.950714,11.232336,green
F013-002,F013,test,Batch 2,4,yes,raised,yes,damp,133,2024-10-25,4,1,0,1,2,133,69.60785714285714,78.51,28.26928571428571,15.679213,11.921571,13.162002,red
F013-003,F013,test,Batch 3,9,yes,floor,no,damp,169,2024-12-20,9,1,1,0,2,169,83.22428571428573,88.69,26.26285714285714,13.72028,15.644857,15.174201,red
F013-004,F013,test,Batch 4,5,no,raised,yes,damp,30,2025-07-06,5,0,0,1,2,30,80.63071428571428,85.31,25.315,13.139001,14.126143,13.357356,red
F013-005,F013,test,Batch 5,16,no,raised,no,unsure,3,2025-08-23,16,0,0,0,1,3,80.93928571428572,83.94,24.810000000000002,11.438148,14.187857,11.506039,green
F013-006,F013,test,Batch 6,7,no,floor,no,damp,81,2025-01-27,7,0,1,0,2,81,74.38499999999999,78.56,28.30785714285715,12.637807,13.877,13.246057,red
F013-007,F013,test,Batch 7,9,no,raised,yes,damp,151,2024-12-06,9,0,0,1,2,151,79.15428571428572,85.86,27.290714285714284,10.757764,13.830857,12.957708,amber
F013-008,F013,test,Batch 8,12,yes,floor,no,damp,150,2024-10-20,12,1,1,0,2,150,74.49142857142859,78.24,28.226428571428578,12.831629,13.898286,13.592683,red
F013-009,F013,test,Batch 9,12,yes,floor,no,damp,119,2025-08-22,12,1,1,0,2,119,80.28499999999998,85.68,26.07571428571429,12.903372,15.057,14.258095,red
F013-010,F013,test,Batch 10,14,no,raised,yes,damp,56,2024-11-06,14,0,0,1,2,56,76.62857142857142,81.58,26.99285714285714,12.539435,13.325714,12.832647,amber
F013-011,F013,test,Batch 1,12,no,floor,no,dry,10,2025-05-10,12,0,1,0,0,10,81.05857142857143,87.53,26.972142857142853,10.706108,15.211714,11.066356,green
F013-012,F013,test,Batch 2,8,yes,raised,yes,damp,127,2024-11-29,8,1,0,1,2,127,74.88714285714285,81.64,28.173571428571424,13.64226,12.977429,13.208147,red
F013-013,F013,test,Batch 3,15,yes,raised,no,unsure,96,2024-10-30,15,1,0,0,1,96,72.24571428571429,80.0,27.539285714285715,13.226495,12.449143,12.79843,amber
F013-014,F013,test,Batch 4,16,no,raised,no,dry,63,2024-12-21,16,0,0,0,0,63,73.21571428571428,78.05,28.141428571428573,11.445141,12.643143,11.934458,green
F013-015,F013,test,Batch 5,14,no,floor,yes,damp,78,2025-04-04,14,0,1,1,2,78,86.61928571428571,90.66,25.617142857142852,11.806271,16.323857,13.96547,red
F013-016,F013,test,Batch 6,6,no,floor,no,damp,20,2025-05-29,6,0,1,0,2,20,85.98428571428573,90.66,25.713571428571424,14.443069,16.196857,14.712308,red
F013-017,F013,test,Batch 7,6,no,raised,yes,dry,147,2024-11-29,6,0,0,1,0,147,75.45071428571428,82.23,28.19785714285714,13.853938,13.090143,13.314514,red
F013-018,F013,test,Batch 8,9,no,floor,no,damp,64,2025-02-28,9,0,1,0,2,64,77.85642857142857,85.86,27.577142857142857,13.01072,14.571286,13.655786,red
F013-019,F013,test,Batch 9,13,no,floor,yes,dry,62,2025-04-05,13,0,1,1,0,62,83.2942857142857,89.67,26.285,12.950832,15.658857,14.043505,red
F013-020,F013,test,Batch 10,14,no,raised,yes,dry,52,2025-02-09,14,0,0,1,0,52,73.98642857142856,81.64,28.128571428571426,10.711506,12.797286,11.444982,green
F013-021,F013,test,Batch 1,4,no,floor,no,damp,47,2024-12-03,4,0,1,0,2,47,60.872857142857136,71.7,26.470714285714283,14.0437,11.174571,13.1139,red
F013-022,F013,test,Batch 2,9,no,raised,no,dry,29,2025-11-25,9,0,0,0,0,29,78.56142857142858,84.53,26.22714285714286,10.693521,13.712286,11.341596,green
F013-023,F013,test,Batch 3,4,yes,raised,no,unsure,103,2025-01-20,4,1,0,0,1,103,77.85642857142857,85.86,27.577142857142857,15.537356,13.571286,14.40464,red
F013-024,F013,test,Batch 4,14,no,raised,yes,damp,176,2024-12-20,14,0,0,1,2,176,85.29999999999998,88.69,26.00357142857143,11.804026,15.06,14.308869,red
F013-025,F013,test,Batch 5,14,no,raised,no,unsure,71,2025-05-29,14,0,0,0,1,71,81.1557142857143,87.52,25.33142857142857,11.029067,14.231143,12.4591,amber
F013-026,F013,test,Batch 6,14,no,raised,no,dry,27,2025-05-04,14,0,0,0,0,27,83.37642857142858,89.67,26.362142857142857,9.52228,14.675286,10.560527,green
F013-027,F013,test,Batch 7,7,no,raised,yes,damp,152,2025-02-02,7,0,0,1,2,152,86.51714285714287,90.2,25.26357142857142,12.954925,15.303429,14.641692,red
F013-028,F013,test,Batch 8,3,no,floor,yes,unsure,87,2025-04-30,3,0,1,1,1,87,81.87142857142858,85.66,24.78214285714285,13.380251,15.374286,14.408526,red
F013-029,F013,test,Batch 9,12,no,raised,no,dry,137,2024-09-06,12,0,0,0,0,137,60.18857142857142,71.7,26.484999999999996,11.238829,10.037714,10.421214,green
F013-030,F013,test,Batch 10,6,no,raised,yes,damp,157,2024-11-05,6,0,0,1,2,157,74.09642857142858,79.69,28.462857142857143,11.855722,12.819286,12.558863,amber
F013-031,F013,test,Batch 1,16,no,raised,no,dry,2,2025-06-28,16,0,0,0,0,2,87.03571428571426,90.66,25.40071428571429,11.580105,15.407143,11.643361,green
F013-032,F013,test,Batch 2,4,no,raised,no,damp,11,2025-07-03,4,0,0,0,2,11,85.99071428571429,90.36,24.598571428571432,13.73894,15.198143,13.866753,red
F013-033,F013,test,Batch 3,8,no,raised,no,damp,177,2024-08-19,8,0,0,0,2,177,70.62928571428571,78.23,27.86357142857143,12.475731,12.125857,12.205901,amber
F013-034,F013,test,Batch 4,8,yes,floor,yes,damp,167,2025-07-14,8,1,1,1,2,167,76.70642857142857,81.94,26.624285714285715,13.559214,14.341286,14.146815,red
F013-035,F013,test,Batch 5,9,no,floor,yes,damp,123,2025-04-18,9,0,1,1,2,123,82.92928571428571,87.52,24.719285714285714,11.454645,15.585857,14.103593,red
F013-036,F013,test,Batch 6,7,yes,raised,no,unsure,111,2025-01-03,7,1,0,0,1,111,75.46785714285714,82.23,28.179285714285708,14.552582,13.093571,13.672115,red
F013-037,F013,test,Batch 7,9,no,raised,no,dry,41,2025-05-06,9,0,0,0,0,41,85.54642857142858,88.69,25.76142857142857,10.45418,15.109286,11.801437,green
F013-038,F013,test,Batch 8,13,yes,raised,yes,damp,112,2025-02-18,13,1,0,1,2,112,83.98000000000002,88.69,26.188571428571425,13.064966,14.796,14.115287,red
F013-039,F013,test,Batch 9,6,no,raised,yes,damp,149,2024-10-19,6,0,0,1,2,149,75.175,78.24,28.174999999999994,12.329262,13.035,12.831111,amber
F013-040,F013,test,Batch 10,16,no,floor,no,unsure,69,2024-10-27,16,0,1,0,1,69,75.20214285714285,81.58,27.287857142857142,11.392028,14.040429,12.550161,amber
F013-041,F013,test,Batch 1,11,yes,raised,no,damp,172,2024-08-25,11,1,0,0,2,172,70.70714285714284,78.23,27.902857142857147,12.475575,12.141429,12.221127,amber
F013-042,F013,test,Batch 2,10,no,raised,no,dry,116,2024-12-13,10,0,0,0,0,116,75.32857142857142,81.64,28.277142857142852,11.427909,13.065714,12.442777,amber
F013-043,F013,test,Batch 3,17,no,raised,no,dry,25,2025-01-27,17,0,0,0,0,25,72.98214285714285,77.15,28.216428571428573,10.620105,12.596429,10.99178,green
F013-044,F013,test,Batch 4,13,yes,floor,no,damp,100,2024-09-26,13,1,1,0,2,100,75.20214285714285,81.58,27.287857142857142,12.745606,14.040429,13.477701,red
F013-045,F013,test,Batch 5,8,yes,raised,no,damp,87,2025-01-30,8,1,0,0,2,87,76.81714285714284,85.86,28.01357142857143,13.036997,13.363429,13.20533,red
F013-046,F013,test,Batch 6,14,no,raised,no,damp,155,2025-03-03,14,0,0,0,2,155,80.63071428571428,85.31,25.315,12.617287,14.126143,13.711491,red
F013-047,F013,test,Batch 7,6,yes,raised,no,damp,74,2024-11-12,6,1,0,0,2,74,62.06642857142857,80.0,26.784999999999997,14.078764,10.413286,12.391693,amber
F013-048,F013,test,Batch 8,3,no,raised,no,damp,117,2024-10-13,3,0,0,0,2,117,69.6592857142857,78.23,27.688571428571425,13.964397,11.931857,12.698516,amber
F013-049,F013,test,Batch 9,16,no,floor,no,unsure,90,2024-10-25,16,0,1,0,1,90,60.48642857142857,80.0,26.486428571428572,10.438585,11.097286,10.786138,green
F013-050,F013,test,Batch 10,8,no,raised,no,dry,129,2024-09-01,8,0,0,0,0,129,72.85499999999999,81.58,27.45285714285714,12.62682,12.571,12.590051,amber
F013-051,F013,test,Batch 1,11,yes,raised,no,unsure,116,2025-04-06,11,1,0,0,1,116,81.15499999999999,85.66,25.083571428571425,12.484219,14.231,13.566614,red
F013-052,F013,test,Batch 2,12,yes,raised,yes,unsure,66,2025-02-11,12,1,0,1,1,66,74.38499999999999,78.56,28.30785714285715,12.617075,12.877,12.727036,amber
F013-053,F013,test,Batch 3,13,no,raised,no,damp,0,2025-06-03,13,0,0,0,2,0,83.73142857142857,89.67,26.414285714285715,10.932244,14.746286,10.932244,green
F013-054,F013,test,Batch 4,8,no,floor,yes,dry,6,2025-05-30,8,0,1,1,0,6,83.76857142857143,89.67,26.266428571428573,13.686542,15.753714,13.787359,red
F013-055,F013,test,Batch 5,9,no,floor,yes,damp,163,2024-12-11,9,0,1,1,2,163,82.25357142857145,88.87,26.704999999999995,12.113746,15.450714,14.592817,red
F013-056,F013,test,Batch 6,0,no,raised,no,dry,103,2024-12-06,0,0,0,0,0,103,74.49142857142859,78.24,28.226428571428578,16.828841,12.898286,14.564322,red
F013-057,F013,test,Batch 7,15,no,floor,yes,damp,173,2025-06-13,15,0,1,1,2,173,80.43714285714286,88.55,26.535714285714285,12.026858,15.087429,14.363502,red
F013-058,F013,test,Batch 8,10,no,raised,no,damp,99,2025-09-14,10,0,0,0,2,99,79.21000000000001,84.53,26.11428571428571,10.001549,13.842,12.15898,amber
F013-059,F013,test,Batch 9,9,no,floor,yes,damp,87,2025-04-03,9,0,1,1,2,87,86.98571428571428,90.66,25.385,10.607246,16.397143,13.592954,red
F013-060,F013,test,Batch 10,11,no,raised,no,dry,61,2025-02-10,11,0,0,0,0,61,74.28428571428572,79.69,28.390000000000004,10.533098,12.856857,11.459122,green
F013-061,F013,test,Batch 1,18,yes,raised,yes,damp,107,2025-04-05,18,1,0,1,2,107,83.61785714285715,90.36,24.720714285714283,11.864421,14.723571,13.5514,red
F013-062,F013,test,Batch 2,9,yes,floor,no,unsure,18,2025-03-03,9,1,1,0,1,18,74.48857142857143,78.24,28.12714285714286,13.024094,13.897714,13.145782,red
F013-063,F013,test,Batch 3,14,yes,floor,no,unsure,34,2024-12-28,14,1,1,0,1,34,68.05357142857142,80.0,27.29357142857143,10.760844,12.610714,11.217265,green
F013-064,F013,test,Batch 4,15,no,floor,no,damp,104,2025-01-31,15,0,1,0,2,104,79.61214285714286,87.53,27.315,11.686587,14.922429,13.562241,red
F013-065,F013,test,Batch 5,10,no,floor,no,damp,154,2025-03-27,10,0,1,0,2,154,80.03499999999998,83.94,24.977142857142855,9.548945,15.007,13.494507,red
F013-066,F013,test,Batch 6,4,yes,floor,yes,damp,125,2025-01-18,4,1,1,1,2,125,82.25357142857145,88.87,26.704999999999995,15.855255,15.450714,15.593463,red
F013-067,F013,test,Batch 7,11,no,floor,yes,unsure,172,2024-08-21,11,0,1,1,1,172,69.97785714285715,78.23,27.793571428571422,10.648863,12.995571,12.435852,amber
F013-068,F013,test,Batch 8,9,no,raised,no,dry,49,2024-12-12,9,0,0,0,0,49,66.90071428571429,80.0,27.23142857142857,12.025014,11.380143,11.808825,green
F013-069,F013,test,Batch 9,4,no,raised,no,damp,155,2024-09-28,4,0,0,0,2,155,69.65928571428572,78.51,28.177142857142854,14.919917,11.931857,12.753013,amber
F013-070,F013,test,Batch 10,9,no,raised,no,damp,127,2024-12-05,9,0,0,0,2,127,74.09642857142858,79.69,28.462857142857143,14.011805,12.819286,13.23313,red
F013-071,F013,test,Batch 1,13,no,raised,no,damp,30,2025-02-08,13,0,0,0,2,30,69.37785714285715,77.34,28.559285714285718,12.133261,11.875571,12.076261,amber
F013-072,F013,test,Batch 2,11,yes,raised,no,damp,76,2025-01-02,11,1,0,0,2,76,74.49142857142859,78.24,28.226428571428578,12.606623,12.898286,12.743465,amber
F013-073,F013,test,Batch 3,10,yes,raised,yes,damp,180,2025-01-19,10,1,0,1,2,180,84.62285714285714,90.36,24.603571428571424,12.160185,14.924571,14.307753,red
F013-074,F013,test,Batch 4,10,no,raised,no,dry,75,2025-05-06,10,0,0,0,0,75,83.89500000000001,90.36,24.712142857142855,10.394607,14.779,12.432203,amber
F013-075,F013,test,Batch 5,12,no,raised,no,dry,169,2024-09-11,12,0,0,0,0,169,70.21714285714285,78.51,28.01071428571428,10.808546,12.043429,11.741437,green
F013-076,F013,test,Batch 6,8,no,raised,no,dry,177,2024-09-20,8,0,0,0,0,177,74.99642857142858,78.24,28.19857142857143,13.553773,12.999286,13.126141,red
F013-077,F013,test,Batch 7,2,no,floor,yes,damp,142,2024-11-07,2,0,1,1,2,142,73.40714285714284,81.64,28.105000000000008,14.458862,13.681429,13.919522,red
F013-078,F013,test,Batch 8,0,yes,floor,no,damp,22,2024-12-18,0,1,1,0,2,22,72.47714285714285,81.58,27.456428571428567,17.844028,13.495429,17.115597,red
F013-079,F013,test,Batch 9,8,no,raised,no,unsure,60,2025-01-28,8,0,0,0,1,60,73.40714285714284,81.64,28.105000000000008,11.981097,12.681429,12.256656,amber
F013-080,F013,test,Batch 10,7,yes,raised,no,damp,36,2025-02-28,7,1,0,0,2,36,74.88714285714285,81.64,28.173571428571424,13.474523,12.977429,13.345685,red
F014-001,F014,train,Batch 1,4,no,raised,yes,damp,144,2025-01-29,4,0,0,1,2,144,86.71142857142857,90.66,25.57785714285714,15.349288,15.342286,15.344395,red
F014-002,F014,train,Batch 2,11,yes,floor,yes,damp,162,2024-08-25,11,1,1,1,2,162,72.24571428571429,80.0,27.539285714285715,12.834291,13.449143,13.289749,red
F014-003,F014,train,Batch 3,5,no,raised,yes,damp,72,2025-01-25,5,0,0,1,2,72,75.32785714285714,81.64,28.215714285714284,13.885641,13.065571,13.515635,red
F014-004,F014,train,Batch 4,5,no,floor,yes,damp,53,2025-01-02,5,0,1,1,2,53,72.81714285714285,78.51,28.025000000000002,13.548416,13.563429,13.553776,red
F014-005,F014,train,Batch 5,16,no,raised,yes,damp,177,2024-11-03,16,0,0,1,2,177,77.49857142857142,85.86,27.85928571428571,12.133531,13.499714,13.187161,red
F014-006,F014,train,Batch 6,16,no,raised,no,damp,74,2025-05-15,16,0,0,0,2,74,81.43357142857143,85.66,24.945,10.290464,14.286714,12.129776,amber
F014-007,F014,train,Batch 7,12,no,floor,no,dry,8,2025-12-14,12,0,1,0,0,8,79.21000000000001,84.53,26.11428571428571,11.732162,14.842,11.932725,green
F014-008,F014,train,Batch 8,9,no,raised,no,unsure,29,2024-12-23,9,0,0,0,1,29,60.18857142857142,71.7,26.484999999999996,12.34705,10.037714,11.851277,green
F014-009,F014,train,Batch 9,12,no,floor,yes,unsure,118,2025-03-09,12,0,1,1,1,118,86.36357142857143,90.2,25.183571428571423,12.091783,16.272714,14.708786,red
F014-010,F014,train,Batch 10,10,no,raised,no,damp,109,2025-05-02,10,0,0,0,2,109,82.92928571428571,87.52,24.719285714285714,10.733438,14.585857,13.032579,red
F014-011,F014,train,Batch 1,9,no,floor,no,damp,6,2025-01-18,9,0,1,0,2,6,60.544285714285714,80.0,26.613571428571426,11.531663,11.108857,11.511042,green
F014-012,F014,train,Batch 2,1,yes,raised,yes,damp,34,2025-05-04,1,1,0,1,2,34,83.22428571428573,88.69,26.26285714285714,16.67027,14.644857,16.170537,red
F014-013,F014,train,Batch 3,12,no,floor,no,damp,14,2025-06-11,12,0,1,0,2,14,86.83357142857143,90.66,25.43857142857143,12.23563,16.366714,12.690538,amber
F014-014,F014,train,Batch 4,11,no,floor,no,damp,30,2025-04-24,11,0,1,0,2,30,83.17142857142858,89.67,26.565714285714282,10.345928,15.634286,11.515708,green
F014-015,F014,train,Batch 5,16,no,raised,no,damp,120,2024-12-24,16,0,0,0,2,120,75.51857142857143,82.23,28.140714285714278,10.918843,13.103714,12.299945,amber
F014-016,F014,train,Batch 6,11,no,floor,no,unsure,155,2024-08-17,11,0,1,0,1,155,60.872857142857136,71.7,26.470714285714283,12.890204,11.174571,11.646049,green
F014-017,F014,train,Batch 7,6,no,raised,yes,dry,178,2025-02-21,6,0,0,1,0,178,83.05071428571429,87.52,24.74428571428572,14.241877,14.610143,14.526591,red
F014-018,F014,train,Batch 8,18,yes,raised,yes,damp,111,2025-09-10,18,1,0,1,2,111,76.82642857142856,81.58,26.73857142857143,11.306285,13.365286,12.548827,amber
F014-019,F014,train,Batch 9,3,no,floor,no,damp,143,2025-07-31,3,0,1,0,2,143,79.63214285714287,85.68,26.06357142857143,14.950264,14.926429,14.933668,red
F014-020,F014,train,Batch 10,8,no,raised,no,unsure,54,2025-05-26,8,0,0,0,1,54,84.09,90.36,24.682857142857138,12.139661,14.818,13.110216,red
F014-021,F014,train,Batch 1,12,yes,raised,no,dry,51,2024-12-30,12,1,0,0,0,51,72.61214285714284,77.15,28.237857142857145,13.379522,12.522429,13.08277,red
F014-022,F014,train,Batch 2,8,no,raised,no,dry,11,2025-07-23,8,0,0,0,0,11,80.76571428571428,85.66,25.272142857142853,12.849977,14.153143,12.964122,amber
F014-023,F014,train,Batch 3,16,yes,floor,yes,damp,176,2024-11-29,16,1,1,1,2,176,83.17142857142858,89.67,26.565714285714282,12.57416,15.634286,14.928336,red
F014-024,F014,train,Batch 4,14,no,raised,no,unsure,0,2025-05-27,14,0,0,0,1,0,83.30214285714285,89.67,26.474999999999994,9.95364,14.660429,9.95364,green
F014-025,F014,train,Batch 5,16,no,raised,no,dry,66,2024-12-02,16,0,0,0,0,66,69.12214285714286,78.23,27.645,11.646685,11.824429,11.721879,green
F014-026,F014,train,Batch 6,20,no,raised,no,damp,86,2025-03-21,20,0,0,0,2,86,85.49428571428571,88.69,25.845714285714283,11.675126,15.098857,13.426784,red
F014-027,F014,train,Batch 7,11,no,floor,yes,damp,148,2025-03-23,11,0,1,1,2,148,83.05071428571429,87.52,24.74428571428572,10.782592,15.610143,14.203781,red
F014-028,F014,train,Batch 8,4,no,raised,yes,damp,173,2025-01-23,4,0,0,1,2,173,85.73071428571428,90.36,24.577857142857145,14.904637,15.146143,15.089019,red
F014-029,F014,train,Batch 9,8,no,raised,no,dry,140,2024-08-28,8,0,0,0,0,140,64.50571428571428,75.06,26.87357142857143,11.49545,10.901143,11.086212,green
F014-030,F014,train,Batch 10,9,yes,raised,yes,damp,147,2024-12-22,9,1,0,1,2,147,80.8785714285714,87.53,27.093571428571426,12.366223,14.175714,13.644162,red
F014-031,F014,train,Batch 1,4,no,raised,yes,damp,88,2025-05-22,4,0,0,1,2,88,83.05071428571429,87.52,24.74428571428572,13.695951,14.610143,14.171052,red
F014-032,F014,train,Batch 2,11,no,raised,no,dry,13,2025-03-12,11,0,0,0,0,13,73.55357142857144,78.24,28.14071428571429,11.478296,12.710714,11.60483,green
F014-033,F014,train,Batch 3,4,no,raised,yes,damp,119,2025-04-18,4,0,0,1,2,119,82.63,87.52,25.035,13.728187,14.526,14.230045,red
F014-034,F014,train,Batch 4,12,no,raised,no,dry,7,2025-03-19,12,0,0,0,0,7,73.82714285714287,81.64,28.066428571428577,11.549636,12.765429,11.618528,green
F014-035,F014,train,Batch 5,9,no,raised,no,damp,45,2025-02-27,9,0,0,0,2,45,74.16142857142857,79.69,28.390000000000008,12.935353,12.832286,12.903123,amber
F014-036,F014,train,Batch 6,20,no,floor,no,dry,10,2025-03-14,20,0,1,0,0,10,73.70214285714287,78.24,28.172857142857143,11.96813,13.740429,12.109835,amber
F014-037,F014,train,Batch 7,15,no,raised,yes,unsure,143,2025-07-26,15,0,0,1,1,143,82.75928571428572,88.91,25.957857142857144,11.313513,14.551857,13.568324,red
F014-038,F014,train,Batch 8,18,no,raised,no,damp,81,2024-10-16,18,0,0,0,2,81,74.23857142857142,81.58,27.345,11.568456,12.847714,12.196372,amber
F014-039,F014,train,Batch 9,16,no,floor,no,unsure,43,2025-03-30,16,0,1,0,1,43,79.13642857142858,84.02,27.32214285714286,10.634236,14.827286,11.897015,green
F014-040,F014,train,Batch 10,8,yes,raised,no,damp,24,2025-02-23,8,1,0,0,2,24,74.49142857142859,78.24,28.226428571428578,14.135163,12.898286,13.910955,red
F014-041,F014,train,Batch 1,6,yes,raised,no,dry,150,2024-08-30,6,1,0,0,0,150,65.07714285714287,80.0,27.072142857142858,13.347406,11.015429,11.683551,green
F014-042,F014,train,Batch 2,16,no,raised,yes,damp,95,2025-05-19,16,0,0,1,2,95,81.94500000000001,84.22,24.768571428571427,11.967234,14.389,13.291725,red
F014-043,F014,train,Batch 3,9,no,floor,no,damp,65,2025-06-24,9,0,1,0,2,65,80.03499999999998,83.94,24.977142857142855,12.602834,15.007,13.608309,red
F014-044,F014,train,Batch 4,17,no,floor,no,damp,13,2025-11-22,17,0,1,0,2,13,81.12357142857142,88.91,26.405714285714286,11.847448,15.224714,12.194197,amber
F014-045,F014,train,Batch 5,6,no,raised,no,unsure,94,2025-03-03,6,0,0,0,1,94,83.76857142857143,89.67,26.266428571428573,13.002963,14.753714,13.95383,red
F014-046,F014,train,Batch 6,5,no,raised,yes,damp,82,2025-05-01,5,0,0,1,2,82,83.33714285714287,90.36,24.73,14.173061,14.667429,14.417807,red
F014-047,F014,train,Batch 7,5,no,raised,no,damp,34,2025-04-18,5,0,0,0,2,34,81.90714285714286,87.53,26.756428571428568,13.821016,14.381429,13.959287,red
F014-048,F014,train,Batch 8,17,no,floor,yes,dry,95,2025-01-11,17,0,1,1,0,95,74.27428571428572,78.56,28.309285714285718,12.11375,13.854857,13.065981,red
F014-049,F014,train,Batch 9,13,no,floor,no,dry,12,2025-08-16,13,0,1,0,0,12,80.03499999999998,83.94,24.977142857142855,10.383804,15.007,10.823759,green
F014-050,F014,train,Batch 10,3,yes,floor,yes,damp,41,2025-11-02,3,1,1,1,2,41,83.23357142857144,88.91,26.002142857142854,15.325298,15.646714,15.418321,red
F014-051,F014,train,Batch 1,6,no,raised,yes,unsure,149,2025-07-08,6,0,0,1,1,149,81.07714285714287,88.91,26.435714285714283,13.815927,14.215429,14.100012,red
F014-052,F014,train,Batch 2,16,no,floor,yes,damp,58,2025-04-20,16,0,1,1,2,58,85.82714285714287,88.69,25.703571428571426,10.262467,16.165429,12.524929,amber
F014-053,F014,train,Batch 3,10,no,raised,no,dry,111,2025-04-12,10,0,0,0,0,111,81.2192857142857,85.66,25.12285714285714,12.21565,14.243857,13.439609,red
F014-054,F014,train,Batch 4,16,no,raised,no,damp,45,2025-05-30,16,0,0,0,2,45,85.99071428571429,90.36,24.598571428571432,10.559314,15.198143,12.009926,amber
F014-055,F014,train,Batch 5,8,no,raised,yes,damp,119,2025-03-17,8,0,0,1,2,119,85.99071428571429,90.36,24.598571428571432,12.338671,15.198143,14.137399,red
F014-056,F014,train,Batch 6,2,yes,raised,no,unsure,41,2025-03-04,2,1,0,0,1,41,73.76428571428572,77.92,28.446428571428577,15.252168,12.752857,14.52883,red
F014-057,F014,train,Batch 7,13,no,raised,yes,damp,130,2025-04-12,13,0,0,1,2,130,82.54214285714285,87.52,24.740000000000002,11.075372,14.508429,13.346458,red
F014-058,F014,train,Batch 8,20,yes,floor,no,unsure,148,2024-10-25,20,1,1,0,1,148,74.04142857142858,78.24,28.189285714285717,13.632388,13.808286,13.757043,red
F014-059,F014,train,Batch 9,6,no,raised,no,damp,123,2024-10-26,6,0,0,0,2,123,70.72571428571429,78.51,27.957142857142856,14.193324,12.145143,12.880023,amber
F014-060,F014,train,Batch 10,4,yes,floor,no,unsure,4,2025-02-19,4,1,1,0,1,4,73.31285714285715,78.51,28.01857142857143,14.369957,13.662571,14.346766,red
F014-061,F014,train,Batch 1,9,no,floor,no,damp,40,2025-07-21,9,0,1,0,2,40,79.12071428571427,83.94,25.159285714285716,11.226184,14.824143,12.246093,amber
F014-062,F014,train,Batch 2,8,no,floor,no,unsure,106,2025-05-10,8,0,1,0,1,106,81.38214285714285,84.22,24.82214285714286,13.085171,15.276429,14.370557,red
F014-063,F014,train,Batch 3,16,no,raised,yes,damp,102,2025-02-17,16,0,0,1,2,102,83.83642857142857,89.67,26.28714285714286,12.615674,14.767286,13.847655,red
F014-064,F014,train,Batch 4,3,no,floor,no,damp,72,2025-02-28,3,0,1,0,2,72,78.65214285714286,84.02,27.396428571428576,14.117004,14.730429,14.393774,red
F014-065,F014,train,Batch 5,19,no,floor,yes,dry,152,2024-10-25,19,0,1,1,0,152,73.82714285714287,81.64,28.066428571428577,11.560347,13.765429,13.144104,red
F014-066,F014,train,Batch 6,10,no,raised,no,dry,62,2025-05-07,10,0,0,0,0,62,86.55785714285715,90.2,25.02071428571429,10.793329,15.311571,12.616415,amber
F014-067,F014,train,Batch 7,4,no,raised,yes,damp,162,2024-09-20,4,0,0,1,2,162,69.66428571428571,78.51,28.151428571428568,14.011991,11.932857,12.471852,amber
F014-068,F014,train,Batch 8,12,no,raised,yes,unsure,74,2025-04-17,12,0,0,1,1,74,87.03571428571426,90.66,25.40071428571429,10.813811,15.407143,12.927936,amber
F014-069,F014,train,Batch 9,4,no,floor,no,damp,82,2025-09-12,4,0,1,0,2,82,80.43714285714286,88.55,26.535714285714285,13.613768,15.087429,14.343332,red
F014-070,F014,train,Batch 10,9,no,raised,yes,dry,157,2025-07-17,9,0,0,1,0,157,79.63214285714287,85.68,26.06357142857143,12.715453,13.926429,13.599138,red
F014-071,F014,train,Batch 1,5,no,floor,no,damp,171,2025-02-16,5,0,1,0,2,171,80.42999999999999,85.31,25.357142857142858,14.403068,15.086,14.921749,red
F014-072,F014,train,Batch 2,11,no,floor,yes,damp,163,2024-09-30,11,0,1,1,2,163,72.135,77.97,28.569285714285716,11.648295,13.427,12.969715,amber
F014-073,F014,train,Batch 3,15,no,raised,no,damp,160,2024-11-30,15,0,0,0,2,160,80.06714285714285,85.86,27.197142857142858,11.339819,14.013429,13.308673,red
F014-074,F014,train,Batch 4,16,no,raised,no,damp,65,2025-10-20,16,0,0,0,2,65,78.56142857142858,84.53,26.22714285714286,11.109281,13.712286,12.197915,amber
F014-075,F014,train,Batch 5,9,no,floor,no,damp,70,2025-04-24,9,0,1,0,2,70,86.1857142857143,89.75,25.416428571428572,11.413296,16.237143,13.545267,red
F014-076,F014,train,Batch 6,13,no,floor,no,damp,95,2025-04-02,13,0,1,0,2,95,86.22642857142857,90.2,25.14428571428572,11.605968,16.245286,14.143262,red
F014-077,F014,train,Batch 7,18,no,floor,no,unsure,163,2025-07-01,18,0,1,0,1,163,82.97428571428573,88.91,26.115000000000002,11.652836,15.594857,14.581407,red
F014-078,F014,train,Batch 8,17,no,floor,no,damp,24,2025-06-17,17,0,1,0,2,24,86.49285714285715,90.36,24.87142857142857,11.961285,16.298571,12.747502,amber
F014-079,F014,train,Batch 9,12,no,raised,yes,damp,143,2024-10-22,12,0,0,1,2,143,73.81714285714285,78.24,28.365000000000002,12.43965,12.763429,12.665092,amber
F014-080,F014,train,Batch 10,10,no,raised,no,damp,27,2025-05-23,10,0,0,0,2,27,86.32285714285715,90.66,25.67285714285714,11.452194,15.264571,12.220326,amber
F015-001,F015,train,Batch 1,9,yes,raised,no,damp,100,2025-03-04,9,1,0,0,2,100,84.30071428571429,88.69,26.17071428571428,12.809098,14.860143,13.968763,red
F015-002,F015,train,Batch 2,6,no,floor,no,unsure,164,2025-03-11,6,0,1,0,1,164,81.94500000000001,84.22,24.768571428571427,14.143468,15.389,15.071445,red
F015-003,F015,train,Batch 3,3,yes,raised,yes,damp,81,2025-02-04,3,1,0,1,2,81,76.11357142857142,85.7,28.143571428571427,14.487224,13.222714,13.866548,red
F015-004,F015,train,Batch 4,11,yes,raised,yes,damp,21,2025-03-05,11,1,0,1,2,21,73.82714285714287,81.64,28.066428571428577,12.610438,12.765429,12.63532,amber
F015-005,F015,train,Batch 5,5,no,raised,no,damp,115,2025-04-07,5,0,0,0,2,115,81.15499999999999,85.66,25.083571428571425,15.232423,14.231,14.615077,red
F015-006,F015,train,Batch 6,6,no,floor,yes,unsure,93,2025-05-06,6,0,1,1,1,93,80.57857142857144,85.31,25.376428571428573,12.221838,15.115714,13.782495,red
F015-007,F015,train,Batch 7,19,no,floor,no,unsure,67,2024-12-17,19,0,1,0,1,67,73.21571428571428,78.05,28.141428571428573,11.55963,13.643143,12.451036,amber
F015-008,F015,train,Batch 8,13,no,raised,no,dry,27,2025-07-23,13,0,0,0,0,27,82.92928571428571,87.52,24.719285714285714,9.364848,14.585857,10.416797,green
F015-009,F015,train,Batch 9,15,yes,floor,no,damp,134,2024-10-11,15,1,1,0,2,134,73.21571428571428,78.05,28.141428571428573,11.960965,13.643143,13.092449,red
F015-010,F015,train,Batch 10,8,no,floor,yes,damp,55,2025-04-26,8,0,1,1,2,55,86.56071428571428,90.66,25.628571428571426,11.907008,16.312143,13.526615,red
F015-011,F015,train,Batch 1,13,no,floor,no,unsure,167,2025-06-26,13,0,1,0,1,167,82.76428571428572,88.91,26.20214285714286,10.989918,15.552857,14.418234,red
F015-012,F015,train,Batch 2,6,no,raised,yes,damp,170,2025-07-06,6,0,0,1,2,170,78.93857142857144,84.53,26.16785714285714,12.002533,13.787714,13.35477,red
F015-013,F015,train,Batch 3,13,no,floor,yes,damp,117,2024-11-18,13,0,1,1,2,117,74.35285714285715,78.24,28.287857142857142,12.034115,13.870571,13.177874,red
F015-014,F015,train,Batch 4,17,yes,raised,no,damp,17,2025-05-21,17,1,0,0,2,17,83.22428571428573,88.69,26.26285714285714,11.929459,14.644857,12.288134,amber
F015-015,F015,train,Batch 5,6,yes,floor,yes,damp,26,2025-06-11,6,1,1,1,2,26,86.22142857142856,90.2,25.115000000000006,14.955021,16.244286,15.206172,red
F015-016,F015,train,Batch 6,1,no,floor,no,damp,99,2025-03-02,1,0,1,0,2,99,83.63857142857141,88.69,26.22785714285714,15.831265,15.727714,15.773094,red
F015-017,F015,train,Batch 7,12,no,raised,no,dry,47,2025-02-04,12,0,0,0,0,47,73.69285714285715,78.24,28.224285714285717,11.514447,12.738571,11.91115,green
F015-018,F015,train,Batch 8,8,yes,raised,no,damp,69,2024-11-21,8,1,0,0,2,69,66.50928571428572,80.0,27.219285714285714,13.043414,11.301857,12.28184,amber
F015-019,F015,train,Batch 9,10,no,floor,no,damp,66,2025-05-17,10,0,1,0,2,66,83.33714285714287,90.36,24.73,10.817649,15.667429,12.869349,amber
F015-020,F015,train,Batch 10,10,no,raised,yes,damp,10,2025-03-12,10,0,0,1,2,10,74.04142857142858,78.24,28.189285714285717,12.493667,12.808286,12.518823,amber
F015-021,F015,train,Batch 1,10,no,floor,yes,damp,132,2025-08-19,10,0,1,1,2,132,76.38142857142859,81.58,26.70214285714286,10.015645,14.276286,12.858041,amber
F015-022,F015,train,Batch 2,10,no,floor,no,dry,5,2025-07-13,10,0,1,0,0,5,84.62285714285714,90.36,24.603571428571424,11.541058,15.924571,11.719951,green
F015-023,F015,train,Batch 3,19,yes,raised,no,unsure,25,2025-06-22,19,1,0,0,1,25,85.29857142857144,90.36,24.544999999999995,11.061377,15.059714,11.813319,green
F015-024,F015,train,Batch 4,5,no,floor,no,damp,47,2025-01-07,5,0,1,0,2,47,73.31285714285715,78.51,28.01857142857143,13.02018,13.662571,13.22836,red
F015-025,F015,train,Batch 5,11,yes,raised,no,damp,82,2024-11-29,11,1,0,0,2,82,72.61214285714284,77.15,28.237857142857145,12.287624,12.522429,12.403869,amber
F015-026,F015,train,Batch 6,9,no,raised,no,dry,160,2024-08-14,9,0,0,0,0,160,60.18857142857142,71.7,26.484999999999996,12.549608,10.037714,10.699842,green
F015-027,F015,train,Batch 7,6,no,floor,yes,damp,4,2025-05-18,6,0,1,1,2,4,81.90714285714286,87.53,26.756428571428568,12.866676,15.381429,12.949119,amber
F015-028,F015,train,Batch 8,12,no,raised,no,dry,22,2025-05-15,12,0,0,0,0,22,83.2942857142857,89.67,26.285,10.596614,14.658857,11.277078,green
F015-029,F015,train,Batch 9,6,no,raised,no,dry,176,2024-07-22,6,0,0,0,0,176,65.01571428571428,75.06,26.98,12.518048,11.003143,11.352621,green
F015-030,F015,train,Batch 10,3,no,raised,no,unsure,45,2024-12-19,3,0,0,0,1,45,71.74285714285713,80.0,27.467142857142854,12.898178,12.348571,12.72631,amber
F015-031,F015,train,Batch 1,6,no,raised,yes,damp,24,2025-11-11,6,0,0,1,2,24,81.12357142857142,88.91,26.405714285714286,12.709916,14.224714,12.984502,amber
F015-032,F015,train,Batch 2,10,no,raised,no,dry,34,2024-12-10,10,0,0,0,0,34,66.08428571428571,75.51,26.992142857142856,11.727545,11.216857,11.601542,green
F015-033,F015,train,Batch 3,7,no,raised,no,unsure,76,2025-03-08,7,0,0,0,1,76,82.25357142857145,88.87,26.704999999999995,12.225706,14.450714,13.269636,red
F015-034,F015,train,Batch 4,11,no,raised,no,unsure,49,2025-04-06,11,0,0,0,1,49,83.64999999999999,89.67,26.43571428571428,10.578047,14.73,11.969959,green
F015-035,F015,train,Batch 5,1,no,raised,yes,damp,7,2025-06-26,1,0,0,1,2,7,86.1857142857143,89.75,25.416428571428572,15.30555,15.237143,15.301674,red
F015-036,F015,train,Batch 6,16,no,raised,no,dry,164,2024-08-04,16,0,0,0,0,164,64.50571428571428,75.06,26.87357142857143,9.979423,10.901143,10.666146,green
F015-037,F015,train,Batch 7,3,no,floor,no,damp,81,2025-03-20,3,0,1,0,2,81,83.63857142857141,88.69,26.22785714285714,15.635594,15.727714,15.68081,red
F015-038,F015,train,Batch 8,14,no,raised,no,dry,28,2025-07-19,14,0,0,0,0,28,82.93428571428572,87.52,24.935000000000002,9.84892,14.586857,10.834934,green
F015-039,F015,train,Batch 9,5,no,floor,yes,damp,132,2025-02-20,5,0,1,1,2,132,86.20571428571428,89.75,25.45,14.254457,16.241143,15.579833,red
F015-040,F015,train,Batch 10,13,no,raised,no,dry,32,2025-01-15,13,0,0,0,0,32,69.64214285714284,77.15,28.177142857142858,10.229046,11.928429,10.626823,green
F015-041,F015,train,Batch 1,12,no,floor,yes,dry,85,2025-03-31,12,0,1,1,0,85,86.75428571428571,90.66,25.47714285714286,9.295131,16.350857,12.876164,amber
F015-042,F015,train,Batch 2,18,no,floor,no,damp,92,2024-10-06,18,0,1,0,2,92,73.575,81.58,27.358571428571427,10.690253,13.715,12.309827,amber
F015-043,F015,train,Batch 3,12,no,raised,yes,unsure,74,2025-04-08,12,0,0,1,1,74,86.61928571428571,90.66,25.617142857142852,10.195039,15.323857,12.555626,amber
F015-044,F015,train,Batch 4,3,no,floor,yes,damp,83,2024-11-15,3,0,1,1,2,83,69.12214285714286,78.23,27.645,14.967373,12.824429,13.897488,red
F015-045,F015,train,Batch 5,16,no,raised,no,damp,125,2025-03-18,16,0,0,0,2,125,83.61785714285715,90.36,24.720714285714283,9.34432,14.723571,12.825416,amber
F015-046,F015,train,Batch 6,7,no,raised,no,unsure,147,2024-12-11,7,0,0,0,1,147,78.90142857142858,85.86,27.353571428571428,11.654776,13.780286,13.155901,red
F015-047,F015,train,Batch 7,5,no,floor,no,damp,100,2025-01-28,5,0,1,0,2,100,79.41857142857144,85.86,27.283571428571427,13.458213,14.883714,14.264194,red
F015-048,F015,train,Batch 8,7,no,raised,no,dry,134,2024-09-20,7,0,0,0,0,134,70.035,80.0,27.38071428571428,11.131701,12.007,11.720454,green
F015-049,F015,train,Batch 9,12,no,floor,no,dry,19,2025-11-29,12,0,1,0,0,19,80.50214285714286,85.68,26.052142857142858,10.605676,15.100429,11.263864,green
F015-050,F015,train,Batch 10,15,no,floor,no,dry,102,2025-04-22,15,0,1,0,0,102,81.0392857142857,85.66,25.20285714285714,11.370676,15.207857,13.567789,red
F015-051,F015,train,Batch 1,8,no,floor,yes,damp,57,2025-01-28,8,0,1,1,2,57,73.82714285714287,81.64,28.066428571428577,12.522924,13.765429,12.992733,amber
F015-052,F015,train,Batch 2,8,no,raised,no,damp,157,2024-11-04,8,0,0,0,2,157,73.99785714285713,79.69,28.497142857142855,11.312163,12.799571,12.397569,amber
F015-053,F015,train,Batch 3,6,no,raised,yes,damp,178,2025-01-20,6,0,0,1,2,178,85.29857142857144,90.36,24.544999999999995,13.150068,15.059714,14.626453,red
F015-054,F015,train,Batch 4,12,no,floor,yes,dry,174,2024-09-01,12,0,1,1,0,174,73.21571428571428,78.05,28.141428571428573,11.414864,13.643143,13.120455,red
F015-055,F015,train,Batch 5,14,yes,raised,no,damp,154,2025-01-05,14,1,0,0,2,154,83.52428571428571,88.69,26.235714285714284,11.459434,14.704857,13.805511,red
F015-056,F015,train,Batch 6,4,no,raised,no,damp,149,2025-03-16,4,0,0,0,2,149,82.35928571428572,87.52,25.172857142857143,12.843573,14.471857,14.001442,red
F015-057,F015,train,Batch 7,13,no,floor,no,damp,174,2024-11-20,13,0,1,0,2,174,79.53785714285716,87.53,27.275000000000002,11.180288,14.907571,14.033262,red
F015-058,F015,train,Batch 8,9,no,floor,yes,dry,58,2024-11-15,9,0,1,1,0,58,67.82428571428571,76.4,27.097857142857144,11.038198,12.564857,11.623329,green
F015-059,F015,train,Batch 9,23,no,raised,no,damp,147,2024-11-10,23,0,0,0,2,147,75.43071428571427,81.64,28.13,10.368816,13.086143,12.287907,amber
F015-060,F015,train,Batch 10,1,no,floor,yes,damp,156,2024-11-02,1,0,1,1,2,156,75.32785714285714,81.64,28.215714285714284,14.865897,14.065571,14.283686,red
F015-061,F015,train,Batch 1,9,no,floor,no,unsure,133,2024-09-05,9,0,1,0,1,133,64.66071428571426,75.06,26.78357142857143,12.314592,11.932143,12.058393,amber
F015-062,F015,train,Batch 2,2,no,raised,no,damp,166,2025-07-15,2,0,0,0,2,166,76.70642857142857,81.94,26.624285714285715,12.38345,13.341286,13.101117,red
F015-063,F015,train,Batch 3,10,no,raised,no,dry,46,2025-03-31,10,0,0,0,0,46,80.00642857142854,87.53,27.298571428571428,10.452811,14.001286,11.582696,green
F015-064,F015,train,Batch 4,10,no,raised,no,dry,84,2024-12-04,10,0,0,0,0,84,70.72571428571429,78.51,27.957142857142856,11.009136,12.145143,11.581018,green
F015-065,F015,train,Batch 5,6,yes,floor,no,damp,127,2025-03-21,6,1,1,0,2,127,81.87142857142858,85.66,24.78214285714285,12.715426,15.374286,14.451572,red
F015-066,F015,train,Batch 6,9,no,raised,no,unsure,44,2024-12-07,9,0,0,0,1,44,60.44642857142857,71.7,26.49785714285714,10.53467,10.089286,10.397955,green
F015-067,F015,train,Batch 7,12,no,raised,no,dry,140,2024-10-27,12,0,0,0,0,140,74.99642857142858,78.24,28.19857142857143,11.134765,12.999286,12.418668,amber
F015-068,F015,train,Batch 8,5,no,raised,no,unsure,138,2025-02-24,5,0,0,0,1,138,86.38214285714287,90.36,24.812857142857144,11.71719,15.276429,14.149443,red
F015-069,F015,train,Batch 9,7,no,floor,no,damp,48,2025-11-05,7,0,1,0,2,48,78.93857142857144,84.53,26.16785714285714,12.487868,14.787714,13.246081,red
F015-070,F015,train,Batch 10,9,no,raised,no,unsure,108,2025-09-09,9,0,0,0,1,108,77.45285714285713,84.53,26.44928571428571,10.221803,13.490571,12.16159,amber
F015-071,F015,train,Batch 1,11,yes,floor,no,unsure,75,2025-05-28,11,1,1,0,1,75,81.88428571428572,87.52,25.292857142857137,12.782989,15.376857,13.988459,red
F015-072,F015,train,Batch 2,19,no,floor,no,dry,71,2025-03-19,19,0,1,0,0,71,83.82428571428571,89.67,26.346428571428568,10.22151,15.764857,12.697146,amber
F015-073,F015,train,Batch 3,8,no,raised,no,dry,179,2024-07-21,8,0,0,0,0,179,64.66071428571426,75.06,26.78357142857143,12.814049,10.932143,11.355567,green
F015-074,F015,train,Batch 4,14,no,floor,no,damp,103,2024-09-30,14,0,1,0,2,103,69.75357142857142,77.39,27.245714285714286,9.783948,12.950714,11.608424,green
F015-075,F015,train,Batch 5,4,no,raised,yes,damp,2,2025-08-09,4,0,0,1,2,2,81.88428571428572,87.52,25.292857142857137,13.46209,14.376857,13.47721,red
F015-076,F015,train,Batch 6,17,no,raised,yes,dry,40,2025-01-16,17,0,0,1,0,40,72.28857142857143,78.51,27.972142857142853,10.630163,12.457714,11.148217,green
F015-077,F015,train,Batch 7,10,no,raised,yes,damp,64,2025-06-20,10,0,0,1,2,64,81.78142857142856,84.22,24.79785714285714,11.60842,14.356286,12.744261,amber
F015-078,F015,train,Batch 8,16,no,floor,no,dry,45,2025-04-26,16,0,1,0,0,45,83.98000000000002,88.69,26.188571428571425,10.252275,15.796,11.985857,green
F015-079,F015,train,Batch 9,18,no,floor,yes,damp,167,2025-02-14,18,0,1,1,2,167,81.15499999999999,85.66,25.083571428571425,10.811857,15.231,14.132134,red
F015-080,F015,train,Batch 10,13,no,raised,no,unsure,26,2025-04-27,13,0,0,0,1,26,82.25357142857145,88.87,26.704999999999995,10.793144,14.450714,11.505645,green
F016-001,F016,test,Batch 1,10,no,floor,no,damp,76,2025-02-04,10,0,1,0,2,76,74.545,79.17,28.274285714285718,11.346163,13.909,12.548596,amber
F016-002,F016,test,Batch 2,6,yes,raised,yes,unsure,39,2025-05-27,6,1,0,1,1,39,86.36357142857143,90.2,25.183571428571423,13.140817,15.272714,13.73236,red
F016-003,F016,test,Batch 3,14,no,raised,no,unsure,58,2025-01-20,14,0,0,0,1,58,74.49142857142859,78.24,28.226428571428578,11.092467,12.898286,11.784593,green
F016-004,F016,test,Batch 4,5,no,raised,yes,damp,83,2024-10-16,5,0,0,1,2,83,73.03285714285713,81.58,27.448571428571427,12.991016,12.606571,12.799079,amber
F016-005,F016,test,Batch 5,17,no,floor,no,dry,54,2024-12-29,17,0,1,0,0,54,72.98214285714285,77.15,28.216428571428573,10.861968,13.596429,11.85286,green
F016-006,F016,test,Batch 6,12,no,floor,no,damp,76,2025-01-20,12,0,1,0,2,76,75.43071428571427,81.64,28.13,11.463192,14.086143,12.69383,amber
F016-007,F016,test,Batch 7,18,no,floor,no,damp,141,2024-11-29,18,0,1,0,2,141,74.75500000000001,79.17,28.256428571428575,9.247919,13.951,12.498599,amber
F016-008,F016,test,Batch 8,10,no,floor,no,dry,7,2025-04-13,10,0,1,0,0,7,74.66,79.17,28.26928571428571,10.786652,13.932,10.964881,green
F016-009,F016,test,Batch 9,18,yes,floor,yes,unsure,137,2025-03-07,18,1,1,1,1,137,83.33714285714287,90.36,24.73,11.599994,15.667429,14.368752,red
F016-010,F016,test,Batch 10,7,no,raised,no,unsure,155,2024-12-21,7,0,0,0,1,155,83.64999999999999,89.67,26.43571428571428,12.22325,14.73,14.041114,red
F016-011,F016,test,Batch 1,0,no,floor,yes,unsure,141,2024-08-16,0,0,1,1,1,141,75.20214285714285,81.58,27.287857142857142,16.312355,14.040429,14.742043,red
F016-012,F016,test,Batch 2,7,no,floor,no,unsure,50,2024-11-28,7,0,1,0,1,50,63.43285714285713,71.7,26.69785714285715,14.530209,11.686571,13.561213,red
F016-013,F016,test,Batch 3,15,no,floor,no,damp,61,2024-12-18,15,0,1,0,2,61,69.72714285714285,77.15,28.16571428571429,11.611416,12.945429,12.143024,amber
F016-014,F016,test,Batch 4,13,no,floor,no,unsure,41,2025-10-21,13,0,1,0,1,41,79.74857142857145,82.18,26.606428571428573,11.12322,14.949714,12.230664,amber
F016-015,F016,test,Batch 5,4,no,raised,no,dry,124,2024-10-21,4,0,0,0,0,124,73.21571428571428,78.05,28.141428571428573,14.269743,12.643143,13.221918,red
F016-016,F016,test,Batch 6,7,no,floor,yes,damp,79,2025-06-07,7,0,1,1,2,79,80.9592857142857,84.22,24.856428571428577,12.277904,15.191857,13.683264,red
F016-017,F016,test,Batch 7,16,no,raised,no,unsure,7,2025-04-03,16,0,0,0,1,7,73.99785714285713,79.69,28.497142857142855,11.17806,12.799571,11.269942,green
F016-018,F016,test,Batch 8,22,yes,raised,no,damp,17,2025-05-12,22,1,0,0,2,17,83.82428571428571,89.67,26.346428571428568,12.657705,14.764857,12.936038,amber
F016-019,F016,test,Batch 9,13,yes,raised,no,unsure,75,2024-11-26,13,1,0,0,1,75,69.97785714285715,78.23,27.793571428571422,13.181438,11.995571,12.63032,amber
F016-020,F016,test,Batch 10,8,no,raised,no,dry,23,2025-07-05,8,0,0,0,0,23,81.43357142857143,85.66,24.945,10.423034,14.286714,11.096929,green
F016-021,F016,test,Batch 1,13,yes,raised,yes,damp,73,2024-12-13,13,1,0,1,2,73,72.81714285714285,78.51,28.025000000000002,12.715125,12.563429,12.645991,amber
F016-022,F016,test,Batch 2,6,yes,raised,no,dry,0,2025-07-02,6,1,0,0,0,0,86.20571428571428,89.75,25.45,15.802343,15.241143,15.802343,red
F016-023,F016,test,Batch 3,10,no,raised,no,damp,72,2025-10-18,10,0,0,0,2,72,76.38142857142859,81.58,26.70214285714286,11.803783,13.276286,12.468159,amber
F016-024,F016,test,Batch 4,7,no,raised,no,damp,147,2024-11-06,7,0,0,0,2,147,73.98642857142856,81.64,28.128571428571426,12.958711,12.797286,12.844706,amber
F016-025,F016,test,Batch 5,11,no,raised,no,dry,22,2025-03-27,11,0,0,0,0,22,74.38499999999999,78.56,28.30785714285715,10.636247,12.877,11.011594,green
F016-026,F016,test,Batch 6,9,no,raised,no,damp,152,2024-10-14,9,0,0,0,2,152,74.35285714285715,78.24,28.287857142857142,12.095351,12.870571,12.652138,amber
F016-027,F016,test,Batch 7,12,no,raised,no,dry,26,2025-11-29,12,0,0,0,0,26,77.88071428571429,84.53,26.353571428571428,11.188858,13.576143,11.653905,green
F016-028,F016,test,Batch 8,9,yes,raised,no,dry,75,2025-06-06,9,1,0,0,0,75,82.54214285714285,87.52,24.740000000000002,12.504255,14.508429,13.435672,red
F016-029,F016,test,Batch 9,3,no,raised,yes,dry,166,2025-02-01,3,0,0,1,0,166,85.29857142857144,90.36,24.544999999999995,15.653072,15.059714,15.208493,red
F016-030,F016,test,Batch 10,18,yes,raised,no,unsure,98,2025-04-08,18,1,0,0,1,98,85.73071428571428,90.36,24.577857142857145,12.628857,15.146143,14.033749,red
F016-031,F016,test,Batch 1,3,no,raised,yes,damp,152,2025-02-24,3,0,0,1,2,152,81.87142857142858,85.66,24.78214285714285,13.577797,14.374286,14.14986,red
F016-032,F016,test,Batch 2,10,yes,raised,no,damp,10,2025-07-17,10,1,0,0,2,10,81.5807142857143,85.66,24.857857142857142,12.744185,14.316143,12.869872,amber
F016-033,F016,test,Batch 3,14,no,raised,no,damp,119,2025-03-16,14,0,0,0,2,119,86.26642857142859,90.36,24.694285714285716,10.496511,15.253286,13.488723,red
F016-034,F016,test,Batch 4,18,no,raised,no,damp,98,2025-09-12,18,0,0,0,2,98,80.28499999999998,85.68,26.07571428571429,12.447663,14.057,13.34583,red
F016-035,F016,test,Batch 5,2,yes,raised,yes,dry,75,2025-04-13,2,1,0,1,0,75,87.11214285714286,90.66,25.310714285714287,15.980022,15.422429,15.720887,red
F016-036,F016,test,Batch 6,9,no,raised,no,unsure,112,2024-10-06,9,0,0,0,1,112,63.680714285714295,80.0,26.958571428571425,12.429163,10.736143,11.401907,green
F016-037,F016,test,Batch 7,14,no,raised,yes,damp,114,2024-11-19,14,0,0,1,2,114,72.97285714285715,78.24,28.48857142857143,11.143027,12.594571,12.0332,amber
F016-038,F016,test,Batch 8,13,no,floor,yes,damp,175,2024-09-29,13,0,1,1,2,175,73.69285714285715,78.24,28.224285714285717,11.104468,13.738571,13.125817,red
F016-039,F016,test,Batch 9,6,yes,floor,yes,damp,116,2024-11-30,6,1,1,1,2,116,73.82714285714287,81.64,28.066428571428577,13.942777,13.765429,13.832883,red
F016-040,F016,test,Batch 10,12,no,floor,no,damp,37,2025-03-30,12,0,1,0,2,37,79.15428571428572,85.86,27.290714285714284,11.407887,14.830857,12.316102,amber
F016-041,F016,test,Batch 1,14,no,raised,no,unsure,52,2025-02-08,14,0,0,0,1,52,73.75142857142859,81.64,28.114285714285717,11.399982,12.750286,11.874824,green
F016-042,F016,test,Batch 2,13,no,raised,no,dry,35,2025-11-21,13,0,0,0,0,35,77.45285714285713,84.53,26.44928571428571,9.419194,13.490571,10.449181,green
F016-043,F016,test,Batch 3,10,yes,floor,yes,unsure,20,2025-07-29,10,1,1,1,1,20,83.05071428571429,87.52,24.74428571428572,12.56673,15.610143,13.033949,red
F016-044,F016,test,Batch 4,8,no,raised,yes,damp,79,2025-02-27,8,0,0,1,2,79,80.43428571428569,87.53,27.237142857142857,12.070456,14.086857,13.042939,red
F016-045,F016,test,Batch 5,12,no,raised,no,dry,43,2024-12-29,12,0,0,0,0,43,70.24214285714285,78.23,27.80785714285714,9.44148,12.048429,10.226589,green
F016-046,F016,test,Batch 6,3,no,raised,no,damp,68,2024-11-02,3,0,0,0,2,68,72.47714285714285,81.58,27.456428571428567,13.086357,12.495429,12.83073,amber
F016-047,F016,test,Batch 7,15,no,floor,no,damp,133,2024-09-02,15,0,1,0,2,133,66.08428571428571,75.51,26.992142857142856,11.43926,12.216857,11.960165,green
F016-048,F016,test,Batch 8,4,yes,raised,no,damp,50,2025-04-10,4,1,0,0,2,50,83.83642857142857,89.67,26.28714285714286,16.112051,14.767286,15.65381,red
F016-049,F016,test,Batch 9,10,no,floor,no,damp,132,2024-10-27,10,0,1,0,2,132,69.55714285714286,78.51,28.282142857142855,11.387453,12.911429,12.404141,amber
F016-050,F016,test,Batch 10,11,yes,raised,no,unsure,143,2025-04-05,11,1,0,0,1,143,80.93928571428572,83.94,24.810000000000002,12.666076,14.187857,13.72567,red
F016-051,F016,test,Batch 1,10,no,raised,no,dry,113,2025-01-03,10,0,0,0,0,113,76.11357142857142,85.7,28.143571428571427,10.303467,13.222714,12.084274,amber
F016-052,F016,test,Batch 2,6,no,raised,yes,dry,123,2025-03-26,6,0,0,1,0,123,81.5807142857143,85.66,24.857857142857142,11.167324,14.316143,13.186358,red
F016-053,F016,test,Batch 3,7,no,floor,yes,damp,99,2025-03-25,7,0,1,1,2,99,86.20571428571428,89.75,25.45,12.990118,16.241143,14.81643,red
F016-054,F016,test,Batch 4,9,yes,floor,yes,damp,160,2024-10-11,9,1,1,1,2,160,74.57857142857142,78.24,28.18071428571429,12.814795,13.915714,13.625515,red
F016-055,F016,test,Batch 5,10,no,raised,no,damp,145,2025-03-31,10,0,0,0,2,145,81.78142857142856,84.22,24.79785714285714,9.948295,14.356286,13.039642,red
F016-056,F016,test,Batch 6,11,no,floor,yes,damp,170,2025-02-26,11,0,1,1,2,170,82.63,87.52,25.035,9.93012,15.526,14.168881,red
F016-057,F016,test,Batch 7,14,no,raised,no,damp,88,2025-06-03,14,0,0,0,2,88,79.12071428571427,83.94,25.159285714285716,10.142945,13.824143,12.056044,amber
F016-058,F016,test,Batch 8,6,yes,raised,yes,unsure,17,2025-05-09,6,1,0,1,1,17,83.72357142857142,89.67,26.41928571428571,13.794577,14.744714,13.92008,red
F016-059,F016,test,Batch 9,7,no,raised,no,damp,169,2025-07-05,7,0,0,0,2,169,79.63214285714287,85.68,26.06357142857143,12.136247,13.926429,13.488639,red
F016-060,F016,test,Batch 10,9,yes,floor,yes,damp,123,2025-02-10,9,1,1,1,2,123,84.74428571428571,88.69,26.12928571428571,13.007456,15.948857,14.893493,red
F016-061,F016,test,Batch 1,10,no,raised,yes,dry,174,2024-08-15,10,0,0,1,0,174,70.09071428571428,80.0,27.528571428571432,10.441822,12.018143,11.648385,green
F016-062,F016,test,Batch 2,10,no,floor,no,dry,3,2025-03-18,10,0,1,0,0,3,74.48857142857143,78.24,28.12714285714286,10.932495,13.897714,11.005707,green
F016-063,F016,test,Batch 3,6,yes,raised,yes,damp,43,2025-10-31,6,1,0,1,2,43,83.23357142857144,88.91,26.002142857142854,14.764631,14.646714,14.729119,red
F016-064,F016,test,Batch 4,7,no,floor,yes,dry,56,2025-04-15,7,0,1,1,0,56,83.98000000000002,88.69,26.188571428571425,12.102593,15.796,13.479905,red
F016-065,F016,test,Batch 5,11,no,raised,no,dry,47,2025-02-06,11,0,0,0,0,47,73.55357142857144,78.24,28.14071428571429,10.696006,12.710714,11.348914,green
F016-066,F016,test,Batch 6,14,no,raised,no,dry,174,2024-09-05,14,0,0,0,0,174,70.72571428571429,78.51,27.957142857142856,11.311081,12.145143,11.949497,green
F016-067,F016,test,Batch 7,12,yes,raised,no,damp,103,2024-11-23,12,1,0,0,2,103,70.05642857142858,78.51,28.15857142857143,12.82513,12.011286,12.356248,amber
F016-068,F016,test,Batch 8,11,no,floor,no,dry,95,2024-11-05,11,0,1,0,0,95,69.68,78.23,27.772142857142853,10.526226,12.936,11.844158,green
F016-069,F016,test,Batch 9,4,no,floor,yes,unsure,44,2025-05-30,4,0,1,1,1,44,86.26642857142859,90.36,24.694285714285716,14.068003,16.253286,14.738796,red
F016-070,F016,test,Batch 10,13,no,raised,no,damp,105,2024-10-16,13,0,0,0,2,105,66.50928571428572,80.0,27.219285714285714,12.306822,11.301857,11.720789,green
F016-071,F016,test,Batch 1,6,no,raised,yes,damp,49,2025-06-09,6,0,0,1,2,49,81.43357142857143,85.66,24.945,11.568371,14.286714,12.479676,amber
F016-072,F016,test,Batch 2,15,yes,raised,no,dry,171,2024-10-03,15,1,0,0,0,171,73.69285714285715,78.24,28.224285714285717,12.301227,12.738571,12.633386,amber
F016-073,F016,test,Batch 3,6,no,raised,yes,damp,34,2024-12-24,6,0,0,1,2,34,65.07714285714287,80.0,27.072142857142858,13.386659,11.015429,12.801602,amber
F016-074,F016,test,Batch 4,12,no,floor,no,dry,155,2024-08-21,12,0,1,0,0,155,60.48642857142857,80.0,26.486428571428572,9.548522,11.097286,10.671666,green
F016-075,F016,test,Batch 5,14,no,raised,no,damp,124,2025-03-27,14,0,0,0,2,124,81.26071428571427,85.66,25.032142857142862,10.596101,14.252143,12.951254,amber
F016-076,F016,test,Batch 6,15,yes,floor,no,unsure,74,2025-04-20,15,1,1,0,1,74,86.1857142857143,89.75,25.416428571428572,11.936008,16.237143,13.915646,red
F016-077,F016,test,Batch 7,7,no,floor,no,damp,151,2025-07-13,7,0,1,0,2,151,82.97428571428573,88.91,26.115000000000002,11.01292,15.594857,14.293004,red
F016-078,F016,test,Batch 8,11,no,raised,yes,unsure,23,2025-03-10,11,0,0,1,1,23,73.98642857142856,81.64,28.128571428571426,9.964633,12.797286,10.458699,green
F016-079,F016,test,Batch 9,6,no,raised,yes,damp,124,2025-02-06,6,0,0,1,2,124,83.98000000000002,88.69,26.188571428571425,13.118241,14.796,14.199021,red
F016-080,F016,test,Batch 10,11,no,raised,no,dry,11,2025-07-25,11,0,0,0,0,11,80.63071428571428,85.31,25.315,10.971144,14.126143,11.247493,green
F017-001,F017,train,Batch 1,10,no,raised,no,damp,112,2024-12-29,10,0,0,0,2,112,74.66,79.17,28.26928571428571,10.065998,12.932,11.804971,green
F017-002,F017,train,Batch 2,7,no,floor,no,unsure,170,2024-11-22,7,0,1,0,1,170,78.65214285714286,84.02,27.396428571428576,10.112041,14.730429,13.610372,red
F017-003,F017,train,Batch 3,10,no,floor,yes,dry,107,2025-03-11,10,0,1,1,0,107,87.19285714285716,90.66,25.372142857142855,11.524182,16.438571,14.42381,red
F017-004,F017,train,Batch 4,9,no,raised,yes,dry,111,2024-11-29,9,0,0,1,0,111,74.57857142857142,78.24,28.18071428571429,11.584866,12.915714,12.387991,amber
F017-005,F017,train,Batch 5,8,no,raised,no,damp,115,2024-10-19,8,0,0,0,2,115,70.35142857142857,78.23,27.863571428571426,11.798053,12.070286,11.965876,green
F017-006,F017,train,Batch 6,17,yes,floor,no,unsure,123,2025-03-09,17,1,1,0,1,123,86.46428571428571,90.36,24.877857142857145,12.18051,16.292857,14.817361,red
F017-007,F017,train,Batch 7,6,no,raised,no,damp,80,2025-02-13,6,0,0,0,2,80,78.09857142857143,85.86,27.517857142857142,11.67674,13.619714,12.622158,amber
F017-008,F017,train,Batch 8,10,no,raised,no,dry,85,2024-10-08,10,0,0,0,0,85,76.62857142857142,81.58,26.99285714285714,10.312713,13.325714,11.841919,green
F017-009,F017,train,Batch 9,0,no,raised,yes,damp,31,2025-01-28,0,0,0,1,2,31,69.475,78.51,28.14642857142857,15.651933,11.895,14.796621,red
F017-010,F017,train,Batch 10,7,no,floor,no,damp,126,2024-10-15,7,0,1,0,2,126,70.67642857142856,77.15,28.27285714285714,12.025942,13.135286,12.747085,amber
F017-011,F017,train,Batch 1,10,no,floor,no,damp,53,2024-12-27,10,0,1,0,2,53,70.67642857142856,77.15,28.27285714285714,10.901116,13.135286,11.698795,green
F017-012,F017,train,Batch 2,16,yes,raised,yes,damp,160,2025-07-20,16,1,0,1,2,160,77.29785714285713,84.53,26.512142857142855,12.086793,13.459571,13.097711,red
F017-013,F017,train,Batch 3,9,no,raised,no,damp,75,2025-09-27,9,0,0,0,2,75,82.97428571428573,88.91,26.115000000000002,11.403382,14.594857,12.886584,amber
F017-014,F017,train,Batch 4,12,no,raised,no,dry,172,2024-08-24,12,0,0,0,0,172,70.62928571428571,78.23,27.86357142857143,12.075496,12.125857,12.113845,amber
F017-015,F017,train,Batch 5,10,no,raised,yes,damp,125,2025-03-15,10,0,0,1,2,125,84.62285714285714,90.36,24.603571428571424,10.194006,14.924571,13.255315,red
F017-016,F017,train,Batch 6,11,no,raised,no,unsure,85,2025-01-27,11,0,0,0,1,85,74.66,79.17,28.250714285714285,10.825865,12.932,11.894804,green
F017-017,F017,train,Batch 7,9,no,raised,no,unsure,2,2025-06-04,9,0,0,0,1,2,83.2942857142857,89.67,26.285,12.255873,14.658857,12.295591,amber
F017-018,F017,train,Batch 8,13,no,floor,no,damp,2,2025-02-06,13,0,1,0,2,2,69.68,78.23,27.772142857142853,10.439586,12.936,10.480848,green
F017-019,F017,train,Batch 9,13,no,raised,no,unsure,13,2025-01-05,13,0,0,0,1,13,61.981428571428566,71.7,26.548571428571428,12.827632,10.396286,12.578002,amber
F017-020,F017,train,Batch 10,16,no,raised,no,damp,126,2025-08-04,16,0,0,0,2,126,81.80071428571429,88.91,26.36357142857143,10.50508,14.360143,13.011111,red
F017-021,F017,train,Batch 1,14,no,floor,no,dry,15,2025-08-04,14,0,1,0,0,15,82.92928571428571,87.52,24.719285714285714,10.962127,15.585857,11.50543,green
F017-022,F017,train,Batch 2,8,no,raised,no,damp,66,2025-05-14,8,0,0,0,2,66,84.09,90.36,24.682857142857138,11.625104,14.818,12.975859,amber
F017-023,F017,train,Batch 3,5,no,raised,yes,damp,27,2025-04-30,5,0,0,1,2,27,83.30214285714285,89.67,26.474999999999994,13.209486,14.660429,13.501827,red
F017-024,F017,train,Batch 4,3,yes,floor,no,damp,100,2024-12-17,3,1,1,0,2,100,73.88571428571429,81.64,28.015000000000004,15.767108,13.777143,14.641978,red
F017-025,F017,train,Batch 5,3,no,floor,yes,dry,112,2024-11-29,3,0,1,1,0,112,74.48857142857143,78.24,28.12714285714286,15.035771,13.897714,14.345244,red
F017-026,F017,train,Batch 6,13,no,raised,no,dry,22,2025-11-23,13,0,0,0,0,22,83.47500000000001,88.91,25.950714285714287,9.708855,14.695,10.544081,green
F017-027,F017,train,Batch 7,6,no,raised,yes,dry,52,2025-03-14,6,0,0,1,0,52,79.06857142857145,85.86,27.321428571428573,11.671371,13.813714,12.424738,amber
F017-028,F017,train,Batch 8,7,no,floor,no,unsure,143,2024-08-20,7,0,1,0,1,143,71.40142857142855,77.39,27.400714285714287,12.179466,13.280286,12.945951,amber
F017-029,F017,train,Batch 9,7,no,raised,no,dry,147,2024-08-18,7,0,0,0,0,147,67.82428571428571,76.4,27.097857142857144,12.530061,11.564857,11.848393,green
F017-030,F017,train,Batch 10,12,no,floor,yes,unsure,48,2025-05-01,12,0,1,1,1,48,85.98428571428573,90.66,25.713571428571424,11.248001,16.196857,12.879539,amber
F017-031,F017,train,Batch 1,9,no,floor,no,dry,20,2025-03-10,9,0,1,0,0,20,73.37142857142855,81.64,28.087857142857143,11.245595,13.674286,11.618444,green
F017-032,F017,train,Batch 2,7,no,raised,no,unsure,50,2025-03-05,7,0,0,0,1,50,75.46785714285714,82.23,28.179285714285708,10.719797,13.093571,11.528683,green
F017-033,F017,train,Batch 3,7,no,raised,yes,damp,173,2024-12-27,7,0,0,1,2,173,85.98428571428573,90.66,25.713571428571424,13.492062,15.196857,14.793616,red
F017-034,F017,train,Batch 4,7,no,floor,no,unsure,180,2024-08-05,7,0,1,0,1,180,70.035,80.0,27.38071428571428,10.63975,13.007,12.478795,amber
F017-035,F017,train,Batch 5,7,no,raised,no,damp,10,2025-02-05,7,0,0,0,2,10,70.02642857142857,77.15,28.074285714285715,12.176664,12.005286,12.162962,amber
F017-036,F017,train,Batch 6,11,yes,floor,yes,dry,176,2025-06-29,11,1,1,1,0,176,79.21000000000001,84.53,26.11428571428571,11.720438,14.842,14.121877,red
F017-037,F017,train,Batch 7,7,yes,raised,no,damp,8,2025-08-07,7,1,0,0,2,8,82.63,87.52,25.035,13.469654,14.526,13.537781,red
F017-038,F017,train,Batch 8,10,no,raised,no,unsure,29,2025-03-28,10,0,0,0,1,29,76.11357142857142,85.7,28.143571428571427,10.472754,13.222714,11.063121,green
F017-039,F017,train,Batch 9,8,no,raised,no,dry,121,2024-11-06,8,0,0,0,0,121,69.60785714285714,78.51,28.26928571428571,11.984206,11.921571,11.944422,green
F017-040,F017,train,Batch 10,10,no,raised,no,dry,145,2024-10-06,10,0,0,0,0,145,69.475,78.51,28.14642857142857,10.963159,11.895,11.616664,green
F017-041,F017,train,Batch 1,11,no,raised,no,dry,74,2025-01-31,11,0,0,0,0,74,73.90571428571427,77.92,28.40928571428572,9.628098,12.781143,11.079317,green
F017-042,F017,train,Batch 2,7,yes,raised,no,unsure,67,2024-12-10,7,1,0,0,1,67,70.02642857142857,77.15,28.074285714285715,12.656969,12.005286,12.378154,amber
F017-043,F017,train,Batch 3,10,yes,floor,yes,damp,160,2025-06-30,10,1,1,1,2,160,81.2092857142857,88.91,26.431428571428572,12.785639,15.241857,14.594405,red
F017-044,F017,train,Batch 4,6,no,raised,no,damp,95,2025-01-17,6,0,0,0,2,95,74.66,79.17,28.250714285714285,12.099317,12.932,12.55472,amber
F017-045,F017,train,Batch 5,15,no,floor,no,unsure,165,2025-03-07,15,0,1,0,1,165,82.92928571428571,87.52,24.719285714285714,10.324755,15.585857,14.255642,red
F017-046,F017,train,Batch 6,7,no,floor,yes,damp,111,2025-02-05,7,0,1,1,2,111,83.30214285714285,89.67,26.474999999999994,11.195843,15.660429,13.89008,red
F017-047,F017,train,Batch 7,3,yes,floor,yes,damp,125,2025-02-18,3,1,1,1,2,125,86.86357142857142,90.66,25.509999999999998,14.0274,16.372714,15.545133,red
F017-048,F017,train,Batch 8,12,no,raised,yes,damp,107,2025-03-08,12,0,0,1,2,107,86.86357142857142,90.66,25.509999999999998,10.075322,15.372714,13.200932,red
F017-049,F017,train,Batch 9,16,no,floor,yes,damp,103,2025-05-13,16,0,1,1,2,103,81.38214285714285,84.22,24.82214285714286,9.729519,15.276429,12.925272,amber
F017-050,F017,train,Batch 10,3,no,floor,no,damp,83,2024-12-21,3,0,1,0,2,83,73.81714285714285,78.24,28.365000000000002,14.040652,13.763429,13.902246,red
F017-051,F017,train,Batch 1,15,yes,raised,no,damp,107,2025-05-15,15,1,0,0,2,107,79.12071428571427,83.94,25.159285714285716,10.499459,13.824143,12.461116,amber
F017-052,F017,train,Batch 2,17,no,floor,no,damp,131,2024-08-29,17,0,1,0,2,131,73.03285714285713,81.58,27.448571428571427,10.580087,13.606571,12.590712,amber
F017-053,F017,train,Batch 3,10,no,floor,no,unsure,94,2025-03-04,10,0,1,0,1,94,83.2942857142857,89.67,26.285,9.293377,15.658857,12.750593,amber
F017-054,F017,train,Batch 4,13,no,raised,no,dry,149,2024-08-26,13,0,0,0,0,149,59.89357142857143,71.7,26.52571428571428,11.006123,9.978714,10.275535,green
F017-055,F017,train,Batch 5,6,no,raised,no,damp,159,2025-02-05,6,0,0,0,2,159,85.99071428571429,90.36,24.598571428571432,11.159999,15.198143,14.124792,red
F017-056,F017,train,Batch 6,7,yes,floor,yes,damp,18,2025-01-26,7,1,1,1,2,18,70.70714285714284,78.23,27.902857142857147,13.731094,13.141429,13.648959,red
F017-057,F017,train,Batch 7,10,no,raised,no,dry,107,2024-12-08,10,0,0,0,0,107,73.55357142857144,78.24,28.14071428571429,10.649321,12.710714,11.865601,green
F017-058,F017,train,Batch 8,6,no,raised,yes,damp,127,2024-11-03,6,0,0,1,2,127,69.37785714285715,77.34,28.559285714285718,12.343904,11.875571,12.038099,amber
F017-059,F017,train,Batch 9,11,no,raised,no,unsure,2,2025-07-05,11,0,0,0,1,2,86.22142857142856,90.2,25.115000000000006,10.126886,15.244286,10.211469,green
F017-060,F017,train,Batch 10,15,no,raised,yes,unsure,144,2025-07-23,15,0,0,1,1,144,83.49214285714287,88.91,25.952142857142857,9.813275,14.698429,13.227049,red
F017-061,F017,train,Batch 1,14,yes,raised,no,damp,98,2024-12-20,14,1,0,0,2,98,73.63142857142857,81.64,28.07000000000001,12.126849,12.726286,12.461393,amber
F017-062,F017,train,Batch 2,9,no,raised,no,dry,0,2025-03-22,9,0,0,0,0,0,74.04142857142858,78.24,28.189285714285717,10.427891,12.808286,10.427891,green
F017-063,F017,train,Batch 3,4,no,raised,no,damp,45,2025-10-24,4,0,0,0,2,45,81.80071428571429,88.91,26.36357142857143,15.111189,14.360143,14.876329,red
F017-064,F017,train,Batch 4,15,no,raised,no,dry,105,2025-02-01,15,0,0,0,0,105,80.43428571428569,87.53,27.237142857142857,10.156047,14.086857,12.448252,amber
F017-065,F017,train,Batch 5,10,no,floor,no,damp,96,2025-09-25,10,0,1,0,2,96,76.82642857142856,81.58,26.73857142857143,10.762345,14.365286,12.74638,amber
F017-066,F017,train,Batch 6,6,no,floor,no,dry,31,2025-02-26,6,0,1,0,0,31,73.40714285714284,81.64,28.105000000000008,11.18612,13.681429,11.754207,green
F017-067,F017,train,Batch 7,9,no,floor,no,dry,4,2025-05-07,9,0,1,0,0,4,78.65214285714286,84.02,27.396428571428576,11.124696,14.730429,11.242906,green
F017-068,F017,train,Batch 8,8,yes,raised,no,damp,2,2025-03-14,8,1,0,0,2,2,74.99642857142858,78.24,28.19857142857143,13.79546,12.999286,13.782301,red
F017-069,F017,train,Batch 9,13,yes,raised,no,unsure,38,2025-06-20,13,1,0,0,1,38,81.43357142857143,85.66,24.945,11.768014,14.286714,12.451656,amber
F017-070,F017,train,Batch 10,2,no,floor,yes,damp,166,2024-12-10,2,0,1,1,2,166,83.64999999999999,89.67,26.43571428571428,13.168846,15.73,15.087813,red
F017-071,F017,train,Batch 1,8,no,raised,no,damp,7,2025-04-14,8,0,0,0,2,7,74.545,79.17,28.274285714285718,12.139736,12.909,12.183326,amber
F017-072,F017,train,Batch 2,8,no,raised,no,unsure,118,2024-10-07,8,0,0,0,1,118,71.74285714285713,80.0,27.467142857142854,11.284773,12.348571,11.950645,green
F017-073,F017,train,Batch 3,2,yes,raised,yes,unsure,17,2025-04-27,2,1,0,1,1,17,79.49928571428573,87.53,27.308571428571433,17.954826,13.899857,17.419207,red
F017-074,F017,train,Batch 4,2,no,raised,no,damp,122,2024-10-03,2,0,0,0,2,122,71.74285714285713,80.0,27.467142857142854,15.021628,12.348571,13.31568,red
F017-075,F017,train,Batch 5,11,no,raised,yes,damp,103,2025-04-18,11,0,0,1,2,103,81.2042857142857,85.66,25.041428571428575,9.939019,14.240857,12.417446,amber
F017-076,F017,train,Batch 6,9,no,floor,yes,damp,161,2024-11-07,9,0,1,1,2,161,74.14642857142856,78.56,28.33714285714286,11.3305,13.829286,13.176079,red
F017-077,F017,train,Batch 7,14,no,raised,no,dry,116,2024-11-08,14,0,0,0,0,116,70.14928571428571,78.51,28.16142857142857,10.840483,12.029857,11.57748,green
F017-078,F017,train,Batch 8,12,no,raised,no,damp,141,2025-08-01,12,0,0,0,2,141,79.66357142857143,85.68,26.12285714285714,9.032478,13.932714,12.419428,amber
F017-079,F017,train,Batch 9,15,no,floor,yes,damp,98,2024-12-30,15,0,1,1,2,98,75.32785714285714,81.64,28.215714285714284,10.355717,14.065571,12.426179,amber
F017-080,F017,train,Batch 10,15,no,raised,yes,unsure,141,2025-01-19,15,0,0,1,1,141,83.63857142857141,88.69,26.22785714285714,11.249789,14.727714,13.653665,red
F018-001,F018,train,Batch 1,13,no,floor,no,damp,167,2024-11-17,13,0,1,0,2,167,77.85642857142857,85.86,27.577142857142857,8.545488,14.571286,13.072908,red
F018-002,F018,train,Batch 2,8,no,raised,yes,damp,98,2024-11-21,8,0,0,1,2,98,70.21714285714285,78.51,28.01071428571428,12.678632,12.043429,12.324126,amber
F018-003,F018,train,Batch 3,12,no,raised,yes,dry,85,2025-04-03,12,0,0,1,0,85,87.11214285714286,90.66,25.310714285714287,11.293054,15.422429,13.388859,red
F018-004,F018,train,Batch 4,10,yes,raised,yes,damp,144,2025-01-22,10,1,0,1,2,144,85.49428571428571,88.69,25.845714285714283,12.423541,15.098857,14.293067,red
F018-005,F018,train,Batch 5,9,no,floor,yes,damp,83,2025-04-21,9,0,1,1,2,83,86.26642857142859,90.36,24.694285714285716,12.053331,16.253286,14.150197,red
F018-006,F018,train,Batch 6,7,no,raised,yes,damp,76,2025-01-16,7,0,0,1,2,76,73.98642857142856,81.64,28.128571428571426,11.719096,12.797286,12.224962,amber
F018-007,F018,train,Batch 7,3,no,raised,yes,unsure,30,2025-11-15,3,0,0,1,1,30,83.47500000000001,88.91,25.950714285714287,14.25239,14.695,14.350295,red
F018-008,F018,train,Batch 8,7,no,raised,no,damp,87,2024-11-12,7,0,0,0,2,87,69.6592857142857,78.23,27.688571428571425,12.12098,11.931857,12.023454,amber
F018-009,F018,train,Batch 9,6,no,raised,no,damp,70,2024-12-31,6,0,0,0,2,70,70.31785714285715,77.97,28.57928571428572,14.120409,12.063571,13.211359,red
F018-010,F018,train,Batch 10,15,no,raised,no,damp,94,2025-02-13,15,0,0,0,2,94,80.8785714285714,87.53,27.093571428571426,13.21609,14.175714,13.737281,red
F018-011,F018,train,Batch 1,11,no,raised,no,damp,109,2025-08-26,11,0,0,0,2,109,83.23357142857144,88.91,26.002142857142854,12.471856,14.646714,13.769821,red
F018-012,F018,train,Batch 2,18,no,raised,no,dry,72,2024-12-11,18,0,0,0,0,72,72.98214285714285,77.15,28.216428571428573,10.615701,12.596429,11.509382,green
F018-013,F018,train,Batch 3,13,no,floor,no,dry,41,2025-01-01,13,0,1,0,0,41,70.35142857142857,78.23,27.863571428571426,10.7521,13.070286,11.423017,green
F018-014,F018,train,Batch 4,7,no,raised,yes,damp,68,2024-12-19,7,0,0,1,2,68,72.28857142857143,78.51,27.972142857142853,12.376512,12.457714,12.411639,amber
F018-015,F018,train,Batch 5,3,no,raised,no,damp,19,2025-04-30,3,0,0,0,2,19,80.79214285714284,87.53,27.043571428571425,14.449574,14.158429,14.406941,red
F018-016,F018,train,Batch 6,7,no,floor,no,damp,178,2024-07-18,7,0,1,0,2,178,67.82428571428571,76.4,27.097857142857144,12.474098,12.564857,12.544266,amber
F018-017,F018,train,Batch 7,20,yes,raised,no,damp,19,2025-11-23,20,1,0,0,2,19,83.04428571428572,88.91,26.052142857142858,12.108219,14.608857,12.4744,amber
F018-018,F018,train,Batch 8,6,no,raised,no,damp,157,2024-10-30,6,0,0,0,2,157,74.88714285714285,81.64,28.173571428571424,12.908376,12.977429,12.958766,amber
F018-019,F018,train,Batch 9,16,no,floor,no,damp,78,2025-03-15,16,0,1,0,2,78,83.39714285714287,89.67,26.442857142857147,10.504475,15.679429,12.977866,amber
F018-020,F018,train,Batch 10,13,no,raised,no,damp,46,2025-06-11,13,0,0,0,2,46,81.5807142857143,85.66,24.857857142857142,12.806048,14.316143,13.286884,red
F018-021,F018,train,Batch 1,6,no,floor,no,damp,41,2025-04-05,6,0,1,0,2,41,80.00642857142854,87.53,27.298571428571428,13.668841,15.001286,14.054471,red
F018-022,F018,train,Batch 2,9,no,raised,no,dry,52,2025-05-25,9,0,0,0,0,52,85.62071428571429,90.36,24.57571428571428,9.984945,15.124143,11.792173,green
F018-023,F018,train,Batch 3,5,no,raised,no,dry,64,2024-12-21,5,0,0,0,0,64,73.31285714285715,78.51,28.01857142857143,12.140531,12.662571,12.356319,amber
F018-024,F018,train,Batch 4,13,yes,floor,no,dry,2,2025-05-06,13,1,1,0,0,2,79.41857142857144,85.86,27.283571428571427,10.925208,14.883714,10.990637,green
F018-025,F018,train,Batch 5,13,no,floor,yes,damp,127,2024-10-10,13,0,1,1,2,127,70.8442857142857,78.23,27.91,11.597448,13.168857,12.623525,amber
F018-026,F018,train,Batch 6,6,no,floor,yes,damp,97,2025-04-16,6,0,1,1,2,97,83.33714285714287,90.36,24.73,13.558076,15.667429,14.727501,red
F018-027,F018,train,Batch 7,11,no,raised,yes,dry,170,2025-07-09,11,0,0,1,0,170,77.45285714285713,84.53,26.44928571428571,11.877774,13.490571,13.099434,red
F018-028,F018,train,Batch 8,11,no,floor,yes,damp,112,2025-03-09,11,0,1,1,2,112,86.98571428571428,90.66,25.385,11.374924,16.397143,14.422202,red
F018-029,F018,train,Batch 9,4,no,raised,yes,dry,24,2025-03-07,4,0,0,1,0,24,73.74642857142858,81.64,28.010714285714283,14.63659,12.749286,14.294479,red
F018-030,F018,train,Batch 10,7,no,floor,yes,damp,122,2025-04-11,7,0,1,1,2,122,81.88428571428572,87.52,25.292857142857137,11.111593,15.376857,13.833689,red
F018-031,F018,train,Batch 1,7,yes,raised,yes,unsure,99,2025-02-13,7,1,0,1,1,99,82.25357142857145,88.87,26.704999999999995,13.811221,14.450714,14.170466,red
F018-032,F018,train,Batch 2,14,no,raised,no,dry,6,2024-12-31,14,0,0,0,0,6,73.575,81.58,27.358571428571427,10.183971,12.715,10.307411,green
F018-033,F018,train,Batch 3,10,yes,floor,no,damp,150,2024-09-16,10,1,1,0,2,150,70.70714285714284,78.23,27.902857142857147,11.071892,13.141429,12.548497,amber
F018-034,F018,train,Batch 4,0,no,raised,yes,unsure,25,2025-11-18,0,0,0,1,1,25,83.23357142857144,88.91,26.002142857142854,15.431857,14.646714,15.2842,red
F018-035,F018,train,Batch 5,5,no,raised,yes,damp,85,2024-10-22,5,0,0,1,2,85,64.50571428571428,75.06,26.87357142857143,15.265025,10.901143,13.050199,red
F018-036,F018,train,Batch 6,16,no,floor,yes,unsure,162,2025-02-26,16,0,1,1,1,162,80.57857142857144,85.31,25.376428571428573,11.064467,15.115714,14.065468,red
F018-037,F018,train,Batch 7,10,no,raised,yes,unsure,127,2025-03-16,10,0,0,1,1,127,83.61785714285715,90.36,24.720714285714283,11.605959,14.723571,13.641655,red
F018-038,F018,train,Batch 8,12,no,floor,no,dry,26,2025-11-30,12,0,1,0,0,26,77.45285714285713,84.53,26.44928571428571,10.902957,14.490571,11.60183,green
F018-039,F018,train,Batch 9,7,no,raised,yes,damp,173,2024-11-07,7,0,0,1,2,173,77.49857142857142,85.86,27.85928571428571,12.341158,13.499714,13.225677,red
F018-040,F018,train,Batch 10,0,no,floor,yes,unsure,71,2025-06-12,0,0,1,1,1,71,81.94500000000001,84.22,24.768571428571427,14.296982,15.389,14.784673,red
F018-041,F018,train,Batch 1,13,no,floor,no,dry,110,2024-11-13,13,0,1,0,0,110,69.66214285714285,78.51,28.240000000000002,9.530326,12.932429,11.572099,green
F018-042,F018,train,Batch 2,11,no,raised,yes,damp,163,2025-02-08,11,0,0,1,2,163,83.61785714285715,90.36,24.720714285714283,12.071881,14.723571,14.041851,red
F018-043,F018,train,Batch 3,11,yes,floor,no,dry,11,2025-11-20,11,1,1,0,0,11,79.74857142857145,82.18,26.606428571428573,10.870937,14.949714,11.2282,green
F018-044,F018,train,Batch 4,22,no,raised,yes,unsure,58,2025-04-21,22,0,0,1,1,58,85.98428571428573,90.66,25.713571428571424,10.409292,15.196857,12.24425,amber
F018-045,F018,train,Batch 5,13,no,raised,no,damp,122,2025-03-22,13,0,0,0,2,122,83.33714285714287,90.36,24.73,9.948129,14.667429,12.959991,amber
F018-046,F018,train,Batch 6,12,yes,raised,yes,damp,150,2024-08-04,12,1,0,1,2,150,76.62857142857142,81.58,26.99285714285714,12.228655,13.325714,13.011402,red
F018-047,F018,train,Batch 7,11,no,raised,no,dry,13,2025-03-25,11,0,0,0,0,13,75.32785714285714,81.64,28.215714285714284,11.286356,13.065571,11.46903,green
F018-048,F018,train,Batch 8,7,no,floor,no,damp,108,2024-12-20,7,0,1,0,2,108,75.32785714285714,81.64,28.215714285714284,11.886697,14.065571,13.179707,red
F018-049,F018,train,Batch 9,9,no,raised,no,dry,5,2025-01-10,9,0,0,0,0,5,64.50571428571428,75.06,26.87357142857143,11.440672,10.901143,11.418653,green
F018-050,F018,train,Batch 10,10,no,raised,no,damp,165,2024-10-17,10,0,0,0,2,165,73.74642857142858,81.64,28.010714285714283,11.117718,12.749286,12.336761,amber
F018-051,F018,train,Batch 1,16,no,raised,no,unsure,19,2025-12-02,16,0,0,0,1,19,79.63214285714287,85.68,26.06357142857143,10.292719,13.926429,10.82482,green
F018-052,F018,train,Batch 2,14,no,raised,no,unsure,62,2025-05-11,14,0,0,0,1,62,86.38214285714287,90.36,24.812857142857144,11.669372,15.276429,13.124799,red
F018-053,F018,train,Batch 3,2,no,raised,no,damp,37,2025-01-22,2,0,0,0,2,37,69.475,78.51,28.14642857142857,16.434188,11.895,15.229807,red
F018-054,F018,train,Batch 4,9,no,floor,yes,damp,41,2025-10-28,9,0,1,1,2,41,81.80071428571429,88.91,26.36357142857143,12.65138,15.360143,13.435337,red
F018-055,F018,train,Batch 5,6,no,floor,yes,damp,135,2025-02-09,6,0,1,1,2,135,86.75428571428571,90.66,25.47714285714286,11.603758,16.350857,14.8097,red
F018-056,F018,train,Batch 6,5,yes,raised,yes,unsure,4,2025-05-27,5,1,0,1,1,4,83.37642857142858,89.67,26.362142857142857,15.88703,14.675286,15.847304,red
F018-057,F018,train,Batch 7,9,no,raised,no,dry,146,2024-09-21,9,0,0,0,0,146,70.8442857142857,78.23,27.91,10.76256,12.168857,11.75229,green
F018-058,F018,train,Batch 8,17,no,raised,no,dry,89,2024-10-15,17,0,0,0,0,89,67.82428571428571,76.4,27.097857142857144,10.939187,11.564857,11.266838,green
F018-059,F018,train,Batch 9,10,no,floor,yes,damp,93,2025-03-01,10,0,1,1,2,93,83.63785714285714,89.67,26.459285714285716,10.889388,15.727571,13.498602,red
F018-060,F018,train,Batch 10,11,no,raised,no,damp,171,2024-09-15,11,0,0,0,2,171,70.12214285714286,78.51,28.145714285714288,11.771525,12.024429,11.963603,green
F018-061,F018,train,Batch 1,6,no,floor,yes,damp,41,2025-05-23,6,0,1,1,2,41,86.1857142857143,89.75,25.416428571428572,13.73841,16.237143,14.461581,red
F018-062,F018,train,Batch 2,14,no,raised,no,unsure,81,2025-09-23,14,0,0,0,1,81,83.23357142857144,88.91,26.002142857142854,11.299573,14.646714,12.942496,amber
F018-063,F018,train,Batch 3,10,yes,raised,no,unsure,165,2024-09-27,10,1,0,0,1,165,70.31785714285715,77.97,28.57928571428572,12.271866,12.063571,12.116237,amber
F018-064,F018,train,Batch 4,12,no,raised,no,dry,49,2024-12-02,12,0,0,0,0,49,60.44642857142857,71.7,26.49785714285714,11.426394,10.089286,10.978138,green
F018-065,F018,train,Batch 5,14,no,raised,no,dry,14,2025-03-15,14,0,0,0,0,14,73.40714285714284,81.64,28.105000000000008,10.288465,12.681429,10.551973,green
F018-066,F018,train,Batch 6,6,no,floor,yes,damp,98,2024-11-15,6,0,1,1,2,98,72.98214285714285,77.15,28.216428571428573,12.551284,13.596429,13.134577,red
F018-067,F018,train,Batch 7,11,no,raised,no,damp,138,2024-08-20,11,0,0,0,2,138,74.23857142857142,81.58,27.345,12.562716,12.847714,12.757473,amber
F018-068,F018,train,Batch 8,15,no,raised,yes,damp,101,2025-09-14,15,0,0,1,2,101,78.56142857142858,84.53,26.22714285714286,10.812486,13.712286,12.462496,amber
F018-069,F018,train,Batch 9,9,yes,floor,no,unsure,122,2025-03-03,9,1,1,0,1,122,86.1857142857143,89.75,25.416428571428572,12.329745,16.237143,14.823451,red
F018-070,F018,train,Batch 10,14,no,raised,no,dry,51,2025-03-05,14,0,0,0,0,51,75.45071428571428,82.23,28.19785714285714,10.924495,13.090143,11.674308,green
F018-071,F018,train,Batch 1,15,no,floor,no,dry,62,2025-10-02,15,0,1,0,0,62,80.43714285714286,88.55,26.535714285714285,10.884369,15.087429,12.58028,amber
F018-072,F018,train,Batch 2,5,no,floor,yes,damp,129,2025-08-04,5,0,1,1,2,129,82.97428571428573,88.91,26.115000000000002,13.001911,15.594857,14.70989,red
F018-073,F018,train,Batch 3,8,yes,raised,yes,unsure,65,2025-04-17,8,1,0,1,1,65,86.61928571428571,90.66,25.617142857142852,13.666604,15.323857,14.359704,red
F018-074,F018,train,Batch 4,16,no,raised,no,dry,58,2024-11-23,16,0,0,0,0,58,60.44642857142857,71.7,26.49785714285714,11.145444,10.089286,10.740644,green
F018-075,F018,train,Batch 5,6,no,raised,no,damp,130,2025-08-14,6,0,0,0,2,130,79.21000000000001,84.53,26.11428571428571,12.598138,13.842,13.420996,red
F018-076,F018,train,Batch 6,9,no,floor,no,damp,45,2025-01-29,9,0,1,0,2,45,74.35285714285715,78.24,28.287857142857142,12.192466,13.870571,12.717227,amber
F018-077,F018,train,Batch 7,2,no,raised,yes,damp,18,2025-05-08,2,0,0,1,2,18,83.72357142857142,89.67,26.41928571428571,15.876139,14.744714,15.71854,red
F018-078,F018,train,Batch 8,13,no,floor,no,damp,41,2025-03-19,13,0,1,0,2,41,77.49857142857142,85.86,27.85928571428571,11.23237,14.499714,12.177988,amber
F018-079,F018,train,Batch 9,8,no,raised,yes,dry,109,2025-09-01,8,0,0,1,0,109,80.28499999999998,85.68,26.07571428571429,11.680188,14.057,13.09868,red
F018-080,F018,train,Batch 10,12,no,raised,yes,unsure,110,2024-11-25,12,0,0,1,1,110,74.35285714285715,78.24,28.287857142857142,11.765774,12.870571,12.428819,amber
F019-001,F019,train,Batch 1,6,no,floor,yes,damp,61,2025-06-28,6,0,1,1,2,61,80.03499999999998,83.94,24.977142857142855,11.845375,15.007,13.105291,red
F019-002,F019,train,Batch 2,11,no,raised,no,dry,11,2025-06-08,11,0,0,0,0,11,86.32285714285715,90.66,25.67285714285714,11.114451,15.264571,11.477963,green
F019-003,F019,train,Batch 3,20,no,raised,yes,damp,129,2025-03-30,20,0,0,1,2,129,80.42999999999999,85.31,25.357142857142858,12.090802,14.086,13.405043,red
F019-004,F019,train,Batch 4,15,no,raised,no,damp,112,2024-12-14,15,0,0,0,2,112,74.88714285714285,81.64,28.173571428571424,12.083862,12.977429,12.626042,amber
F019-005,F019,train,Batch 5,14,no,raised,no,unsure,138,2024-12-25,14,0,0,0,1,138,79.13642857142858,84.02,27.32214285714286,12.603911,13.827286,13.43992,red
F019-006,F019,train,Batch 6,3,no,floor,no,damp,28,2025-04-05,3,0,1,0,2,28,77.85642857142857,85.86,27.577142857142857,14.120416,14.571286,14.214246,red
F019-007,F019,train,Batch 7,18,no,raised,yes,damp,34,2025-04-05,18,0,0,1,2,34,80.06714285714285,85.86,27.197142857142858,11.787324,14.013429,12.336573,amber
F019-008,F019,train,Batch 8,8,no,floor,yes,dry,89,2025-05-10,8,0,1,1,0,89,80.57857142857144,85.31,25.376428571428573,10.822919,15.115714,13.070973,red
F019-009,F019,train,Batch 9,14,no,raised,no,unsure,78,2025-01-28,14,0,0,0,1,78,74.27428571428572,78.56,28.309285714285718,12.405326,12.854857,12.620181,amber
F019-010,F019,train,Batch 10,8,yes,raised,yes,dry,152,2025-07-21,8,1,0,1,0,152,79.66357142857143,85.68,26.12285714285714,14.067337,13.932714,13.970647,red
F019-011,F019,train,Batch 1,13,yes,raised,yes,damp,48,2025-06-20,13,1,0,1,2,48,80.57857142857144,85.31,25.376428571428573,13.400631,14.115714,13.636379,red
F019-012,F019,train,Batch 2,22,no,floor,yes,unsure,87,2025-04-25,22,0,1,1,1,87,83.61785714285715,90.36,24.720714285714283,11.611009,15.723571,13.731756,red
F019-013,F019,train,Batch 3,13,no,floor,yes,damp,65,2025-03-30,13,0,1,1,2,65,83.73142857142857,89.67,26.414285714285715,10.445215,15.746286,12.662241,amber
F019-014,F019,train,Batch 4,10,yes,raised,no,damp,170,2024-07-18,10,1,0,0,2,170,75.20214285714285,81.58,27.287857142857142,13.199976,13.040429,13.079122,red
F019-015,F019,train,Batch 5,13,no,raised,yes,damp,149,2025-03-07,13,0,0,1,2,149,80.76571428571428,85.66,25.272142857142853,12.461985,14.153143,13.664563,red
F019-016,F019,train,Batch 6,17,no,raised,yes,dry,130,2024-09-26,17,0,0,1,0,130,72.24571428571429,80.0,27.539285714285715,11.55205,12.449143,12.145508,amber
F019-017,F019,train,Batch 7,10,no,raised,yes,damp,130,2025-04-10,10,0,0,1,2,130,83.05071428571429,87.52,24.74428571428572,9.924338,14.610143,13.02416,red
F019-018,F019,train,Batch 8,5,no,raised,yes,damp,112,2025-05-04,5,0,0,1,2,112,81.38214285714285,84.22,24.82214285714286,13.058976,14.276429,13.797677,red
F019-019,F019,train,Batch 9,15,no,floor,yes,dry,57,2025-05-17,15,0,1,1,0,57,86.26642857142859,90.36,24.694285714285716,9.722757,16.253286,12.192047,amber
F019-020,F019,train,Batch 10,9,no,floor,no,damp,61,2025-06-24,9,0,1,0,2,61,81.38214285714285,84.22,24.82214285714286,10.718139,15.276429,12.53463,amber
F019-021,F019,train,Batch 1,9,no,raised,no,unsure,21,2025-07-08,9,0,0,0,1,21,81.26071428571427,85.66,25.032142857142862,10.741194,14.252143,11.304853,green
F019-022,F019,train,Batch 2,6,no,floor,yes,damp,82,2025-04-29,6,0,1,1,2,82,83.89500000000001,90.36,24.712142857142855,13.443382,15.779,14.599674,red
F019-023,F019,train,Batch 3,10,no,raised,no,dry,21,2025-01-18,10,0,0,0,0,21,69.68,78.23,27.772142857142853,11.179961,11.936,11.301338,green
F019-024,F019,train,Batch 4,4,no,floor,yes,damp,66,2025-02-26,4,0,1,1,2,66,77.85642857142857,85.86,27.577142857142857,13.508963,14.571286,13.958379,red
F019-025,F019,train,Batch 5,17,yes,raised,no,unsure,43,2025-01-25,17,1,0,0,1,43,69.14500000000001,77.34,28.454285714285714,12.883221,11.829,12.565732,amber
F019-026,F019,train,Batch 6,17,yes,raised,yes,damp,85,2025-04-20,17,1,0,1,2,85,85.99071428571429,90.36,24.598571428571432,13.112614,15.198143,14.171094,red
F019-027,F019,train,Batch 7,2,yes,floor,no,damp,1,2025-12-08,2,1,1,0,2,1,82.38214285714285,88.91,26.270000000000003,16.089118,15.476429,16.084033,red
F019-028,F019,train,Batch 8,17,no,floor,no,unsure,50,2024-12-21,17,0,1,0,1,50,69.97785714285715,78.23,27.793571428571422,10.970115,12.995571,11.660308,green
F019-029,F019,train,Batch 9,15,no,raised,no,dry,18,2025-03-30,15,0,0,0,0,18,74.14642857142856,78.56,28.33714285714286,11.240649,12.829286,11.461933,green
F019-030,F019,train,Batch 10,9,no,floor,no,dry,11,2025-06-16,9,0,1,0,0,11,87.11214285714286,90.66,25.310714285714287,10.539578,16.422429,11.054861,green
F019-031,F019,train,Batch 1,14,no,floor,yes,damp,164,2025-02-10,14,0,1,1,2,164,82.66142857142857,85.66,24.782857142857143,11.739171,15.532286,14.565211,red
F019-032,F019,train,Batch 2,17,no,floor,no,dry,8,2025-12-06,17,0,1,0,0,8,83.49214285714287,88.91,25.952142857142857,10.556152,15.698429,10.887792,green
F019-033,F019,train,Batch 3,9,yes,raised,no,damp,149,2025-03-08,9,1,0,0,2,149,80.98571428571428,85.66,25.265000000000004,14.32968,14.197143,14.235433,red
F019-034,F019,train,Batch 4,10,no,raised,no,damp,45,2025-01-22,10,0,0,0,2,45,69.55714285714286,78.51,28.282142857142855,11.262388,11.911429,11.46535,green
F019-035,F019,train,Batch 5,8,no,raised,yes,damp,151,2025-01-14,8,0,0,1,2,151,85.29999999999998,88.69,26.00357142857143,13.428956,15.06,14.596576,red
F019-036,F019,train,Batch 6,9,no,floor,no,unsure,166,2024-08-21,9,0,1,0,1,166,72.24571428571429,80.0,27.539285714285715,10.285024,13.449143,12.655767,amber
F019-037,F019,train,Batch 7,2,yes,floor,yes,dry,104,2024-09-25,2,1,1,1,0,104,73.03285714285713,81.58,27.448571428571427,16.057717,13.606571,14.636912,red
F019-038,F019,train,Batch 8,12,yes,raised,yes,dry,133,2025-03-01,12,1,0,1,0,133,86.38214285714287,90.36,24.812857142857144,12.451578,15.276429,14.343921,red
F019-039,F019,train,Batch 9,7,no,raised,no,damp,74,2025-09-21,7,0,0,0,2,74,81.07714285714287,88.91,26.435714285714283,11.596557,14.215429,12.801918,amber
F019-040,F019,train,Batch 10,15,no,floor,yes,damp,154,2024-11-07,15,0,1,1,2,154,73.99785714285713,79.69,28.497142857142855,10.91085,13.799571,12.999072,amber
F019-041,F019,train,Batch 1,17,no,floor,yes,damp,89,2025-04-11,17,0,1,1,2,89,86.75142857142858,90.36,24.902857142857147,10.51674,16.350286,13.571655,red
F019-042,F019,train,Batch 2,6,no,raised,yes,damp,9,2025-11-29,6,0,0,1,2,9,81.80071428571429,88.91,26.36357142857143,13.621186,14.360143,13.674581,red
F019-043,F019,train,Batch 3,7,no,raised,yes,damp,159,2025-07-14,7,0,0,1,2,159,79.66357142857143,85.68,26.12285714285714,15.2192,13.932714,14.274666,red
F019-044,F019,train,Batch 4,8,yes,floor,yes,unsure,136,2024-09-27,8,1,1,1,1,136,70.24214285714285,78.23,27.80785714285714,14.065334,13.048429,13.37583,red
F019-045,F019,train,Batch 5,12,no,floor,yes,damp,126,2024-10-11,12,0,1,1,2,126,70.8442857142857,78.23,27.91,11.411625,13.168857,12.553935,amber
F019-046,F019,train,Batch 6,4,no,raised,yes,damp,35,2025-07-08,4,0,0,1,2,35,82.35928571428572,87.52,25.172857142857143,12.658341,14.471857,13.117129,red
F019-047,F019,train,Batch 7,3,no,raised,no,damp,60,2024-11-20,3,0,0,0,2,60,60.872857142857136,71.7,26.470714285714283,14.235718,10.174571,12.637781,amber
F019-048,F019,train,Batch 8,9,no,raised,yes,damp,122,2025-08-26,9,0,0,1,2,122,77.45285714285713,84.53,26.44928571428571,12.558855,13.490571,13.153477,red
F019-049,F019,train,Batch 9,5,no,raised,no,damp,53,2025-03-12,5,0,0,0,2,53,78.09857142857143,85.86,27.517857142857142,12.951584,13.619714,13.19013,red
F019-050,F019,train,Batch 10,14,no,raised,no,dry,2,2025-02-12,14,0,0,0,0,2,70.8442857142857,78.23,27.91,11.700472,12.168857,11.708214,green
F019-051,F019,train,Batch 1,17,no,raised,no,dry,144,2024-11-08,17,0,0,0,0,144,73.75142857142859,81.64,28.114285714285717,9.389008,12.750286,11.737888,green
F019-052,F019,train,Batch 2,11,no,floor,no,unsure,171,2025-01-29,11,0,1,0,1,171,84.09,90.36,24.682857142857138,10.985658,15.818,14.655781,red
F019-053,F019,train,Batch 3,8,no,raised,no,unsure,153,2024-11-11,8,0,0,0,1,153,74.16142857142857,79.69,28.390000000000008,12.203385,12.832286,12.656551,amber
F019-054,F019,train,Batch 4,8,yes,raised,yes,unsure,45,2025-04-06,8,1,0,1,1,45,81.66928571428572,87.53,26.825,14.540722,14.333857,14.476033,red
F019-055,F019,train,Batch 5,12,yes,raised,no,damp,63,2025-02-24,12,1,0,0,2,63,76.85357142857143,85.86,27.990000000000002,11.948797,13.370714,12.529572,amber
F019-056,F019,train,Batch 6,10,no,floor,yes,damp,156,2025-07-11,10,0,1,1,2,156,83.49214285714287,88.91,25.952142857142857,11.076303,15.698429,14.438752,red
F019-057,F019,train,Batch 7,15,no,raised,no,damp,35,2025-03-08,15,0,0,0,2,35,74.28428571428572,79.69,28.390000000000004,12.052782,12.856857,12.256199,amber
F019-058,F019,train,Batch 8,6,no,raised,no,unsure,109,2024-11-12,6,0,0,0,1,109,69.66428571428571,78.51,28.151428571428568,13.957289,11.932857,12.749099,amber
F019-059,F019,train,Batch 9,3,no,floor,no,damp,45,2025-04-25,3,0,1,0,2,45,83.63857142857141,88.69,26.22785714285714,14.366959,15.727714,14.792482,red
F019-060,F019,train,Batch 10,5,no,raised,yes,unsure,106,2025-09-04,5,0,0,1,1,106,80.28499999999998,85.68,26.07571428571429,12.826955,14.057,13.548496,red
F019-061,F019,train,Batch 1,10,no,floor,yes,damp,85,2025-04-19,10,0,1,1,2,85,86.26642857142859,90.36,24.694285714285716,10.078186,16.253286,13.21227,red
F019-062,F019,train,Batch 2,9,no,raised,no,dry,152,2024-09-12,9,0,0,0,0,152,70.35142857142857,78.23,27.863571428571426,10.4343,12.070286,11.609315,green
F019-063,F019,train,Batch 3,10,yes,floor,no,damp,164,2025-07-13,10,1,1,0,2,164,78.56142857142858,84.53,26.22714285714286,12.546728,14.712286,14.160165,red
F019-064,F019,train,Batch 4,2,no,raised,yes,damp,35,2025-02-28,2,0,0,1,2,35,74.67928571428571,81.64,28.17071428571429,15.499084,12.935857,14.850632,red
F019-065,F019,train,Batch 5,8,no,floor,yes,damp,67,2025-10-13,8,0,1,1,2,67,80.28499999999998,85.68,26.07571428571429,12.08135,15.057,13.354447,red
F019-066,F019,train,Batch 6,9,no,floor,yes,damp,135,2024-11-29,9,0,1,1,2,135,74.16142857142857,79.69,28.390000000000008,11.980484,13.832286,13.231094,red
F019-067,F019,train,Batch 7,7,no,floor,yes,damp,177,2025-01-29,7,0,1,1,2,177,82.24642857142858,85.66,24.75714285714286,12.731467,15.449286,14.827507,red
F019-068,F019,train,Batch 8,6,no,raised,no,dry,82,2024-11-23,6,0,0,0,0,82,70.70714285714284,78.23,27.902857142857147,11.732481,12.141429,11.934938,green
F019-069,F019,train,Batch 9,2,no,raised,yes,dry,45,2025-06-12,2,0,0,1,0,45,81.5807142857143,85.66,24.857857142857142,15.703752,14.316143,15.269831,red
F019-070,F019,train,Batch 10,9,no,raised,no,damp,32,2025-04-16,9,0,0,0,2,32,80.8785714285714,87.53,27.093571428571426,11.792046,14.175714,12.349995,amber
F019-071,F019,train,Batch 1,6,no,floor,yes,damp,149,2025-03-20,6,0,1,1,2,149,82.93428571428572,87.52,24.935000000000002,12.853717,15.586857,14.797247,red
F019-072,F019,train,Batch 2,8,no,raised,yes,damp,49,2025-10-20,8,0,0,1,2,49,81.80071428571429,88.91,26.36357142857143,12.558337,14.360143,13.162379,red
F019-073,F019,train,Batch 3,12,no,raised,no,unsure,3,2025-06-23,12,0,0,0,1,3,87.19285714285716,90.66,25.372142857142855,10.166945,15.438571,10.297102,green
F019-074,F019,train,Batch 4,3,no,floor,no,unsure,107,2025-03-28,3,0,1,0,1,107,86.26642857142859,90.36,24.694285714285716,14.155265,16.253286,15.393156,red
F019-075,F019,train,Batch 5,11,no,raised,no,dry,47,2025-05-18,11,0,0,0,0,47,86.51714285714287,90.2,25.26357142857142,11.753115,15.303429,12.903667,amber
F019-076,F019,train,Batch 6,6,yes,raised,no,damp,92,2025-09-29,6,1,0,0,2,92,76.82642857142856,81.58,26.73857142857143,14.597479,13.365286,13.937712,red
F019-077,F019,train,Batch 7,9,yes,raised,no,damp,169,2025-07-10,9,1,0,0,2,169,77.45285714285713,84.53,26.44928571428571,13.068127,13.490571,13.387262,red
F019-078,F019,train,Batch 8,14,no,floor,yes,unsure,157,2025-02-08,14,0,1,1,1,157,85.73071428571428,90.36,24.577857142857145,11.833547,16.146143,14.980577,red
F019-079,F019,train,Batch 9,9,no,raised,no,damp,155,2024-12-20,9,0,0,0,2,155,83.17142857142858,89.67,26.565714285714282,10.181977,14.634286,13.410736,red
F019-080,F019,train,Batch 10,9,no,raised,no,unsure,83,2024-11-17,9,0,0,0,1,83,69.68,78.23,27.772142857142853,11.981754,11.936,11.958911,green
F020-001,F020,train,Batch 1,0,no,raised,yes,damp,114,2025-03-22,0,0,0,1,2,114,85.99071428571429,90.36,24.598571428571432,17.503293,15.198143,16.089639,red
F020-002,F020,train,Batch 2,9,yes,raised,yes,unsure,160,2025-02-09,9,1,0,1,1,160,84.09,90.36,24.682857142857138,12.807454,14.818,14.288026,red
F020-003,F020,train,Batch 3,4,no,raised,yes,damp,77,2025-01-05,4,0,0,1,2,77,73.69285714285715,78.24,28.224285714285717,14.966418,12.738571,13.911342,red
F020-004,F020,train,Batch 4,19,no,floor,no,unsure,37,2025-04-22,19,0,1,0,1,37,83.82428571428571,89.67,26.346428571428568,10.568563,15.764857,11.947294,green
F020-005,F020,train,Batch 5,12,no,floor,no,dry,11,2025-03-27,12,0,1,0,0,11,75.32785714285714,81.64,28.215714285714284,10.955338,14.065571,11.227765,green
F020-006,F020,train,Batch 6,5,no,raised,no,unsure,168,2024-08-02,5,0,0,0,1,168,63.43285714285713,71.7,26.69785714285715,11.958939,10.686571,11.000333,green
F020-007,F020,train,Batch 7,12,no,raised,no,unsure,81,2024-12-08,12,0,0,0,1,81,70.21714285714285,78.51,28.01071428571428,10.418427,12.043429,11.216049,green
F020-008,F020,train,Batch 8,9,no,floor,no,dry,85,2024-10-20,9,0,1,0,0,85,66.08428571428571,75.51,26.992142857142856,11.617393,12.216857,11.921642,green
F020-009,F020,train,Batch 9,10,no,raised,no,dry,3,2025-05-18,10,0,0,0,0,3,81.66928571428572,87.53,26.825,10.736061,14.333857,10.824891,green
F020-010,F020,train,Batch 10,15,yes,floor,yes,damp,98,2025-05-20,15,1,1,1,2,98,80.93928571428572,83.94,24.810000000000002,12.950954,15.187857,14.199365,red
F020-011,F020,train,Batch 1,10,yes,raised,yes,damp,93,2025-02-10,10,1,0,1,2,93,79.49928571428573,87.53,27.308571428571433,12.505059,13.899857,13.257268,red
F020-012,F020,train,Batch 2,3,no,raised,no,dry,23,2025-01-07,3,0,0,0,0,23,66.90071428571429,80.0,27.23142857142857,12.618339,11.380143,12.402375,amber
F020-013,F020,train,Batch 3,0,no,raised,no,damp,69,2025-01-04,0,0,0,0,2,69,73.81714285714285,78.24,28.365000000000002,17.012125,12.763429,15.154191,red
F020-014,F020,train,Batch 4,9,yes,floor,no,damp,92,2025-09-02,9,1,1,0,2,92,80.43714285714286,88.55,26.535714285714285,12.011698,15.087429,13.65857,red
F020-015,F020,train,Batch 5,5,yes,raised,yes,dry,159,2024-12-08,5,1,0,1,0,159,80.00642857142854,87.53,27.298571428571428,13.243232,14.001286,13.799793,red
F020-016,F020,train,Batch 6,12,no,floor,yes,damp,156,2024-10-23,12,0,1,1,2,156,73.63142857142857,81.64,28.07000000000001,10.673355,13.726286,12.894265,amber
F020-017,F020,train,Batch 7,15,no,floor,yes,damp,57,2025-03-12,15,0,1,1,2,57,79.41857142857144,85.86,27.283571428571427,10.834234,14.883714,12.365403,amber
F020-018,F020,train,Batch 8,9,no,raised,no,dry,101,2024-10-19,9,0,0,0,0,101,65.80071428571429,80.0,27.134285714285713,11.412458,11.160143,11.268889,green
F020-019,F020,train,Batch 9,6,no,raised,yes,damp,115,2025-08-23,6,0,0,1,2,115,82.75928571428572,88.91,25.957857142857144,13.192303,14.551857,14.030425,red
F020-020,F020,train,Batch 10,2,no,raised,yes,unsure,58,2025-01-17,2,0,0,1,1,58,74.99642857142858,78.24,28.19857142857143,15.953782,12.999286,14.821395,red
F020-021,F020,train,Batch 1,10,no,raised,no,unsure,54,2024-11-18,10,0,0,0,1,54,69.75357142857142,77.39,27.245714285714286,11.465255,11.950714,11.641172,green
F020-022,F020,train,Batch 2,11,no,raised,no,damp,129,2025-04-04,11,0,0,0,2,129,81.88428571428572,87.52,25.292857142857137,9.594774,14.376857,12.744743,amber
F020-023,F020,train,Batch 3,7,yes,raised,yes,damp,99,2025-09-10,7,1,0,1,2,99,80.50214285714286,85.68,26.052142857142858,14.05011,14.100429,14.078377,red
F020-024,F020,train,Batch 4,11,no,raised,no,dry,21,2025-01-19,11,0,0,0,0,21,69.97785714285715,78.23,27.793571428571422,11.636102,11.995571,11.693812,green
F020-025,F020,train,Batch 5,19,no,raised,no,dry,7,2025-03-01,19,0,0,0,0,7,69.55714285714286,78.51,28.282142857142855,11.211097,11.911429,11.250781,green
F020-026,F020,train,Batch 6,13,yes,raised,yes,damp,124,2025-01-25,13,1,0,1,2,124,83.82428571428571,89.67,26.346428571428568,12.878157,14.764857,14.093533,red
F020-027,F020,train,Batch 7,14,yes,floor,no,damp,100,2025-02-28,14,1,1,0,2,100,83.52428571428571,88.69,26.235714285714284,12.036393,15.704857,14.110549,red
F020-028,F020,train,Batch 8,13,yes,raised,yes,damp,32,2025-07-11,13,1,0,1,2,32,82.35928571428572,87.52,25.172857142857143,12.619664,14.471857,13.05321,red
F020-029,F020,train,Batch 9,10,no,floor,yes,damp,107,2024-10-26,10,0,1,1,2,107,70.24214285714285,78.23,27.80785714285714,10.876252,13.048429,12.157897,amber
F020-030,F020,train,Batch 10,12,no,floor,yes,unsure,112,2025-03-10,12,0,1,1,1,112,87.03571428571426,90.66,25.40071428571429,10.148165,16.407143,13.945858,red
F020-031,F020,train,Batch 1,10,no,floor,no,damp,81,2025-01-08,10,0,1,0,2,81,73.37142857142855,81.64,28.087857142857143,11.96976,13.674286,12.806415,amber
F020-032,F020,train,Batch 2,17,no,raised,no,dry,39,2025-03-22,17,0,0,0,0,39,77.68714285714285,85.86,27.78928571428571,10.672941,13.537429,11.467758,green
F020-033,F020,train,Batch 3,8,no,floor,yes,damp,150,2025-01-20,8,0,1,1,2,150,86.32285714285715,90.66,25.67285714285714,11.355672,16.264571,14.858148,red
F020-034,F020,train,Batch 4,10,no,floor,no,unsure,71,2025-03-17,10,0,1,0,1,71,83.30214285714285,89.67,26.474999999999994,10.57982,15.660429,12.848798,amber
F020-035,F020,train,Batch 5,13,no,floor,no,damp,27,2025-07-05,13,0,1,0,2,27,81.2192857142857,85.66,25.12285714285714,12.058495,15.243857,12.700293,amber
F020-036,F020,train,Batch 6,17,no,raised,yes,damp,67,2025-06-24,17,0,0,1,2,67,79.12071428571427,83.94,25.159285714285716,10.910323,13.824143,12.156966,amber
F020-037,F020,train,Batch 7,5,no,floor,no,unsure,7,2024-12-28,5,0,1,0,1,7,75.20214285714285,81.58,27.287857142857142,13.192294,14.040429,13.240353,red
F020-038,F020,train,Batch 8,11,no,raised,yes,damp,59,2025-06-25,11,0,0,1,2,59,81.78142857142856,84.22,24.79785714285714,11.625909,14.356286,12.68637,amber
F020-039,F020,train,Batch 9,10,yes,raised,no,damp,18,2025-11-28,10,1,0,0,2,18,82.75928571428572,88.91,25.957857142857144,11.747106,14.551857,12.137786,amber
F020-040,F020,train,Batch 10,13,no,floor,no,damp,111,2025-05-10,13,0,1,0,2,111,79.625,83.94,25.06714285714285,12.425163,14.925,13.933736,red
F020-041,F020,train,Batch 1,10,no,raised,no,unsure,176,2024-09-16,10,0,0,0,1,176,70.31785714285715,77.97,28.57928571428572,9.16818,12.063571,11.395624,green
F020-042,F020,train,Batch 2,18,no,raised,yes,damp,172,2024-09-22,18,0,0,1,2,172,72.97285714285715,78.24,28.48857142857143,10.708526,12.594571,12.144726,amber
F020-043,F020,train,Batch 3,22,no,raised,no,dry,97,2024-10-20,22,0,0,0,0,97,62.06642857142857,80.0,26.784999999999997,10.75253,10.413286,10.564453,green
F020-044,F020,train,Batch 4,4,no,raised,no,damp,158,2024-09-30,4,0,0,0,2,158,69.60785714285714,78.51,28.26928571428571,14.142652,11.921571,12.516882,amber
F020-045,F020,train,Batch 5,11,no,raised,no,damp,20,2025-03-18,11,0,0,0,2,20,75.32785714285714,81.64,28.215714285714284,10.354399,13.065571,10.770613,green
F020-046,F020,train,Batch 6,10,no,raised,no,dry,30,2025-01-08,10,0,0,0,0,30,69.6592857142857,78.23,27.688571428571425,11.068987,11.931857,11.259853,green
F020-047,F020,train,Batch 7,15,yes,floor,no,dry,65,2025-03-12,15,1,1,0,0,65,80.00642857142854,87.53,27.298571428571428,12.451174,15.001286,13.517688,red
F020-048,F020,train,Batch 8,16,no,raised,no,dry,102,2024-09-28,16,0,0,0,0,102,72.85499999999999,81.58,27.45285714285714,10.579296,12.571,11.719716,green
F020-049,F020,train,Batch 9,0,no,raised,yes,unsure,50,2025-03-07,0,0,0,1,1,50,76.11357142857142,85.7,28.143571428571427,15.569435,13.222714,14.769768,red
F020-050,F020,train,Batch 10,4,no,raised,no,damp,76,2025-02-23,4,0,0,0,2,76,79.43285714285715,85.86,27.235714285714288,12.845652,13.886571,13.334031,red
F020-051,F020,train,Batch 1,20,no,raised,no,damp,41,2025-05-21,20,0,0,0,2,41,86.74642857142855,90.66,25.40357142857143,12.274673,15.349286,13.164512,red
F020-052,F020,train,Batch 2,16,no,floor,no,dry,86,2024-12-21,16,0,1,0,0,86,75.175,78.24,28.174999999999994,9.324438,14.035,11.734468,green
F020-053,F020,train,Batch 3,19,no,raised,no,damp,151,2025-02-08,19,0,0,0,2,151,86.75142857142858,90.36,24.902857142857147,10.729325,15.350286,14.037345,red
F020-054,F020,train,Batch 4,6,no,raised,yes,damp,32,2025-07-16,6,0,0,1,2,32,83.31285714285715,87.52,24.79928571428572,12.98678,14.662571,13.379036,red
F020-055,F020,train,Batch 5,16,yes,raised,no,unsure,102,2025-02-23,16,1,0,0,1,102,83.76857142857143,89.67,26.266428571428573,12.547179,14.753714,13.810608,red
F020-056,F020,train,Batch 6,14,yes,floor,no,damp,95,2024-10-08,14,1,1,0,2,95,69.75357142857142,77.39,27.245714285714286,12.769743,12.950714,12.868718,amber
F020-057,F020,train,Batch 7,16,no,floor,no,dry,99,2025-02-12,16,0,1,0,0,99,81.90714285714286,87.53,26.756428571428568,9.471966,15.381429,12.791695,amber
F020-058,F020,train,Batch 8,19,no,raised,no,dry,15,2025-06-03,19,0,0,0,0,15,85.98428571428573,90.66,25.713571428571424,10.921549,15.196857,11.423911,green
F020-059,F020,train,Batch 9,12,no,raised,no,unsure,148,2024-12-17,12,0,0,0,1,148,79.49928571428573,87.53,27.308571428571433,11.787341,13.899857,13.284439,red
F020-060,F020,train,Batch 10,5,no,raised,yes,dry,38,2025-05-22,5,0,0,1,0,38,86.98571428571428,90.66,25.385,13.693483,15.397143,14.155901,red
F020-061,F020,train,Batch 1,6,no,floor,yes,damp,75,2025-06-05,6,0,1,1,2,75,82.92928571428571,87.52,24.719285714285714,12.367816,15.585857,13.863364,red
F020-062,F020,train,Batch 2,10,yes,raised,yes,unsure,180,2025-01-17,10,1,0,1,1,180,85.62071428571429,90.36,24.57571428571428,12.930882,15.124143,14.63476,red
F020-063,F020,train,Batch 3,12,no,floor,no,damp,101,2025-09-02,12,0,1,0,2,101,83.04428571428572,88.91,26.052142857142858,11.451242,15.608857,13.81696,red
F020-064,F020,train,Batch 4,11,yes,raised,no,dry,157,2024-09-11,11,1,0,0,0,157,70.02642857142857,77.15,28.074285714285715,11.970402,12.005286,11.995858,green
F020-065,F020,train,Batch 5,10,no,floor,no,unsure,100,2024-12-13,10,0,1,0,1,100,73.69285714285715,78.24,28.224285714285717,12.502899,13.738571,13.201551,red
F020-066,F020,train,Batch 6,5,no,floor,no,dry,180,2025-02-13,5,0,1,0,0,180,82.35928571428572,87.52,25.172857142857143,12.702824,15.471857,14.854002,red
F020-067,F020,train,Batch 7,10,no,floor,no,damp,88,2025-01-03,10,0,1,0,2,88,73.75142857142859,81.64,28.114285714285717,11.472897,13.750286,12.656444,amber
F020-068,F020,train,Batch 8,8,no,raised,no,damp,176,2025-01-07,8,0,0,0,2,176,86.20571428571428,89.75,25.45,12.442679,15.241143,14.595556,red
F020-069,F020,train,Batch 9,3,yes,raised,yes,damp,25,2025-02-24,3,1,0,1,2,25,74.48857142857143,78.24,28.12714285714286,16.113758,12.897714,15.508937,red
F020-070,F020,train,Batch 10,8,no,floor,yes,damp,27,2025-06-14,8,0,1,1,2,27,86.49285714285715,90.36,24.87142857142857,11.111355,16.298571,12.156495,amber
F020-071,F020,train,Batch 1,6,no,raised,no,damp,152,2024-10-22,6,0,0,0,2,152,73.69285714285715,78.24,28.224285714285717,11.80405,12.738571,12.475252,amber
F020-072,F020,train,Batch 2,14,no,floor,yes,damp,108,2024-12-23,14,0,1,1,2,108,73.99785714285713,79.69,28.497142857142855,9.99738,13.799571,12.253716,amber
F020-073,F020,train,Batch 3,2,no,raised,no,damp,133,2025-01-29,2,0,0,0,2,133,84.24571428571429,88.69,26.153571428571418,15.142512,14.849143,14.945986,red
F020-074,F020,train,Batch 4,14,yes,floor,yes,unsure,92,2025-04-20,14,1,1,1,1,92,83.61785714285715,90.36,24.720714285714283,12.062568,15.723571,14.022819,red
F020-075,F020,train,Batch 5,12,yes,raised,no,damp,43,2025-04-16,12,1,0,0,2,43,83.82428571428571,89.67,26.346428571428568,11.931531,14.764857,12.784815,amber
F020-076,F020,train,Batch 6,19,no,raised,no,unsure,12,2025-03-31,19,0,0,0,1,12,74.28428571428572,79.69,28.390000000000004,10.735376,12.856857,10.937262,green
F020-077,F020,train,Batch 7,9,no,floor,no,unsure,101,2024-12-04,9,0,1,0,1,101,74.35285714285715,78.24,28.287857142857142,11.1539,13.870571,12.699709,amber
F020-078,F020,train,Batch 8,8,yes,raised,yes,unsure,71,2024-11-28,8,1,0,1,1,71,69.6592857142857,78.23,27.688571428571425,13.576176,11.931857,12.84183,amber
F020-079,F020,train,Batch 9,6,no,raised,no,dry,22,2025-04-30,6,0,0,0,0,22,81.90714285714286,87.53,26.756428571428568,10.354242,14.381429,11.028834,green
F020-080,F020,train,Batch 10,10,no,raised,no,damp,165,2024-10-04,10,0,0,0,2,165,74.94785714285715,78.24,28.134285714285717,9.37686,12.989571,12.076135,amber
F021-001,F021,test,Batch 1,13,no,floor,no,unsure,47,2025-10-16,13,0,1,0,1,47,79.80071428571429,82.18,26.620714285714286,10.720926,14.960143,12.094731,amber
F021-002,F021,test,Batch 2,1,no,raised,no,damp,122,2024-12-01,1,0,0,0,2,122,73.98642857142856,81.64,28.128571428571426,15.694274,12.797286,13.845413,red
F021-003,F021,test,Batch 3,12,no,floor,no,damp,128,2025-08-09,12,0,1,0,2,128,83.47500000000001,88.91,25.950714285714287,12.460873,15.695,14.581963,red
F021-004,F021,test,Batch 4,9,no,raised,no,dry,26,2025-02-24,9,0,0,0,0,26,74.04142857142858,78.24,28.189285714285717,11.366364,12.808286,11.647253,green
F021-005,F021,test,Batch 5,7,yes,raised,yes,unsure,169,2025-03-08,7,1,0,1,1,169,81.38214285714285,84.22,24.82214285714286,14.455253,14.276429,14.32016,red
F021-006,F021,test,Batch 6,14,yes,raised,no,unsure,163,2024-09-28,14,1,0,0,1,163,69.37785714285715,77.34,28.559285714285718,13.848923,11.875571,12.382898,amber
F021-007,F021,test,Batch 7,4,no,floor,yes,damp,167,2024-08-25,4,0,1,1,2,167,69.68,78.23,27.772142857142853,13.773673,12.936,13.144296,red
F021-008,F021,test,Batch 8,18,no,floor,no,unsure,96,2025-02-24,18,0,1,0,1,96,83.37642857142858,89.67,26.362142857142857,10.442328,15.675286,13.323966,red
F021-009,F021,test,Batch 9,2,no,floor,no,damp,2,2025-01-01,2,0,1,0,2,2,75.87571428571428,81.58,27.164285714285718,16.355536,14.175143,16.319497,red
F021-010,F021,test,Batch 10,12,yes,raised,no,dry,55,2025-02-20,12,1,0,0,0,55,74.27428571428572,78.56,28.309285714285718,13.660967,12.854857,13.36459,red
F021-011,F021,test,Batch 1,16,yes,raised,yes,dry,55,2025-04-21,16,1,0,1,0,55,85.49428571428571,88.69,25.845714285714283,13.896636,15.098857,14.338648,red
F021-012,F021,test,Batch 2,18,no,raised,yes,dry,152,2025-03-04,18,0,0,1,0,152,80.76571428571428,85.66,25.272142857142853,12.204036,14.153143,13.603944,red
F021-013,F021,test,Batch 3,10,yes,raised,yes,unsure,159,2025-03-13,10,1,0,1,1,159,82.92928571428571,87.52,24.719285714285714,11.856511,14.585857,13.860389,red
F021-014,F021,test,Batch 4,9,no,raised,yes,damp,179,2024-07-14,9,0,0,1,2,179,72.47714285714285,81.58,27.456428571428567,11.605312,12.495429,12.295155,amber
F021-015,F021,test,Batch 5,16,no,floor,yes,dry,149,2024-12-12,16,0,1,1,0,149,79.43285714285715,85.86,27.235714285714288,12.605284,14.886571,14.227502,red
F021-016,F021,test,Batch 6,0,no,raised,no,dry,132,2024-11-03,0,0,0,0,0,132,74.35285714285715,78.24,28.287857142857142,15.403428,12.870571,13.713686,red
F021-017,F021,test,Batch 7,8,yes,raised,yes,unsure,12,2025-03-25,8,1,0,1,1,12,75.43071428571427,81.64,28.13,13.467359,13.086143,13.431081,red
F021-018,F021,test,Batch 8,10,yes,raised,yes,damp,110,2025-02-12,10,1,0,1,2,110,83.63785714285714,89.67,26.459285714285716,13.736778,14.727571,14.331403,red
F021-019,F021,test,Batch 9,9,no,floor,yes,dry,163,2024-09-27,9,0,1,1,0,163,69.14500000000001,77.34,28.454285714285714,13.657207,12.829,13.041923,red
F021-020,F021,test,Batch 10,13,no,raised,no,dry,8,2025-05-18,13,0,0,0,0,8,83.72357142857142,89.67,26.41928571428571,11.425918,14.744714,11.639957,green
F021-021,F021,test,Batch 1,11,no,floor,no,damp,145,2025-07-19,11,0,1,0,2,145,82.97428571428573,88.91,26.115000000000002,12.350438,15.594857,14.625766,red
F021-022,F021,test,Batch 2,14,no,raised,no,dry,18,2025-02-02,14,0,0,0,0,18,72.97857142857141,77.15,28.245,11.787187,12.595714,11.899809,green
F021-023,F021,test,Batch 3,13,yes,floor,yes,damp,124,2024-09-08,13,1,1,1,2,124,71.40142857142855,77.39,27.400714285714287,14.517351,13.280286,13.720457,red
F021-024,F021,test,Batch 4,7,no,raised,no,unsure,77,2025-05-11,7,0,0,0,1,77,81.5807142857143,85.66,24.857857142857142,13.042943,14.316143,13.645912,red
F021-025,F021,test,Batch 5,14,yes,raised,yes,damp,75,2024-12-29,14,1,0,1,2,75,73.81714285714285,78.24,28.365000000000002,13.626678,12.763429,13.225493,red
F021-026,F021,test,Batch 6,14,yes,floor,no,damp,143,2024-09-06,14,1,1,0,2,143,65.07714285714287,80.0,27.072142857142858,13.932196,12.015429,12.597579,amber
F021-027,F021,test,Batch 7,1,no,raised,no,unsure,78,2025-03-02,1,0,0,0,1,78,80.79214285714284,87.53,27.043571428571425,17.240384,14.158429,15.76735,red
F021-028,F021,test,Batch 8,6,yes,raised,yes,damp,52,2025-03-20,6,1,0,1,2,52,78.65214285714286,84.02,27.396428571428576,16.451264,13.730429,15.494467,red
F021-029,F021,test,Batch 9,15,no,raised,no,unsure,69,2024-10-25,15,0,0,0,1,69,75.70357142857144,81.58,27.132857142857144,11.318721,13.140714,12.11547,amber
F021-030,F021,test,Batch 10,3,no,raised,yes,damp,88,2024-11-14,3,0,0,1,2,88,70.24214285714285,78.23,27.80785714285714,15.710533,12.048429,13.807357,red
F021-031,F021,test,Batch 1,11,no,raised,no,damp,3,2025-08-09,11,0,0,0,2,3,82.35928571428572,87.52,25.172857142857143,11.929267,14.471857,11.992044,green
F021-032,F021,test,Batch 2,10,no,raised,no,damp,3,2025-01-14,10,0,0,0,2,3,63.43285714285713,71.7,26.69785714285715,12.241183,10.686571,12.2028,amber
F021-033,F021,test,Batch 3,8,no,raised,no,damp,46,2025-02-04,8,0,0,0,2,46,74.04142857142858,78.24,28.189285714285717,12.804085,12.808286,12.805422,amber
F021-034,F021,test,Batch 4,15,no,raised,no,damp,48,2025-04-07,15,0,0,0,2,48,83.64999999999999,89.67,26.43571428571428,12.465179,14.73,13.211845,red
F021-035,F021,test,Batch 5,4,yes,floor,yes,dry,128,2024-12-08,4,1,1,1,0,128,73.90571428571427,77.92,28.40928571428572,16.453277,13.781143,14.700768,red
F021-036,F021,test,Batch 6,12,no,raised,no,damp,18,2025-06-08,12,0,0,0,2,18,87.19285714285716,90.66,25.372142857142855,11.451703,15.438571,12.007042,amber
F021-037,F021,test,Batch 7,9,yes,raised,no,unsure,178,2024-11-16,9,1,0,0,1,178,79.53785714285716,87.53,27.275000000000002,15.726368,13.907571,14.32022,red
F021-038,F021,test,Batch 8,10,no,raised,no,dry,97,2024-10-15,10,0,0,0,0,97,60.44642857142857,71.7,26.49785714285714,10.985934,10.089286,10.488832,green
F021-039,F021,test,Batch 9,16,yes,floor,no,damp,91,2025-04-20,16,1,1,0,2,91,83.89500000000001,90.36,24.712142857142855,14.510348,15.779,15.184704,red
F021-040,F021,test,Batch 10,7,yes,raised,no,damp,21,2025-06-19,7,1,0,0,2,21,86.46428571428571,90.36,24.877857142857145,14.231209,15.292857,14.40165,red
F021-041,F021,test,Batch 1,14,no,raised,no,damp,117,2025-04-04,14,0,0,0,2,117,81.2042857142857,85.66,25.041428571428575,10.686689,14.240857,12.900252,amber
F021-042,F021,test,Batch 2,10,no,floor,no,unsure,84,2025-01-09,10,0,1,0,1,84,74.41857142857143,81.64,28.122857142857146,10.616572,13.883714,12.261299,amber
F021-043,F021,test,Batch 3,7,yes,floor,no,damp,97,2025-02-27,7,1,1,0,2,97,83.81857142857143,89.67,26.320714285714285,15.735958,15.763714,15.751346,red
F021-044,F021,test,Batch 4,8,no,floor,yes,damp,137,2025-03-28,8,0,1,1,2,137,82.35928571428572,87.52,25.172857142857143,12.874179,15.471857,14.642454,red
F021-045,F021,test,Batch 5,8,no,floor,no,damp,59,2025-04-12,8,0,1,0,2,59,83.98000000000002,88.69,26.188571428571425,15.121433,15.796,15.383431,red
F021-046,F021,test,Batch 6,20,no,floor,no,unsure,142,2024-12-29,20,0,1,0,1,142,81.05857142857143,87.53,26.972142857142853,12.789917,15.211714,14.470024,red
F021-047,F021,test,Batch 7,11,no,floor,no,dry,2,2025-08-27,11,0,1,0,0,2,79.625,83.94,25.06714285714285,11.725491,14.925,11.778374,green
F021-048,F021,test,Batch 8,12,no,raised,no,dry,149,2024-09-12,12,0,0,0,0,149,69.68,78.23,27.772142857142853,10.970449,11.936,11.65705,green
F021-049,F021,test,Batch 9,10,no,floor,yes,dry,76,2025-10-05,10,0,1,1,0,76,79.66357142857143,85.68,26.12285714285714,12.691851,14.932714,13.743221,red
F021-050,F021,test,Batch 10,11,no,raised,no,damp,120,2024-12-24,11,0,0,0,2,120,75.51857142857143,82.23,28.140714285714278,11.660057,13.103714,12.572622,amber
F021-051,F021,test,Batch 1,16,yes,raised,no,damp,15,2025-03-25,16,1,0,0,2,15,74.51214285714285,79.69,28.40285714285714,13.892077,12.902429,13.775791,red
F021-052,F021,test,Batch 2,14,no,floor,yes,damp,29,2025-03-19,14,0,1,1,2,29,74.14642857142856,78.56,28.33714285714286,12.713434,13.829286,12.952987,amber
F021-053,F021,test,Batch 3,7,no,floor,no,unsure,79,2024-10-14,7,0,1,0,1,79,76.62857142857142,81.58,26.99285714285714,12.808372,14.325714,13.540166,red
F021-054,F021,test,Batch 4,10,no,floor,no,dry,36,2024-12-12,10,0,1,0,0,36,63.43285714285713,71.7,26.69785714285715,11.898934,11.686571,11.843893,green
F021-055,F021,test,Batch 5,10,no,raised,no,unsure,130,2025-04-01,10,0,0,0,1,130,81.38214285714285,87.52,25.326428571428572,13.416245,14.276429,13.985286,red
F021-056,F021,test,Batch 6,15,no,raised,no,damp,5,2025-06-08,15,0,0,0,2,5,84.74428571428571,88.69,26.12928571428571,12.477078,14.948857,12.577953,amber
F021-057,F021,test,Batch 7,11,yes,raised,no,dry,135,2024-12-14,11,1,0,0,0,135,76.85357142857143,85.86,27.990000000000002,14.974989,13.370714,13.891546,red
F021-058,F021,test,Batch 8,12,no,floor,yes,damp,18,2025-01-20,12,0,1,1,2,18,69.6592857142857,78.23,27.688571428571425,13.114271,12.931857,13.088862,red
F021-059,F021,test,Batch 9,8,yes,floor,yes,damp,3,2025-06-04,8,1,1,1,2,3,83.22428571428573,88.69,26.26285714285714,14.959659,15.644857,14.976576,red
F021-060,F021,test,Batch 10,10,no,raised,no,damp,41,2025-01-31,10,0,0,0,2,41,72.97285714285715,78.24,28.48857142857143,11.590283,12.594571,11.880939,green
F021-061,F021,test,Batch 1,8,no,raised,no,damp,137,2024-09-27,8,0,0,0,2,137,70.35142857142857,78.23,27.863571428571426,13.080003,12.070286,12.392675,amber
F021-062,F021,test,Batch 2,14,no,floor,no,dry,10,2025-01-20,14,0,1,0,0,10,66.90071428571429,80.0,27.23142857142857,11.937041,12.380143,11.972469,green
F021-063,F021,test,Batch 3,2,no,floor,no,damp,56,2025-03-03,2,0,1,0,2,56,76.85357142857143,85.86,27.990000000000002,15.62724,14.370714,15.158668,red
F021-064,F021,test,Batch 4,1,no,floor,yes,damp,159,2024-07-27,1,0,1,1,2,159,75.70357142857144,81.58,27.132857142857144,15.31242,14.140714,14.452157,red
F021-065,F021,test,Batch 5,6,no,raised,yes,unsure,43,2025-03-26,6,0,0,1,1,43,79.41857142857144,85.86,27.283571428571427,14.740755,13.883714,14.482649,red
F021-066,F021,test,Batch 6,7,no,floor,no,dry,37,2025-01-10,7,0,1,0,0,37,69.64214285714284,77.15,28.177142857142858,12.606991,12.928429,12.692278,amber
F021-067,F021,test,Batch 7,4,yes,raised,no,damp,16,2025-03-30,4,1,0,0,2,16,73.90571428571427,77.92,28.40928571428572,15.965414,12.781143,15.567932,red
F021-068,F021,test,Batch 8,6,yes,floor,no,damp,94,2025-02-08,6,1,1,0,2,94,79.53785714285716,87.53,27.275000000000002,15.314164,14.907571,15.093336,red
F021-069,F021,test,Batch 9,6,no,floor,yes,damp,176,2024-11-19,6,0,1,1,2,176,79.49928571428573,87.53,27.308571428571433,13.834405,14.899857,14.654065,red
F021-070,F021,test,Batch 10,10,no,raised,yes,damp,166,2025-01-28,10,0,0,1,2,166,86.26642857142859,90.36,24.694285714285716,10.607158,15.253286,14.088309,red
F021-071,F021,test,Batch 1,9,no,raised,no,dry,121,2024-09-15,9,0,0,0,0,121,65.01571428571428,75.06,26.98,13.53635,11.003143,11.927324,green
F021-072,F021,test,Batch 2,10,no,raised,yes,damp,172,2025-01-01,10,0,0,1,2,172,86.71142857142857,90.66,25.57785714285714,10.917713,15.342286,14.28697,red
F021-073,F021,test,Batch 3,6,yes,raised,yes,damp,162,2024-10-24,6,1,0,1,2,162,74.67928571428571,81.64,28.17071428571429,16.844517,12.935857,13.949139,red
F021-074,F021,test,Batch 4,5,no,floor,yes,damp,154,2024-09-29,5,0,1,1,2,154,69.65928571428572,78.51,28.177142857142854,15.066515,12.931857,13.523396,red
F021-075,F021,test,Batch 5,20,no,floor,no,damp,50,2025-03-10,20,0,1,0,2,50,77.49857142857142,85.86,27.85928571428571,12.078422,14.499714,12.9035,amber
F021-076,F021,test,Batch 6,5,no,floor,no,damp,20,2025-06-02,5,0,1,0,2,20,86.71142857142857,90.66,25.57785714285714,15.014481,16.342286,15.218323,red
F021-077,F021,test,Batch 7,8,no,raised,yes,unsure,119,2025-04-12,8,0,0,1,1,119,81.38214285714285,87.52,25.326428571428572,14.87815,14.276429,14.499642,red
F021-078,F021,test,Batch 8,9,no,raised,no,unsure,38,2025-02-12,9,0,0,0,1,38,74.04142857142858,78.24,28.189285714285717,10.988125,12.808286,11.482165,green
F021-079,F021,test,Batch 9,15,no,floor,no,damp,171,2024-09-13,15,0,1,0,2,171,69.66214285714285,78.51,28.240000000000002,11.55362,12.932429,12.600813,amber
F021-080,F021,test,Batch 10,9,yes,floor,yes,damp,130,2025-04-19,9,1,1,1,2,130,80.61571428571428,83.94,24.84142857142857,13.300893,15.123143,14.506374,red
F022-001,F022,train,Batch 1,10,no,raised,no,damp,3,2025-03-27,10,0,0,0,2,3,73.37142857142855,81.64,28.087857142857143,10.839063,12.674286,10.884375,green
F022-002,F022,train,Batch 2,1,no,raised,yes,damp,26,2025-04-09,1,0,0,1,2,26,79.06857142857145,85.86,27.321428571428573,14.343221,13.813714,14.240072,red
F022-003,F022,train,Batch 3,12,yes,raised,yes,dry,95,2024-12-02,12,1,0,1,0,95,69.60785714285714,78.51,28.26928571428571,11.655721,11.921571,11.801118,green
F022-004,F022,train,Batch 4,12,no,raised,no,damp,61,2025-06-25,12,0,0,0,2,61,80.9592857142857,84.22,24.856428571428577,10.967043,14.191857,12.25214,amber
F022-005,F022,train,Batch 5,9,no,raised,no,dry,1,2025-03-24,9,0,0,0,0,1,73.55357142857144,78.24,28.14071428571429,11.524677,12.710714,11.534519,green
F022-006,F022,train,Batch 6,7,no,raised,yes,damp,101,2025-01-19,7,0,0,1,2,101,77.68714285714285,85.86,27.78928571428571,12.46858,13.537429,13.076764,red
F022-007,F022,train,Batch 7,3,yes,raised,no,damp,159,2024-12-22,3,1,0,0,2,159,83.83642857142857,89.67,26.28714285714286,14.042196,14.767286,14.574555,red
F022-008,F022,train,Batch 8,6,no,raised,yes,damp,25,2024-12-16,6,0,0,1,2,25,71.40142857142855,77.39,27.400714285714287,12.808571,12.280286,12.70922,amber
F022-009,F022,train,Batch 9,6,no,floor,no,damp,89,2025-01-13,6,0,1,0,2,89,74.28428571428572,79.69,28.390000000000004,13.078056,13.856857,13.485899,red
F022-010,F022,train,Batch 10,8,no,raised,no,unsure,133,2024-08-24,8,0,0,0,1,133,75.20214285714285,81.58,27.287857142857142,11.539038,13.040429,12.544807,amber
F022-011,F022,train,Batch 1,9,no,raised,no,dry,36,2025-01-17,9,0,0,0,0,36,73.21571428571428,78.05,28.141428571428573,9.921822,12.643143,10.627139,green
F022-012,F022,train,Batch 2,6,yes,floor,yes,unsure,36,2025-04-09,6,1,1,1,1,36,79.61214285714286,87.53,27.315,13.46105,14.922429,13.839812,red
F022-013,F022,train,Batch 3,7,yes,floor,no,damp,133,2024-09-21,7,1,1,0,2,133,70.035,80.0,27.38071428571428,12.694529,13.007,12.903851,amber
F022-014,F022,train,Batch 4,7,no,raised,yes,damp,145,2025-07-12,7,0,0,1,2,145,81.07714285714287,88.91,26.435714285714283,11.348969,14.215429,13.359232,red
F022-015,F022,train,Batch 5,10,no,raised,no,dry,82,2025-01-01,10,0,0,0,0,82,73.70214285714287,78.24,28.172857142857143,9.693783,12.740429,11.202083,green
F022-016,F022,train,Batch 6,13,no,raised,no,damp,115,2025-05-02,13,0,0,0,2,115,80.9592857142857,84.22,24.856428571428577,10.496129,14.191857,12.774429,amber
F022-017,F022,train,Batch 7,2,no,raised,no,damp,30,2025-02-03,2,0,0,0,2,30,70.12214285714286,78.51,28.145714285714288,16.026472,12.024429,15.141223,red
F022-018,F022,train,Batch 8,11,yes,raised,no,damp,161,2025-02-14,11,1,0,0,2,161,82.24642857142858,85.66,24.75714285714286,11.401507,14.449286,13.652567,red
F022-019,F022,train,Batch 9,2,no,raised,no,unsure,177,2024-09-07,2,0,0,0,1,177,69.66214285714285,78.51,28.240000000000002,15.587394,11.932429,12.768607,amber
F022-020,F022,train,Batch 10,16,no,floor,yes,damp,171,2024-12-11,16,0,1,1,2,171,83.37642857142858,89.67,26.362142857142857,10.881861,15.675286,14.522427,red
F022-021,F022,train,Batch 1,12,no,floor,yes,damp,82,2025-05-25,12,0,1,1,2,82,82.63,87.52,25.035,11.666057,15.526,13.576995,red
F022-022,F022,train,Batch 2,6,no,raised,yes,damp,4,2025-04-15,6,0,0,1,2,4,74.75500000000001,79.17,28.256428571428575,13.43132,12.951,13.415574,red
F022-023,F022,train,Batch 3,7,no,floor,yes,unsure,51,2025-05-03,7,0,1,1,1,51,86.86357142857142,90.66,25.509999999999998,12.723916,16.372714,13.98724,red
F022-024,F022,train,Batch 4,5,no,floor,no,unsure,158,2024-11-19,5,0,1,0,1,158,76.11357142857142,85.7,28.143571428571427,14.355026,14.222714,14.258178,red
F022-025,F022,train,Batch 5,16,no,floor,no,damp,164,2024-09-29,16,0,1,0,2,164,72.135,77.97,28.569285714285716,11.749083,13.427,12.999206,amber
F022-026,F022,train,Batch 6,3,no,floor,no,damp,164,2024-09-29,3,0,1,0,2,164,72.135,77.97,28.569285714285716,14.0919,13.427,13.59652,red
F022-027,F022,train,Batch 7,1,no,raised,no,damp,80,2025-01-24,1,0,0,0,2,80,73.76428571428572,77.92,28.446428571428577,12.902237,12.752857,12.829551,amber
F022-028,F022,train,Batch 8,10,no,floor,yes,damp,114,2025-03-23,10,0,1,1,2,114,85.73071428571428,90.36,24.577857142857145,8.82854,16.146143,13.316125,red
F022-029,F022,train,Batch 9,12,no,raised,no,damp,129,2025-03-14,12,0,0,0,2,129,83.61785714285715,90.36,24.720714285714283,10.901692,14.723571,13.419173,red
F022-030,F022,train,Batch 10,4,no,floor,no,damp,136,2024-08-18,4,0,1,0,2,136,76.62857142857142,81.58,26.99285714285714,14.012629,14.325714,14.224914,red
F022-031,F022,train,Batch 1,8,yes,raised,yes,damp,56,2025-04-14,8,1,0,1,2,56,83.63857142857141,88.69,26.22785714285714,12.235713,14.727714,13.165008,red
F022-032,F022,train,Batch 2,3,no,raised,no,dry,4,2025-03-08,3,0,0,0,0,4,72.135,77.97,28.569285714285716,14.711547,12.427,14.636651,red
F022-033,F022,train,Batch 3,15,no,raised,no,dry,100,2024-09-29,15,0,0,0,0,100,73.03285714285713,81.58,27.448571428571427,10.672278,12.606571,11.765931,green
F022-034,F022,train,Batch 4,9,no,raised,yes,damp,101,2025-03-09,9,0,0,1,2,101,85.98428571428573,90.66,25.713571428571424,11.912137,15.196857,13.78117,red
F022-035,F022,train,Batch 5,11,no,raised,yes,unsure,77,2025-05-06,11,0,0,1,1,77,83.33714285714287,90.36,24.73,11.067603,14.667429,12.772429,amber
F022-036,F022,train,Batch 6,7,no,raised,yes,damp,42,2024-12-24,7,0,0,1,2,42,71.35857142857142,80.0,27.529999999999998,12.246072,12.271714,12.253645,amber
F022-037,F022,train,Batch 7,15,yes,raised,no,damp,100,2025-02-08,15,1,0,0,2,100,80.79214285714284,87.53,27.043571428571425,12.968061,14.158429,13.641097,red
F022-038,F022,train,Batch 8,7,no,raised,no,unsure,97,2024-11-23,7,0,0,0,1,97,69.475,78.51,28.14642857142857,12.543892,11.895,12.184146,amber
F022-039,F022,train,Batch 9,7,no,raised,no,damp,32,2025-06-21,7,0,0,0,2,32,82.88642857142858,85.73,24.794999999999998,11.296142,14.577286,12.064165,amber
F022-040,F022,train,Batch 10,10,no,floor,no,damp,151,2024-11-29,10,0,1,0,2,151,77.49857142857142,85.86,27.85928571428571,9.110147,14.499714,12.968392,amber
F022-041,F022,train,Batch 1,11,no,raised,no,damp,23,2025-04-20,11,0,0,0,2,23,79.53785714285716,87.53,27.275000000000002,10.779289,13.907571,11.324917,green
F022-042,F022,train,Batch 2,9,no,raised,no,damp,42,2025-01-16,9,0,0,0,2,42,70.21714285714285,78.51,28.01071428571428,11.65465,12.043429,11.769461,green
F022-043,F022,train,Batch 3,10,no,raised,yes,unsure,103,2025-02-20,10,0,0,1,1,103,83.73142857142857,89.67,26.414285714285715,12.387312,14.746286,13.746393,red
F022-044,F022,train,Batch 4,13,no,floor,yes,damp,104,2025-03-18,13,0,1,1,2,104,87.03571428571426,90.66,25.40071428571429,11.135139,16.407143,14.191054,red
F022-045,F022,train,Batch 5,11,no,raised,no,damp,162,2025-07-19,11,0,0,0,2,162,76.70642857142857,81.94,26.624285714285715,9.844254,13.341286,12.434714,amber
F022-046,F022,train,Batch 6,11,no,floor,no,damp,68,2024-12-16,11,0,1,0,2,68,73.21571428571428,78.05,28.141428571428573,11.683503,13.643143,12.531217,amber
F022-047,F022,train,Batch 7,21,no,raised,yes,unsure,116,2025-01-08,21,0,0,1,1,116,78.09857142857143,85.86,27.517857142857142,10.646894,13.619714,12.489006,amber
F022-048,F022,train,Batch 8,8,no,raised,yes,unsure,86,2025-05-14,8,0,0,1,1,86,81.1557142857143,87.52,25.33142857142857,12.066372,14.231143,13.173918,red
F022-049,F022,train,Batch 9,10,no,raised,no,damp,82,2025-04-06,10,0,0,0,2,82,87.11214285714286,90.66,25.310714285714287,10.763963,15.422429,13.070225,red
F022-050,F022,train,Batch 10,2,no,floor,yes,damp,11,2025-04-04,2,0,1,1,2,11,73.90571428571427,77.92,28.40928571428572,15.314687,13.781143,15.180362,red
F022-051,F022,train,Batch 1,8,no,raised,no,damp,166,2024-10-16,8,0,0,0,2,166,73.74642857142858,81.64,28.010714285714283,10.940268,12.749286,12.29569,amber
F022-052,F022,train,Batch 2,12,yes,raised,no,damp,136,2025-01-15,12,1,0,0,2,136,83.37642857142858,89.67,26.362142857142857,12.264228,14.675286,13.899026,red
F022-053,F022,train,Batch 3,14,yes,floor,no,damp,136,2024-09-17,14,1,1,0,2,136,68.05357142857142,80.0,27.29357142857143,12.170626,12.610714,12.469024,amber
F022-054,F022,train,Batch 4,16,no,raised,no,dry,13,2025-02-22,16,0,0,0,0,13,69.60785714285714,78.51,28.26928571428571,11.914679,11.921571,11.915387,green
F022-055,F022,train,Batch 5,11,no,raised,no,unsure,156,2024-08-08,11,0,0,0,1,156,69.75357142857142,77.39,27.245714285714286,10.954062,11.950714,11.679095,green
F022-056,F022,train,Batch 6,10,no,raised,no,damp,62,2025-03-29,10,0,0,0,2,62,83.83642857142857,89.67,26.28714285714286,11.074677,14.767286,12.564624,amber
F022-057,F022,train,Batch 7,8,no,raised,no,damp,28,2025-06-22,8,0,0,0,2,28,83.89500000000001,90.36,24.712142857142855,11.923314,14.779,12.517612,amber
F022-058,F022,train,Batch 8,14,no,raised,no,dry,128,2024-11-03,14,0,0,0,0,128,70.31785714285715,77.97,28.57928571428572,10.987343,12.063571,11.693183,green
F022-059,F022,train,Batch 9,18,no,raised,no,unsure,71,2025-02-17,18,0,0,0,1,71,77.49857142857142,85.86,27.85928571428571,10.303841,13.499714,11.731105,green
F022-060,F022,train,Batch 10,10,no,raised,no,damp,23,2025-07-10,10,0,0,0,2,23,81.0392857142857,85.66,25.20285714285714,11.384508,14.207857,11.876951,green
F022-061,F022,train,Batch 1,4,no,floor,yes,damp,20,2025-03-10,4,0,1,1,2,20,73.37142857142855,81.64,28.087857142857143,14.268748,13.674286,14.177487,red
F022-062,F022,train,Batch 2,4,no,raised,yes,unsure,121,2025-02-11,4,0,0,1,1,121,84.30071428571429,88.69,26.17071428571428,13.33241,14.860143,14.302786,red
F022-063,F022,train,Batch 3,12,yes,raised,no,dry,121,2025-02-27,12,1,0,0,0,121,87.01642857142856,90.66,25.314285714285717,12.031073,15.403286,14.173013,red
F022-064,F022,train,Batch 4,13,no,floor,no,damp,0,2025-06-01,13,0,1,0,2,0,83.39714285714287,89.67,26.442857142857147,9.928549,15.679429,9.928549,green
F022-065,F022,train,Batch 5,3,yes,floor,yes,damp,46,2025-11-06,3,1,1,1,2,46,79.21000000000001,84.53,26.11428571428571,14.421092,14.842,14.555115,red
F022-066,F022,train,Batch 6,7,no,floor,no,unsure,20,2024-12-31,7,0,1,0,1,20,60.44642857142857,71.7,26.49785714285714,11.388695,11.089286,11.34273,green
F022-067,F022,train,Batch 7,9,yes,raised,yes,damp,150,2024-10-08,9,1,0,1,2,150,69.60785714285714,78.51,28.26928571428571,12.6297,11.921571,12.124454,amber
F022-068,F022,train,Batch 8,12,no,raised,no,dry,26,2025-01-05,12,0,0,0,0,26,68.05357142857142,80.0,27.29357142857143,9.791812,11.610714,10.146137,green
F022-069,F022,train,Batch 9,12,no,floor,no,unsure,31,2025-11-23,12,0,1,0,1,31,78.56142857142858,84.53,26.22714285714286,9.564222,14.712286,10.736242,green
F022-070,F022,train,Batch 10,6,no,floor,yes,damp,175,2024-10-22,6,0,1,1,2,175,73.90571428571427,77.92,28.40928571428572,14.17696,13.781143,13.873219,red
F022-071,F022,train,Batch 1,14,yes,raised,no,damp,127,2024-12-05,14,1,0,0,2,127,74.09642857142858,79.69,28.462857142857143,11.480813,12.819286,12.354791,amber
F022-072,F022,train,Batch 2,14,yes,floor,yes,unsure,136,2024-10-22,14,1,1,1,1,136,69.60785714285714,78.51,28.26928571428571,13.759762,12.921571,13.191434,red
F022-073,F022,train,Batch 3,5,no,raised,no,dry,74,2024-11-17,5,0,0,0,0,74,66.90071428571429,80.0,27.23142857142857,12.24833,11.380143,11.848739,green
F022-074,F022,train,Batch 4,7,no,floor,yes,unsure,105,2025-04-23,7,0,1,1,1,105,80.42999999999999,85.31,25.357142857142858,11.993856,15.086,13.797003,red
F022-075,F022,train,Batch 5,11,no,floor,no,dry,95,2024-12-06,11,0,1,0,0,95,70.31785714285715,77.97,28.57928571428572,11.117444,13.063571,12.181803,amber
F022-076,F022,train,Batch 6,16,no,raised,no,unsure,159,2024-10-20,16,0,0,0,1,159,73.63142857142857,81.64,28.07000000000001,10.891389,12.726286,12.238565,amber
F022-077,F022,train,Batch 7,2,no,raised,yes,unsure,87,2025-09-10,2,0,0,1,1,87,81.18071428571429,88.91,26.410714285714285,15.984072,14.236143,15.082708,red
F022-078,F022,train,Batch 8,4,yes,raised,yes,damp,43,2025-02-15,4,1,0,1,2,43,73.37142857142855,81.64,28.087857142857143,13.597564,12.674286,13.31951,red
F022-079,F022,train,Batch 9,4,yes,raised,no,damp,87,2025-09-20,4,1,0,0,2,87,82.75928571428572,88.91,25.957857142857144,14.955757,14.551857,14.747476,red
F022-080,F022,train,Batch 10,11,yes,raised,yes,damp,63,2025-04-11,11,1,0,1,2,63,84.74428571428571,88.69,26.12928571428571,12.222056,14.948857,13.335803,red
F023-001,F023,train,Batch 1,10,yes,floor,no,damp,33,2025-07-25,10,1,1,0,2,33,80.61571428571428,83.94,24.84142857142857,13.059448,15.123143,13.555618,red
F023-002,F023,train,Batch 2,12,no,floor,yes,damp,119,2024-10-21,12,0,1,1,2,119,69.72714285714285,77.15,28.16571428571429,11.30289,12.945429,12.336116,amber
F023-003,F023,train,Batch 3,15,no,raised,no,damp,6,2025-05-10,15,0,0,0,2,6,80.00642857142854,87.53,27.298571428571428,12.622534,14.001286,12.689776,amber
F023-004,F023,train,Batch 4,19,no,floor,yes,damp,108,2024-10-22,19,0,1,1,2,108,69.6592857142857,78.23,27.688571428571425,11.20077,12.931857,12.22805,amber
F023-005,F023,train,Batch 5,9,yes,floor,no,damp,19,2025-04-11,9,1,1,0,2,19,77.68714285714285,85.86,27.78928571428571,13.281658,14.537429,13.465547,red
F023-006,F023,train,Batch 6,5,no,raised,yes,unsure,112,2024-09-13,5,0,0,1,1,112,75.87571428571428,81.58,27.164285714285718,14.033365,13.175143,13.512631,red
F023-007,F023,train,Batch 7,7,no,raised,no,damp,62,2025-04-18,7,0,0,0,2,62,86.32285714285715,90.66,25.67285714285714,12.386109,15.264571,13.547552,red
F023-008,F023,train,Batch 8,14,no,raised,no,damp,126,2025-02-11,14,0,0,0,2,126,85.82714285714287,88.69,25.703571428571426,11.743532,15.165429,13.967978,red
F023-009,F023,train,Batch 9,5,no,raised,yes,unsure,122,2024-09-17,5,0,0,1,1,122,63.43285714285713,71.7,26.69785714285715,12.785871,10.686571,11.446096,green
F023-010,F023,train,Batch 10,12,no,raised,no,dry,170,2024-09-01,12,0,0,0,0,170,70.67642857142856,77.15,28.27285714285714,11.229997,12.135286,11.915734,green
F023-011,F023,train,Batch 1,14,no,raised,yes,damp,111,2025-01-03,14,0,0,1,2,111,75.46785714285714,82.23,28.179285714285708,10.603919,13.093571,12.106346,amber
F023-012,F023,train,Batch 2,4,no,floor,yes,dry,115,2025-04-06,4,0,1,1,0,115,81.2042857142857,85.66,25.041428571428575,14.328165,15.240857,14.890811,red
F023-013,F023,train,Batch 3,16,no,raised,yes,damp,29,2025-05-23,16,0,0,1,2,29,86.61928571428571,90.66,25.617142857142852,11.590538,15.323857,12.392015,amber
F023-014,F023,train,Batch 4,14,no,raised,yes,dry,16,2025-03-22,14,0,0,1,0,16,75.32785714285714,81.64,28.215714285714284,11.894,13.065571,12.040243,amber
F023-015,F023,train,Batch 5,10,no,raised,no,dry,18,2025-04-18,10,0,0,0,0,18,79.15428571428572,85.86,27.290714285714284,11.016278,13.830857,11.408326,green
F023-016,F023,train,Batch 6,16,yes,floor,no,damp,79,2025-05-08,16,1,1,0,2,79,81.87142857142858,85.66,24.78214285714285,10.77145,15.374286,12.991335,amber
F023-017,F023,train,Batch 7,4,yes,floor,no,damp,87,2025-09-25,4,1,1,0,2,87,79.63214285714287,85.68,26.06357142857143,15.110183,14.926429,15.015425,red
F023-018,F023,train,Batch 8,13,no,raised,no,unsure,44,2025-07-03,13,0,0,0,1,44,82.93428571428572,87.52,24.935000000000002,10.687623,14.586857,11.884529,green
F023-019,F023,train,Batch 9,13,no,raised,yes,damp,150,2025-01-12,13,0,0,1,2,150,84.24571428571429,88.69,26.153571428571418,10.656958,14.849143,13.648062,red
F023-020,F023,train,Batch 10,2,no,raised,yes,dry,170,2024-08-22,2,0,0,1,0,170,69.68,78.23,27.772142857142853,16.514094,11.936,13.046284,red
F023-021,F023,train,Batch 1,6,yes,raised,yes,damp,143,2025-07-16,6,1,0,1,2,143,81.18071428571429,88.91,26.410714285714285,14.053702,14.236143,14.180733,red
F023-022,F023,train,Batch 2,0,no,raised,no,unsure,40,2025-01-28,0,0,0,0,1,40,69.14500000000001,77.34,28.454285714285714,15.008153,11.829,14.106963,red
F023-023,F023,train,Batch 3,19,no,raised,no,dry,19,2025-07-27,19,0,0,0,0,19,82.63,87.52,25.035,9.518587,14.526,10.251847,green
F023-024,F023,train,Batch 4,7,no,raised,no,dry,17,2025-07-29,7,0,0,0,0,17,82.63,87.52,25.035,13.152348,14.526,13.333793,red
F023-025,F023,train,Batch 5,14,yes,raised,yes,unsure,127,2025-03-07,14,1,0,1,1,127,86.38214285714287,90.36,24.812857142857144,12.257292,15.276429,14.228686,red
F023-026,F023,train,Batch 6,14,yes,raised,yes,damp,37,2025-06-18,14,1,0,1,2,37,82.24642857142858,85.66,24.75714285714286,14.457003,14.449286,14.454955,red
F023-027,F023,train,Batch 7,5,no,floor,no,damp,165,2025-02-15,5,0,1,0,2,165,81.2042857142857,85.66,25.041428571428575,13.984923,15.240857,14.923307,red
F023-028,F023,train,Batch 8,12,yes,raised,yes,damp,133,2024-09-20,12,1,0,1,2,133,68.05357142857142,80.0,27.29357142857143,13.130865,11.610714,12.112529,amber
F023-029,F023,train,Batch 9,5,no,raised,no,damp,143,2025-02-13,5,0,0,0,2,143,86.22642857142857,90.2,25.14428571428572,12.926712,15.245286,14.541101,red
F023-030,F023,train,Batch 10,12,no,raised,yes,damp,58,2025-05-29,12,0,0,1,2,58,81.87142857142858,85.66,24.78214285714285,10.933976,14.374286,12.252564,amber
F023-031,F023,train,Batch 1,14,yes,floor,yes,damp,87,2025-01-01,14,1,1,1,2,87,73.40714285714284,81.64,28.105000000000008,11.592163,13.681429,12.669546,amber
F023-032,F023,train,Batch 2,8,no,raised,yes,damp,163,2025-07-17,8,0,0,1,2,163,77.29785714285713,84.53,26.512142857142855,12.301559,13.459571,13.161859,red
F023-033,F023,train,Batch 3,18,yes,floor,yes,damp,83,2025-05-12,18,1,1,1,2,83,80.76571428571428,85.66,25.272142857142853,11.66348,15.153143,13.405726,red
F023-034,F023,train,Batch 4,19,yes,raised,yes,unsure,46,2024-11-21,19,1,0,1,1,46,73.575,81.58,27.358571428571427,13.330845,12.715,13.134751,red
F023-035,F023,train,Batch 5,8,yes,floor,yes,damp,109,2025-01-07,8,1,1,1,2,109,76.11357142857142,85.7,28.143571428571427,14.31121,14.222714,14.258395,red
F023-036,F023,train,Batch 6,8,no,raised,yes,damp,162,2025-07-10,8,0,0,1,2,162,80.28499999999998,85.68,26.07571428571429,12.067666,14.057,13.541285,red
F023-037,F023,train,Batch 7,18,no,floor,yes,damp,151,2025-02-19,18,0,1,1,2,151,83.89500000000001,90.36,24.712142857142855,10.402274,15.779,14.251326,red
F023-038,F023,train,Batch 8,17,no,raised,no,dry,13,2025-02-01,17,0,0,0,0,13,70.8442857142857,78.23,27.91,11.532665,12.168857,11.597984,green
F023-039,F023,train,Batch 9,14,no,floor,no,damp,50,2025-02-21,14,0,1,0,2,50,74.28428571428572,79.69,28.390000000000004,12.197076,13.856857,12.762662,amber
F023-040,F023,train,Batch 10,8,no,raised,yes,damp,127,2025-07-29,8,0,0,1,2,127,80.43714285714286,88.55,26.535714285714285,12.292168,14.087429,13.464413,red
F023-041,F023,train,Batch 1,5,no,floor,no,damp,32,2025-05-20,5,0,1,0,2,32,86.61928571428571,90.66,25.617142857142852,13.63983,16.323857,14.268085,red
F023-042,F023,train,Batch 2,0,yes,raised,yes,damp,101,2025-04-09,0,1,0,1,2,101,84.09,90.36,24.682857142857138,17.650405,14.818,16.038743,red
F023-043,F023,train,Batch 3,14,yes,floor,no,unsure,33,2025-01-11,14,1,1,0,1,33,70.70714285714284,78.23,27.902857142857147,14.165041,13.141429,13.918936,red
F023-044,F023,train,Batch 4,12,yes,raised,no,dry,122,2024-11-20,12,1,0,0,0,122,74.04142857142858,78.24,28.189285714285717,12.797272,12.808286,12.804301,amber
F023-045,F023,train,Batch 5,3,yes,floor,yes,damp,121,2024-10-12,3,1,1,1,2,121,70.24214285714285,78.23,27.80785714285714,14.483202,13.048429,13.571872,red
F023-046,F023,train,Batch 6,13,no,raised,no,damp,50,2025-04-06,13,0,0,0,2,50,83.72357142857142,89.67,26.41928571428571,11.225522,14.744714,12.42472,amber
F023-047,F023,train,Batch 7,7,no,floor,yes,damp,6,2025-02-18,7,0,1,1,2,6,72.81714285714285,78.51,28.025000000000002,13.97332,13.563429,13.953329,red
F023-048,F023,train,Batch 8,8,no,floor,yes,dry,130,2024-12-10,8,0,1,1,0,130,74.75500000000001,79.17,28.256428571428575,13.252696,13.951,13.714648,red
F023-049,F023,train,Batch 9,0,yes,floor,yes,damp,33,2025-01-06,0,1,1,1,2,33,69.68,78.23,27.772142857142853,17.518744,12.936,16.416924,red
F023-050,F023,train,Batch 10,14,no,raised,no,damp,13,2025-06-05,14,0,0,0,2,13,85.98428571428573,90.66,25.713571428571424,9.572444,15.196857,10.149911,green
F023-051,F023,train,Batch 1,6,no,raised,no,dry,133,2024-08-22,6,0,0,0,0,133,75.70357142857144,81.58,27.132857142857144,13.476079,13.140714,13.251421,red
F023-052,F023,train,Batch 2,4,yes,raised,yes,damp,8,2025-11-30,4,1,0,1,2,8,81.80071428571429,88.91,26.36357142857143,16.104626,14.360143,15.992119,red
F023-053,F023,train,Batch 3,20,no,floor,yes,damp,70,2025-05-22,20,0,1,1,2,70,81.15499999999999,85.66,25.083571428571425,11.768544,15.231,13.298828,red
F023-054,F023,train,Batch 4,9,no,floor,yes,damp,67,2024-12-28,9,0,1,1,2,67,70.12214285714286,78.51,28.145714285714288,11.653491,13.024429,12.24003,amber
F023-055,F023,train,Batch 5,4,no,raised,yes,unsure,167,2024-10-14,4,0,0,1,1,167,73.37142857142855,81.64,28.087857142857143,14.609978,12.674286,13.155616,red
F023-056,F023,train,Batch 6,10,no,floor,no,unsure,14,2025-06-11,10,0,1,0,1,14,86.83357142857143,90.66,25.43857142857143,11.009106,16.366714,11.599077,green
F023-057,F023,train,Batch 7,22,no,raised,no,unsure,63,2025-04-05,22,0,0,0,1,63,83.22428571428573,88.69,26.26285714285714,11.1809,14.644857,12.595735,amber
F023-058,F023,train,Batch 8,6,no,floor,yes,unsure,38,2025-05-13,6,0,1,1,1,38,86.56071428571428,90.66,25.628571428571426,12.700551,16.312143,13.680832,red
F023-059,F023,train,Batch 9,10,yes,floor,yes,damp,44,2025-03-29,10,1,1,1,2,44,79.13642857142858,84.02,27.32214285714286,11.668394,14.827286,12.638045,amber
F023-060,F023,train,Batch 10,4,no,raised,no,unsure,50,2025-03-07,4,0,0,0,1,50,76.11357142857142,85.7,28.143571428571427,12.643018,13.222714,12.840555,amber
F023-061,F023,train,Batch 1,6,yes,raised,yes,damp,64,2025-04-12,6,1,0,1,2,64,85.49428571428571,88.69,25.845714285714283,15.460351,15.098857,15.310926,red
F023-062,F023,train,Batch 2,11,yes,raised,yes,damp,15,2025-03-04,11,1,0,1,2,15,74.49142857142859,78.24,28.226428571428578,12.067779,12.898286,12.165366,amber
F023-063,F023,train,Batch 3,16,yes,raised,yes,unsure,88,2025-09-06,16,1,0,1,1,88,80.43714285714286,88.55,26.535714285714285,12.878053,14.087429,13.506559,red
F023-064,F023,train,Batch 4,3,no,floor,yes,damp,37,2025-07-19,3,0,1,1,2,37,80.9592857142857,84.22,24.856428571428577,15.010457,15.191857,15.058588,red
F023-065,F023,train,Batch 5,15,no,raised,no,damp,70,2025-05-12,15,0,0,0,2,70,83.61785714285715,90.36,24.720714285714283,11.083123,14.723571,12.692073,amber
F023-066,F023,train,Batch 6,16,no,raised,no,unsure,163,2025-01-19,16,0,0,0,1,163,86.74642857142855,90.66,25.40357142857143,10.210431,15.349286,14.028143,red
F023-067,F023,train,Batch 7,9,no,raised,no,damp,88,2025-03-27,9,0,0,0,2,88,86.86357142857142,90.66,25.509999999999998,12.45564,15.372714,13.971628,red
F023-068,F023,train,Batch 8,7,no,raised,no,unsure,31,2025-05-14,7,0,0,0,1,31,85.29999999999998,88.69,26.00357142857143,11.988148,15.06,12.687492,amber
F023-069,F023,train,Batch 9,13,no,raised,no,dry,113,2024-10-15,13,0,0,0,0,113,70.09071428571428,80.0,27.528571428571432,11.380903,12.018143,11.769634,green
F023-070,F023,train,Batch 10,21,no,raised,no,damp,15,2024-12-29,21,0,0,0,2,15,66.08428571428571,75.51,26.992142857142856,10.728695,11.216857,10.786055,green
F023-071,F023,train,Batch 1,17,yes,raised,yes,unsure,110,2025-02-08,17,1,0,1,1,110,83.82428571428571,89.67,26.346428571428568,12.322127,14.764857,13.788132,red
F023-072,F023,train,Batch 2,11,no,raised,yes,damp,69,2025-04-12,11,0,0,1,2,69,86.56071428571428,90.66,25.628571428571426,12.084315,15.312143,13.495829,red
F023-073,F023,train,Batch 3,17,no,floor,yes,dry,120,2025-02-14,17,0,1,1,0,120,85.29999999999998,88.69,26.00357142857143,10.494739,16.06,14.012655,red
F023-074,F023,train,Batch 4,18,no,floor,no,damp,80,2024-12-09,18,0,1,0,2,80,70.21714285714285,78.51,28.01071428571428,11.642287,13.043429,12.324058,amber
F023-075,F023,train,Batch 5,15,no,floor,yes,damp,57,2025-06-21,15,0,1,1,2,57,83.31285714285715,87.52,24.79928571428572,11.404166,15.662571,13.014333,red
F023-076,F023,train,Batch 6,19,no,raised,no,dry,79,2025-01-22,19,0,0,0,0,79,74.09642857142858,79.69,28.462857142857143,10.879857,12.819286,11.815217,green
F023-077,F023,train,Batch 7,5,no,raised,no,damp,86,2025-05-13,5,0,0,0,2,86,80.57857142857144,85.31,25.376428571428573,13.310789,14.115714,13.722607,red
F023-078,F023,train,Batch 8,14,no,raised,no,dry,102,2024-11-18,14,0,0,0,0,102,69.475,78.51,28.14642857142857,10.990187,11.895,11.50827,green
F023-079,F023,train,Batch 9,16,no,raised,no,dry,58,2024-11-16,16,0,0,0,0,58,66.08428571428571,75.51,26.992142857142856,10.748393,11.216857,10.927944,green
F023-080,F023,train,Batch 10,9,no,raised,no,dry,119,2024-11-05,9,0,0,0,0,119,70.14928571428571,78.51,28.16142857142857,10.533335,12.029857,11.47471,green
F024-001,F024,train,Batch 1,7,no,floor,no,damp,41,2024-12-15,7,0,1,0,2,41,62.06642857142857,80.0,26.784999999999997,13.324802,11.413286,12.77158,amber
F024-002,F024,train,Batch 2,12,no,raised,no,damp,99,2025-05-08,12,0,0,0,2,99,82.63,87.52,25.035,11.498103,14.526,13.19907,red
F024-003,F024,train,Batch 3,7,no,floor,yes,damp,101,2025-05-02,7,0,1,1,2,101,81.88428571428572,87.52,25.292857142857137,13.318969,15.376857,14.489925,red
F024-004,F024,train,Batch 4,5,no,raised,no,damp,50,2025-02-10,5,0,0,0,2,50,73.75142857142859,81.64,28.114285714285717,15.150778,12.750286,14.332788,red
F024-005,F024,train,Batch 5,14,no,floor,yes,damp,111,2025-03-14,14,0,1,1,2,111,86.1857142857143,89.75,25.416428571428572,11.297266,16.237143,14.278327,red
F024-006,F024,train,Batch 6,10,no,raised,no,dry,105,2024-12-27,10,0,0,0,0,105,74.09642857142858,79.69,28.462857142857143,10.67355,12.819286,11.92481,green
F024-007,F024,train,Batch 7,7,no,raised,no,dry,129,2024-09-14,7,0,0,0,0,129,60.18857142857142,71.7,26.484999999999996,12.525727,10.037714,10.886867,green
F024-008,F024,train,Batch 8,15,no,raised,no,dry,53,2025-05-16,15,0,0,0,0,53,86.55785714285715,90.2,25.02071428571429,10.524309,15.311571,12.233534,amber
F024-009,F024,train,Batch 9,13,no,raised,no,dry,85,2025-02-08,13,0,0,0,0,85,78.09857142857143,85.86,27.517857142857142,10.274764,13.619714,11.972445,green
F024-010,F024,train,Batch 10,4,yes,floor,no,damp,17,2025-04-23,4,1,1,0,2,17,79.43285714285715,85.86,27.235714285714288,15.931137,14.886571,15.793161,red
F024-011,F024,train,Batch 1,10,yes,floor,no,dry,153,2024-10-07,10,1,1,0,0,153,69.14500000000001,77.34,28.454285714285714,11.881969,12.829,12.56437,amber
F024-012,F024,train,Batch 2,7,yes,floor,yes,unsure,40,2025-01-09,7,1,1,1,1,40,70.67642857142856,77.15,28.27285714285714,13.773074,13.135286,13.592281,red
F024-013,F024,train,Batch 3,0,yes,raised,yes,unsure,130,2025-02-11,0,1,0,1,1,130,86.61928571428571,90.66,25.617142857142852,17.802058,15.323857,16.162642,red
F024-014,F024,train,Batch 4,8,yes,raised,yes,damp,57,2025-05-30,8,1,0,1,2,57,81.87142857142858,85.66,24.78214285714285,13.212286,14.374286,13.651656,red
F024-015,F024,train,Batch 5,15,no,raised,no,damp,150,2025-03-12,15,0,0,0,2,150,81.38214285714285,87.52,25.326428571428572,10.418146,14.276429,13.171012,red
F024-016,F024,train,Batch 6,20,no,raised,no,damp,155,2025-01-02,20,0,0,0,2,155,83.2942857142857,89.67,26.285,9.718815,14.658857,13.301272,red
F024-017,F024,train,Batch 7,15,no,floor,no,damp,44,2025-06-07,15,0,1,0,2,44,83.61785714285715,90.36,24.720714285714283,11.176357,15.723571,12.572167,amber
F024-018,F024,train,Batch 8,13,no,floor,yes,damp,154,2025-01-17,13,0,1,1,2,154,86.56071428571428,90.66,25.628571428571426,11.558083,16.312143,14.994736,red
F024-019,F024,train,Batch 9,18,no,floor,yes,damp,55,2025-06-22,18,0,1,1,2,55,82.93428571428572,87.52,24.935000000000002,11.78187,15.586857,13.180825,red
F024-020,F024,train,Batch 10,11,no,raised,no,unsure,174,2024-11-09,11,0,0,0,1,174,77.74571428571429,85.86,27.639285714285712,11.169125,13.549143,12.990861,amber
F024-021,F024,train,Batch 1,11,no,raised,no,dry,79,2025-02-07,11,0,0,0,0,79,76.81714285714284,85.86,28.01357142857143,9.929233,13.363429,11.585499,green
F024-022,F024,train,Batch 2,9,no,floor,yes,dry,157,2025-07-23,9,0,1,1,0,157,77.29785714285713,84.53,26.512142857142855,10.867401,14.459571,13.488715,red
F024-023,F024,train,Batch 3,13,no,floor,no,damp,155,2024-12-25,13,0,1,0,2,155,83.82428571428571,89.67,26.346428571428568,11.470194,15.764857,14.584631,red
F024-024,F024,train,Batch 4,5,yes,raised,no,damp,57,2025-04-03,5,1,0,0,2,57,83.83642857142857,89.67,26.28714285714286,14.813392,14.767286,14.795958,red
F024-025,F024,train,Batch 5,10,no,raised,no,dry,99,2024-10-17,10,0,0,0,0,99,60.544285714285714,80.0,26.613571428571426,10.926626,10.108857,10.467232,green
F024-026,F024,train,Batch 6,11,no,raised,no,damp,42,2025-07-07,11,0,0,0,2,42,83.05071428571429,87.52,24.74428571428572,11.783612,14.610143,12.61832,amber
F024-027,F024,train,Batch 7,7,no,raised,yes,damp,105,2025-09-02,7,0,0,1,2,105,82.75928571428572,88.91,25.957857142857144,12.270554,14.551857,13.600869,red
F024-028,F024,train,Batch 8,5,no,raised,yes,damp,101,2024-11-23,5,0,0,1,2,101,70.14928571428571,78.51,28.16142857142857,13.379587,12.029857,12.611579,amber
F024-029,F024,train,Batch 9,16,no,floor,yes,damp,168,2024-12-01,16,0,1,1,2,168,80.8785714285714,87.53,27.093571428571426,11.889467,15.175714,14.365336,red
F024-030,F024,train,Batch 10,10,no,raised,yes,damp,140,2024-12-25,10,0,0,1,2,140,79.49928571428573,87.53,27.308571428571433,11.69147,13.899857,13.212158,red
F024-031,F024,train,Batch 1,11,no,raised,no,unsure,57,2025-01-03,11,0,0,0,1,57,69.66428571428571,78.51,28.151428571428568,11.45158,11.932857,11.633558,green
F024-032,F024,train,Batch 2,8,no,floor,no,damp,156,2025-01-18,8,0,1,0,2,156,86.86357142857142,90.66,25.509999999999998,11.591164,16.372714,15.06959,red
F024-033,F024,train,Batch 3,10,no,raised,yes,dry,15,2025-07-06,10,0,0,1,0,15,83.61785714285715,90.36,24.720714285714283,10.509927,14.723571,11.005043,green
F024-034,F024,train,Batch 4,11,no,floor,yes,damp,50,2025-01-29,11,0,1,1,2,50,74.57857142857142,78.24,28.18071428571429,11.619309,13.915714,12.401831,amber
F024-035,F024,train,Batch 5,7,yes,floor,yes,damp,169,2025-02-13,7,1,1,1,2,169,81.2192857142857,85.66,25.12285714285714,12.919137,15.243857,14.675346,red
F024-036,F024,train,Batch 6,9,yes,floor,yes,damp,175,2025-01-25,9,1,1,1,2,175,84.09,90.36,24.682857142857138,12.061134,15.818,14.944064,red
F024-037,F024,train,Batch 7,11,no,raised,no,dry,36,2024-12-10,11,0,0,0,0,36,64.50571428571428,75.06,26.87357142857143,11.557196,10.901143,11.387159,green
F024-038,F024,train,Batch 8,6,yes,raised,no,damp,176,2024-08-16,6,1,0,0,2,176,69.68,78.23,27.772142857142853,15.250557,11.936,12.700646,amber
F024-039,F024,train,Batch 9,9,no,raised,no,unsure,99,2024-11-27,9,0,0,0,1,99,70.05642857142858,78.51,28.15857142857143,10.200316,12.011286,11.217655,green
F024-040,F024,train,Batch 10,13,no,raised,yes,damp,97,2025-03-18,13,0,0,1,2,97,86.86357142857142,90.66,25.509999999999998,10.991344,15.372714,13.420375,red
F024-041,F024,train,Batch 1,15,no,raised,yes,damp,80,2025-04-18,15,0,0,1,2,80,86.22142857142856,90.2,25.115000000000006,11.070513,15.244286,13.101399,red
F024-042,F024,train,Batch 2,22,no,raised,no,dry,157,2024-09-22,22,0,0,0,0,157,70.72571428571429,78.51,27.957142857142856,11.387377,12.145143,11.940341,green
F024-043,F024,train,Batch 3,11,no,raised,no,damp,123,2025-08-04,11,0,0,0,2,123,81.12357142857142,88.91,26.405714285714286,11.008671,14.224714,13.07081,red
F024-044,F024,train,Batch 4,10,no,raised,no,unsure,134,2025-03-08,10,0,0,0,1,134,83.89500000000001,90.36,24.712142857142855,9.472815,14.779,13.041918,red
F024-045,F024,train,Batch 5,18,yes,floor,yes,damp,136,2024-12-06,18,1,1,1,2,136,74.545,79.17,28.274285714285718,11.099258,13.909,13.00438,red
F024-046,F024,train,Batch 6,3,yes,raised,yes,damp,20,2025-01-07,3,1,0,1,2,20,65.07714285714287,80.0,27.072142857142858,16.621002,11.015429,15.760444,red
F024-047,F024,train,Batch 7,14,no,raised,no,dry,78,2024-11-18,14,0,0,0,0,78,71.35857142857142,80.0,27.529999999999998,10.237695,12.271714,11.209863,green
F024-048,F024,train,Batch 8,12,no,raised,yes,damp,122,2025-08-16,12,0,0,1,2,122,82.75928571428572,88.91,25.957857142857144,11.430231,14.551857,13.422456,red
F024-049,F024,train,Batch 9,2,no,raised,no,damp,142,2024-10-09,2,0,0,0,2,142,69.475,78.51,28.14642857142857,14.642836,11.895,12.736542,amber
F024-050,F024,train,Batch 10,7,no,floor,no,damp,60,2025-10-03,7,0,1,0,2,60,79.80071428571429,82.18,26.620714285714286,12.06753,14.960143,13.205685,red
F024-051,F024,train,Batch 1,12,no,raised,yes,damp,101,2024-09-24,12,0,0,1,2,101,75.87571428571428,81.58,27.164285714285718,12.567497,13.175143,12.913252,amber
F024-052,F024,train,Batch 2,14,yes,raised,no,dry,88,2025-03-05,14,1,0,0,0,88,83.39714285714287,89.67,26.442857142857147,12.197714,14.679429,13.487448,red
F024-053,F024,train,Batch 3,9,yes,floor,yes,unsure,97,2024-11-27,9,1,1,1,1,97,70.14928571428571,78.51,28.16142857142857,13.324788,13.029857,13.161278,red
F024-054,F024,train,Batch 4,13,no,raised,no,damp,38,2025-02-08,13,0,0,0,2,38,74.94785714285715,78.24,28.134285714285717,9.772874,12.989571,10.645971,green
F024-055,F024,train,Batch 5,3,no,raised,no,damp,38,2025-02-11,3,0,0,0,2,38,74.48857142857143,78.24,28.12714285714286,13.328438,12.897714,13.211528,red
F024-056,F024,train,Batch 6,22,yes,raised,no,damp,64,2025-05-31,22,1,0,0,2,64,80.76571428571428,85.66,25.272142857142853,10.667894,14.153143,12.108535,amber
F024-057,F024,train,Batch 7,7,yes,floor,yes,unsure,84,2025-03-26,7,1,1,1,1,84,85.98428571428573,90.66,25.713571428571424,14.582888,16.196857,15.395384,red
F024-058,F024,train,Batch 8,11,no,raised,yes,dry,55,2025-05-15,11,0,0,1,0,55,86.75142857142858,90.36,24.902857142857147,12.238171,15.350286,13.382382,red
F024-059,F024,train,Batch 9,4,no,raised,yes,unsure,79,2025-03-02,4,0,0,1,1,79,81.05857142857143,87.53,26.972142857142853,15.066672,14.211714,14.654337,red
F024-060,F024,train,Batch 10,7,no,raised,no,dry,20,2025-02-06,7,0,0,0,0,20,70.72571428571429,78.51,27.957142857142856,11.867067,12.145143,11.909757,green
F024-061,F024,train,Batch 1,15,no,floor,no,damp,134,2025-02-02,15,0,1,0,2,134,85.54642857142858,88.69,25.76142857142857,10.446954,16.109286,14.255613,red
F024-062,F024,train,Batch 2,11,no,floor,yes,dry,115,2024-10-28,11,0,1,1,0,115,72.97857142857141,77.15,28.245,10.696647,13.595714,12.483831,amber
F024-063,F024,train,Batch 3,14,yes,floor,no,damp,26,2025-04-19,14,1,1,0,2,26,79.61214285714286,87.53,27.315,12.937687,14.922429,13.324318,red
F024-064,F024,train,Batch 4,7,yes,floor,no,damp,52,2025-10-14,7,1,1,0,2,52,81.12357142857142,88.91,26.405714285714286,12.639552,15.224714,13.548639,red
F024-065,F024,train,Batch 5,10,no,floor,yes,damp,119,2025-03-08,10,0,1,1,2,119,86.36357142857143,90.2,25.183571428571423,10.278266,16.272714,14.049026,red
F024-066,F024,train,Batch 6,4,no,raised,yes,damp,114,2024-10-20,4,0,0,1,2,114,70.35142857142857,78.23,27.863571428571426,13.299915,12.070286,12.545834,amber
F024-067,F024,train,Batch 7,7,no,floor,yes,damp,132,2025-01-11,7,0,1,1,2,132,82.25357142857145,88.87,26.704999999999995,11.037187,15.450714,13.981579,red
F024-068,F024,train,Batch 8,14,no,raised,yes,damp,132,2025-04-19,14,0,0,1,2,132,79.625,83.94,25.06714285714285,12.266997,13.925,13.373099,red
F024-069,F024,train,Batch 9,6,yes,raised,yes,damp,0,2025-01-25,6,1,0,1,2,0,62.06642857142857,80.0,26.784999999999997,13.89009,10.413286,13.89009,red
F024-070,F024,train,Batch 10,15,no,raised,yes,damp,131,2024-12-28,15,0,0,1,2,131,79.41857142857144,85.86,27.283571428571427,11.51516,13.883714,13.088693,red
F024-071,F024,train,Batch 1,8,no,floor,yes,damp,170,2025-06-29,8,0,1,1,2,170,82.75928571428572,88.91,25.957857142857144,12.215263,15.551857,14.742663,red
F024-072,F024,train,Batch 2,4,no,raised,yes,damp,4,2025-01-23,4,0,0,1,2,4,65.07714285714287,80.0,27.072142857142858,16.106954,11.015429,15.940034,red
F024-073,F024,train,Batch 3,11,no,raised,no,dry,86,2024-11-21,11,0,0,0,0,86,70.02642857142857,77.15,28.074285714285715,12.018985,12.005286,12.011976,amber
F024-074,F024,train,Batch 4,7,no,raised,no,dry,11,2025-12-10,7,0,0,0,0,11,79.63214285714287,85.68,26.06357142857143,11.14405,13.926429,11.38776,green
F024-075,F024,train,Batch 5,14,no,raised,no,unsure,125,2024-09-17,14,0,0,0,1,125,60.44642857142857,71.7,26.49785714285714,9.155964,10.089286,9.759948,green
F024-076,F024,train,Batch 6,19,no,floor,yes,damp,116,2025-05-04,19,0,1,1,2,116,80.03499999999998,83.94,24.977142857142855,12.135225,15.007,13.914724,red
F024-077,F024,train,Batch 7,8,no,raised,no,damp,105,2024-09-19,8,0,0,0,2,105,75.70357142857144,81.58,27.132857142857144,12.397345,13.140714,12.830832,amber
F024-078,F024,train,Batch 8,13,no,raised,yes,damp,111,2025-04-28,13,0,0,1,2,111,83.31285714285715,87.52,24.79928571428572,10.584679,14.662571,13.045559,red
F024-079,F024,train,Batch 9,3,no,floor,yes,damp,35,2025-06-20,3,0,1,1,2,35,82.24642857142858,85.66,24.75714285714286,14.054447,15.449286,14.407317,red
F024-080,F024,train,Batch 10,7,no,raised,yes,damp,5,2025-04-18,7,0,0,1,2,5,75.51857142857143,82.23,28.140714285714278,12.031656,13.103714,12.075407,amber
F025-001,F025,train,Batch 1,6,yes,raised,no,dry,167,2024-10-01,6,1,0,0,0,167,75.175,78.24,28.174999999999994,15.052203,13.035,13.536599,red
F025-002,F025,train,Batch 2,10,no,raised,no,unsure,86,2025-02-12,10,0,0,0,1,86,80.06714285714285,85.86,27.197142857142858,10.120007,14.013429,12.111969,amber
F025-003,F025,train,Batch 3,10,yes,raised,no,damp,8,2025-04-27,10,1,0,0,2,8,79.06857142857145,85.86,27.321428571428573,12.334431,13.813714,12.429835,amber
F025-004,F025,train,Batch 4,11,no,raised,no,damp,91,2025-09-19,11,0,0,0,2,91,80.28499999999998,85.68,26.07571428571429,10.760762,14.057,12.512889,amber
F025-005,F025,train,Batch 5,9,no,raised,no,dry,2,2025-12-23,9,0,0,0,0,2,77.88071428571429,84.53,26.353571428571428,11.346666,13.576143,11.383516,green
F025-006,F025,train,Batch 6,2,yes,raised,yes,damp,125,2024-12-11,2,1,0,1,2,125,73.90571428571427,77.92,28.40928571428572,16.139758,12.781143,13.966284,red
F025-007,F025,train,Batch 7,8,no,raised,yes,damp,36,2025-01-15,8,0,0,1,2,36,72.97857142857141,77.15,28.245,13.074814,12.595714,12.95064,amber
F025-008,F025,train,Batch 8,6,yes,raised,yes,damp,131,2025-01-12,6,1,0,1,2,131,82.25357142857145,88.87,26.704999999999995,14.168143,14.450714,14.355867,red
F025-009,F025,train,Batch 9,5,yes,raised,yes,dry,161,2025-07-22,5,1,0,1,0,161,76.82642857142856,81.58,26.73857142857143,15.209915,13.365286,13.847489,red
F025-010,F025,train,Batch 10,7,no,floor,no,damp,102,2025-01-21,7,0,1,0,2,102,77.85642857142857,85.86,27.577142857142857,12.791328,14.571286,13.810505,red
F025-011,F025,train,Batch 1,8,no,raised,no,unsure,31,2025-03-31,8,0,0,0,1,31,77.765,85.86,27.712142857142855,11.405401,13.553,11.894328,green
F025-012,F025,train,Batch 2,12,yes,raised,yes,unsure,156,2024-12-06,12,1,0,1,1,156,78.65214285714286,84.02,27.396428571428576,12.480093,13.730429,13.389672,red
F025-013,F025,train,Batch 3,7,no,raised,no,damp,104,2024-12-03,7,0,0,0,2,104,75.175,78.24,28.174999999999994,11.071266,13.035,12.209544,amber
F025-014,F025,train,Batch 4,5,no,raised,yes,unsure,80,2025-01-06,5,0,0,1,1,80,73.88571428571429,81.64,28.015000000000004,14.644688,12.777143,13.735973,red
F025-015,F025,train,Batch 5,9,no,raised,yes,unsure,11,2025-05-28,9,0,0,1,1,11,83.52428571428571,88.69,26.235714285714284,11.877442,14.704857,12.125098,amber
F025-016,F025,train,Batch 6,5,yes,floor,no,unsure,109,2025-08-24,5,1,1,0,1,109,82.97428571428573,88.91,26.115000000000002,15.576376,15.594857,15.587406,red
F025-017,F025,train,Batch 7,6,no,raised,yes,damp,143,2025-01-19,6,0,0,1,2,143,84.24571428571429,88.69,26.153571428571418,12.744377,14.849143,14.209895,red
F025-018,F025,train,Batch 8,9,no,raised,no,damp,165,2025-02-22,9,0,0,0,2,165,80.42999999999999,85.31,25.357142857142858,11.65737,14.086,13.471946,red
F025-019,F025,train,Batch 9,9,no,raised,yes,damp,140,2025-01-25,9,0,0,1,2,140,85.29999999999998,88.69,26.00357142857143,11.045173,15.06,13.80977,red
F025-020,F025,train,Batch 10,11,yes,floor,no,damp,13,2025-06-22,11,1,1,0,2,13,86.36357142857143,90.2,25.183571428571423,12.522288,16.272714,12.90735,amber
F025-021,F025,train,Batch 1,26,no,raised,yes,unsure,69,2025-04-21,26,0,0,1,1,69,86.98571428571428,90.66,25.385,11.518538,15.397143,13.214633,red
F025-022,F025,train,Batch 2,12,no,raised,yes,damp,173,2024-12-08,12,0,0,1,2,173,83.83642857142857,89.67,26.28714285714286,11.963855,14.767286,14.104181,red
F025-023,F025,train,Batch 3,11,no,raised,no,dry,45,2025-02-11,11,0,0,0,0,45,73.63142857142857,81.64,28.07000000000001,9.83415,12.726286,10.738552,green
F025-024,F025,train,Batch 4,15,no,raised,no,dry,84,2024-12-16,15,0,0,0,0,84,69.37785714285715,77.34,28.559285714285718,11.915176,11.875571,11.895238,green
F025-025,F025,train,Batch 5,7,no,floor,no,damp,43,2025-03-22,7,0,1,0,2,43,78.09857142857143,85.86,27.517857142857142,12.482993,14.619714,13.126488,red
F025-026,F025,train,Batch 6,2,no,floor,yes,dry,140,2025-03-08,2,0,1,1,0,140,81.87142857142858,85.66,24.78214285714285,15.338509,15.374286,15.363145,red
F025-027,F025,train,Batch 7,11,no,raised,no,damp,21,2025-03-09,11,0,0,0,2,21,73.37142857142855,81.64,28.087857142857143,9.365416,12.674286,9.896631,green
F025-028,F025,train,Batch 8,5,yes,raised,yes,damp,16,2025-05-19,5,1,0,1,2,16,83.81857142857143,89.67,26.320714285714285,13.981456,14.763714,14.079103,red
F025-029,F025,train,Batch 9,20,yes,floor,yes,damp,86,2025-02-19,20,1,1,1,2,86,80.00642857142854,87.53,27.298571428571428,15.092664,15.001286,15.045913,red
F025-030,F025,train,Batch 10,15,no,floor,no,damp,52,2025-06-23,15,0,1,0,2,52,82.76785714285714,87.52,25.042142857142856,10.172489,15.553571,12.064777,amber
F025-031,F025,train,Batch 1,16,no,raised,no,dry,42,2024-12-16,16,0,0,0,0,42,65.07714285714287,80.0,27.072142857142858,10.029426,11.015429,10.320605,green
F025-032,F025,train,Batch 2,7,yes,raised,no,unsure,119,2024-11-20,7,1,0,0,1,119,74.49142857142859,78.24,28.226428571428578,12.309883,12.898286,12.680013,amber
F025-033,F025,train,Batch 3,14,no,raised,no,damp,112,2024-11-25,14,0,0,0,2,112,75.175,78.24,28.174999999999994,12.574797,13.035,12.85403,amber
F025-034,F025,train,Batch 4,14,yes,floor,yes,dry,104,2025-03-21,14,1,1,1,0,104,86.1857142857143,89.75,25.416428571428572,12.90222,16.237143,14.835307,red
F025-035,F025,train,Batch 5,6,no,raised,no,damp,92,2025-05-24,6,0,0,0,2,92,81.38214285714285,84.22,24.82214285714286,13.917082,14.276429,14.109491,red
F025-036,F025,train,Batch 6,16,no,floor,no,damp,113,2024-12-13,16,0,1,0,2,113,74.88714285714285,81.64,28.173571428571424,10.716148,13.977429,12.705603,amber
F025-037,F025,train,Batch 7,10,no,raised,no,dry,174,2024-08-26,10,0,0,0,0,174,69.64214285714284,77.15,28.177142857142858,10.863626,11.928429,11.678658,green
F025-038,F025,train,Batch 8,9,no,floor,no,damp,159,2024-12-03,9,0,1,0,2,159,78.65214285714286,84.02,27.396428571428576,11.172312,14.730429,13.784671,red
F025-039,F025,train,Batch 9,12,no,raised,yes,unsure,163,2025-01-15,12,0,0,1,1,163,87.11214285714286,90.66,25.310714285714287,13.125226,15.422429,14.831843,red
F025-040,F025,train,Batch 10,10,yes,raised,yes,damp,111,2025-02-20,10,1,0,1,2,111,84.24571428571429,88.69,26.153571428571418,12.733951,14.849143,14.010403,red
F025-041,F025,train,Batch 1,10,no,raised,no,dry,42,2025-07-19,10,0,0,0,0,42,79.12071428571427,83.94,25.159285714285716,9.400139,13.824143,10.7066,green
F025-042,F025,train,Batch 2,12,no,raised,no,dry,123,2025-01-18,12,0,0,0,0,123,81.66928571428572,87.53,26.825,11.629543,14.333857,13.363559,red
F025-043,F025,train,Batch 3,13,yes,floor,no,damp,16,2025-03-05,13,1,1,0,2,16,74.48857142857143,78.24,28.12714285714286,12.026417,13.897714,12.260005,amber
F025-044,F025,train,Batch 4,7,no,raised,yes,dry,84,2025-09-29,7,0,0,1,0,84,79.21000000000001,84.53,26.11428571428571,12.424981,13.842,13.138329,red
F025-045,F025,train,Batch 5,17,yes,raised,yes,damp,177,2025-02-22,17,1,0,1,2,177,83.05071428571429,87.52,24.74428571428572,12.56082,14.610143,14.141301,red
F025-046,F025,train,Batch 6,8,yes,raised,yes,unsure,88,2025-10-01,8,1,0,1,1,88,76.70642857142857,81.94,26.624285714285715,13.141952,13.341286,13.245544,red
F025-047,F025,train,Batch 7,15,no,raised,no,unsure,94,2025-05-21,15,0,0,0,1,94,81.78142857142856,84.22,24.79785714285714,10.658727,14.356286,12.666943,amber
F025-048,F025,train,Batch 8,9,no,floor,yes,damp,139,2024-10-01,9,0,1,1,2,139,69.72714285714285,77.15,28.16571428571429,12.231069,12.945429,12.721113,amber
F025-049,F025,train,Batch 9,9,no,raised,no,damp,13,2025-06-29,9,0,0,0,2,13,86.38214285714287,90.36,24.812857142857144,12.392147,15.276429,12.688281,amber
F025-050,F025,train,Batch 10,6,no,raised,no,damp,64,2025-02-16,6,0,0,0,2,64,74.545,79.17,28.274285714285718,12.520499,12.909,12.681087,amber
F025-051,F025,train,Batch 1,8,yes,raised,no,dry,152,2024-10-28,8,1,0,0,0,152,73.40714285714284,81.64,28.105000000000008,13.268738,12.681429,12.846914,amber
F025-052,F025,train,Batch 2,3,yes,raised,yes,dry,2,2025-05-27,3,1,0,1,0,2,83.82428571428571,89.67,26.346428571428568,16.336568,14.764857,16.31059,red
F025-053,F025,train,Batch 3,10,no,raised,no,dry,13,2025-04-04,10,0,0,0,0,13,74.14642857142856,78.56,28.33714285714286,10.798188,12.829286,11.006724,green
F025-054,F025,train,Batch 4,9,no,floor,yes,dry,133,2025-02-04,9,0,1,1,0,133,85.82714285714287,88.69,25.703571428571426,11.744047,16.165429,14.705892,red
F025-055,F025,train,Batch 5,10,no,raised,no,unsure,163,2024-09-03,10,0,0,0,1,163,70.70714285714284,78.23,27.902857142857147,11.476685,12.141429,11.97053,green
F025-056,F025,train,Batch 6,17,no,raised,no,dry,17,2025-08-13,17,0,0,0,0,17,79.12071428571427,83.94,25.159285714285716,11.451624,13.824143,11.765009,green
F025-057,F025,train,Batch 7,2,no,raised,yes,unsure,158,2024-11-20,2,0,0,1,1,158,76.81714285714284,85.86,28.01357142857143,14.379754,13.363429,13.635832,red
F025-058,F025,train,Batch 8,7,no,raised,no,damp,4,2025-08-22,7,0,0,0,2,4,80.93928571428572,83.94,24.810000000000002,13.109012,14.187857,13.144381,red
F025-059,F025,train,Batch 9,11,no,floor,no,dry,3,2025-02-12,11,0,1,0,0,3,70.02642857142857,77.15,28.074285714285715,11.66933,13.005286,11.702315,green
F025-060,F025,train,Batch 10,7,no,raised,no,damp,115,2025-01-16,7,0,0,0,2,115,78.65214285714286,84.02,27.396428571428576,13.359334,13.730429,13.588102,red
F025-061,F025,train,Batch 1,12,no,raised,yes,damp,100,2025-05-07,12,0,0,1,2,100,82.63,87.52,25.035,11.005278,14.526,12.995901,amber
F025-062,F025,train,Batch 2,12,no,floor,no,dry,74,2024-12-14,12,0,1,0,0,74,70.72571428571429,78.51,27.957142857142856,10.553719,13.145143,11.746446,green
F025-063,F025,train,Batch 3,4,yes,floor,yes,unsure,69,2024-12-22,4,1,1,1,1,69,69.66428571428571,78.51,28.151428571428568,16.105206,12.932857,14.717953,red
F025-064,F025,train,Batch 4,5,no,raised,no,damp,77,2024-12-22,5,0,0,0,2,77,69.14500000000001,77.34,28.454285714285714,14.535542,11.829,13.253763,red
F025-065,F025,train,Batch 5,9,no,raised,yes,damp,128,2024-10-24,9,0,0,1,2,128,69.66428571428571,78.51,28.151428571428568,12.372793,11.932857,12.084263,amber
F025-066,F025,train,Batch 6,15,no,raised,yes,unsure,131,2025-04-09,15,0,0,1,1,131,83.05071428571429,87.52,24.74428571428572,10.697153,14.610143,13.296722,red
F025-067,F025,train,Batch 7,19,yes,raised,no,damp,24,2025-11-28,19,1,0,0,2,24,79.21000000000001,84.53,26.11428571428571,12.486277,13.842,12.732028,amber
F025-068,F025,train,Batch 8,12,no,raised,no,dry,38,2024-12-27,12,0,0,0,0,38,72.24571428571429,80.0,27.539285714285715,11.234446,12.449143,11.564147,green
F025-069,F025,train,Batch 9,10,yes,raised,no,dry,91,2024-10-29,10,1,0,0,0,91,65.80071428571429,80.0,27.134285714285713,12.681348,11.160143,11.872746,green
F025-070,F025,train,Batch 10,9,no,raised,yes,damp,55,2025-04-06,9,0,0,1,2,55,83.37642857142858,89.67,26.362142857142857,12.478146,14.675286,13.285954,red
F025-071,F025,train,Batch 1,4,no,floor,yes,unsure,71,2025-10-19,4,0,1,1,1,71,76.38142857142859,81.58,26.70214285714286,14.222264,14.276286,14.24639,red
F025-072,F025,train,Batch 2,15,yes,raised,no,damp,57,2024-12-17,15,1,0,0,2,57,70.62928571428571,78.23,27.86357142857143,12.056905,12.125857,12.082977,amber
F025-073,F025,train,Batch 3,9,no,raised,no,damp,140,2025-03-13,9,0,0,0,2,140,81.15499999999999,85.66,25.083571428571425,10.267644,14.231,12.996798,amber
F025-074,F025,train,Batch 4,7,no,raised,yes,damp,113,2025-03-31,7,0,0,1,2,113,83.33714285714287,90.36,24.73,11.507138,14.667429,13.434987,red
F025-075,F025,train,Batch 5,12,no,raised,yes,dry,5,2025-01-31,12,0,0,1,0,5,70.09071428571428,80.0,27.528571428571432,11.710869,12.018143,11.723409,green
F025-076,F025,train,Batch 6,9,no,raised,yes,damp,141,2025-01-24,9,0,0,1,2,141,85.29999999999998,88.69,26.00357142857143,13.044972,15.06,14.437721,red
F025-077,F025,train,Batch 7,10,no,raised,yes,unsure,124,2025-04-23,10,0,0,1,1,124,80.9592857142857,84.22,24.856428571428577,11.186103,14.191857,13.122353,red
F025-078,F025,train,Batch 8,6,yes,raised,yes,damp,59,2025-03-24,6,1,0,1,2,59,81.90714285714286,87.53,26.756428571428568,14.900856,14.381429,14.699113,red
F025-079,F025,train,Batch 9,10,no,floor,no,dry,56,2025-01-13,10,0,1,0,0,56,69.37785714285715,77.34,28.559285714285718,11.378537,12.875571,11.936798,green
F025-080,F025,train,Batch 10,9,no,raised,no,unsure,32,2025-03-30,9,0,0,0,1,32,77.765,85.86,27.712142857142855,12.261322,13.553,12.563667,amber
F026-001,F026,train,Batch 1,15,no,floor,no,dry,8,2025-04-30,15,0,1,0,0,8,79.41857142857144,85.86,27.283571428571427,11.178738,14.883714,11.417683,green
F026-002,F026,train,Batch 2,10,no,raised,yes,damp,144,2024-12-19,10,0,0,1,2,144,79.13642857142858,84.02,27.32214285714286,11.203038,13.827286,13.036878,red
F026-003,F026,train,Batch 3,6,no,floor,yes,damp,134,2024-11-13,6,0,1,1,2,134,73.88571428571429,81.64,28.015000000000004,14.0545,13.777143,13.867941,red
F026-004,F026,train,Batch 4,13,no,floor,no,damp,155,2024-08-10,13,0,1,0,2,155,67.82428571428571,76.4,27.097857142857144,11.825178,12.564857,12.361584,amber
F026-005,F026,train,Batch 5,14,no,floor,no,damp,0,2025-12-15,14,0,1,0,2,0,83.47500000000001,88.91,25.950714285714287,10.120971,15.695,10.120971,green
F026-006,F026,train,Batch 6,10,no,raised,no,unsure,121,2024-11-05,10,0,0,0,1,121,70.05642857142858,78.51,28.15857142857143,11.112954,12.011286,11.68355,green
F026-007,F026,train,Batch 7,2,no,floor,no,damp,161,2024-11-09,2,0,1,0,2,161,74.75500000000001,79.17,28.256428571428575,14.84847,13.951,14.185607,red
F026-008,F026,train,Batch 8,13,no,floor,yes,damp,104,2025-09-04,13,0,1,1,2,104,81.22214285714287,88.91,25.97857142857143,10.080786,15.244429,13.07389,red
F026-009,F026,train,Batch 9,9,no,raised,no,damp,67,2025-10-25,9,0,0,0,2,67,77.43214285714285,81.58,26.841428571428573,12.100307,13.486429,12.693342,amber
F026-010,F026,train,Batch 10,12,no,raised,no,dry,52,2025-04-14,12,0,0,0,0,52,83.76857142857143,89.67,26.266428571428573,10.181493,14.753714,11.78934,green
F026-011,F026,train,Batch 1,9,no,raised,yes,damp,33,2025-01-19,9,0,0,1,2,33,72.98214285714285,77.15,28.216428571428573,13.175726,12.596429,13.036447,red
F026-012,F026,train,Batch 2,16,no,raised,yes,damp,111,2025-05-05,16,0,0,1,2,111,81.38214285714285,84.22,24.82214285714286,11.660774,14.276429,13.239239,red
F026-013,F026,train,Batch 3,19,no,raised,yes,damp,139,2024-11-15,19,0,0,1,2,139,74.41857142857143,81.64,28.122857142857146,10.527636,12.883714,12.143884,amber
F026-014,F026,train,Batch 4,8,yes,raised,yes,damp,107,2024-11-26,8,1,0,1,2,107,72.97285714285715,78.24,28.48857142857143,12.289394,12.594571,12.469457,amber
F026-015,F026,train,Batch 5,0,yes,floor,no,damp,166,2024-08-09,0,1,1,0,2,166,59.89357142857143,71.7,26.52571428571428,16.945024,10.978714,12.474715,amber
F026-016,F026,train,Batch 6,7,no,raised,no,damp,50,2025-05-03,7,0,0,0,2,50,86.71142857142857,90.66,25.57785714285714,11.846734,15.342286,13.037876,red
F026-017,F026,train,Batch 7,4,no,floor,yes,unsure,82,2025-03-03,4,0,1,1,1,82,83.17142857142858,89.67,26.565714285714282,14.144593,15.634286,14.882093,red
F026-018,F026,train,Batch 8,7,no,floor,no,damp,128,2024-11-04,7,0,1,0,2,128,72.135,77.97,28.569285714285716,12.317051,13.427,13.045007,red
F026-019,F026,train,Batch 9,10,no,floor,yes,damp,176,2024-09-27,10,0,1,1,2,176,74.04142857142858,78.24,28.189285714285717,11.320949,13.808286,13.234474,red
F026-020,F026,train,Batch 10,5,no,raised,no,unsure,132,2024-10-03,5,0,0,0,1,132,70.62928571428571,78.23,27.86357142857143,13.388098,12.125857,12.546021,amber
F026-021,F026,train,Batch 1,11,no,raised,yes,damp,153,2025-01-19,11,0,0,1,2,153,86.61928571428571,90.66,25.617142857142852,11.889419,15.323857,14.364169,red
F026-022,F026,train,Batch 2,14,no,floor,no,damp,54,2025-02-26,14,0,1,0,2,54,74.545,79.17,28.274285714285718,11.119372,13.909,12.130255,amber
F026-023,F026,train,Batch 3,0,yes,floor,no,damp,150,2024-10-18,0,1,1,0,2,150,75.175,78.24,28.174999999999994,15.854107,14.035,14.556183,red
F026-024,F026,train,Batch 4,10,no,raised,no,dry,10,2025-01-17,10,0,0,0,0,10,65.07714285714287,80.0,27.072142857142858,10.78766,11.015429,10.805871,green
F026-025,F026,train,Batch 5,16,no,raised,yes,damp,176,2024-11-08,16,0,0,1,2,176,77.85642857142857,85.86,27.577142857142857,10.524472,13.571286,12.868406,amber
F026-026,F026,train,Batch 6,13,yes,raised,no,damp,40,2025-04-04,13,1,0,0,2,40,79.49928571428573,87.53,27.308571428571433,11.697949,13.899857,12.322121,amber
F026-027,F026,train,Batch 7,18,yes,raised,yes,damp,129,2025-03-20,18,1,0,1,2,129,81.5807142857143,85.66,24.857857142857142,12.13894,14.316143,13.573068,red
F026-028,F026,train,Batch 8,9,no,raised,no,damp,150,2025-03-30,9,0,0,0,2,150,80.61571428571428,83.94,24.84142857142857,10.105384,14.123143,12.972036,amber
F026-029,F026,train,Batch 9,8,no,raised,no,damp,31,2025-03-23,8,0,0,0,2,31,75.51857142857143,82.23,28.140714285714278,12.265514,13.103714,12.456341,amber
F026-030,F026,train,Batch 10,6,no,raised,yes,damp,114,2025-08-13,6,0,0,1,2,114,81.12357142857142,88.91,26.405714285714286,13.78056,14.224714,14.052942,red
F026-031,F026,train,Batch 1,9,no,floor,no,damp,111,2024-09-25,9,0,1,0,2,111,65.01571428571428,75.06,26.98,12.053365,12.003143,12.023058,amber
F026-032,F026,train,Batch 2,9,no,raised,yes,dry,43,2025-03-05,9,0,0,1,0,43,74.14642857142856,78.56,28.33714285714286,12.477671,12.829286,12.583563,amber
F026-033,F026,train,Batch 3,13,no,raised,no,dry,17,2024-12-27,13,0,0,0,0,17,66.08428571428571,75.51,26.992142857142856,11.509729,11.216857,11.471043,green
F026-034,F026,train,Batch 4,7,yes,raised,yes,damp,143,2024-09-21,7,1,0,1,2,143,70.35142857142857,78.23,27.863571428571426,13.823802,12.070286,12.602854,amber
F026-035,F026,train,Batch 5,8,no,floor,yes,damp,143,2024-09-08,8,0,1,1,2,143,66.50928571428572,80.0,27.219285714285714,12.011983,12.301857,12.213818,amber
F026-036,F026,train,Batch 6,7,no,floor,yes,damp,26,2025-07-11,7,0,1,1,2,26,80.42999999999999,85.31,25.357142857142858,13.086083,15.086,13.47567,red
F026-037,F026,train,Batch 7,6,no,raised,yes,damp,49,2025-06-06,6,0,0,1,2,49,82.24642857142858,85.66,24.75714285714286,12.248356,14.449286,12.986201,amber
F026-038,F026,train,Batch 8,4,no,raised,yes,dry,10,2025-04-24,4,0,0,1,0,10,78.09857142857143,85.86,27.517857142857142,14.38791,13.619714,14.326488,red
F026-039,F026,train,Batch 9,4,yes,raised,yes,damp,66,2024-12-08,4,1,0,1,2,66,70.62928571428571,78.23,27.86357142857143,14.273455,12.125857,13.364913,red
F026-040,F026,train,Batch 10,16,no,raised,no,damp,134,2024-11-20,16,0,0,0,2,134,74.41857142857143,81.64,28.122857142857146,11.695752,12.883714,12.494812,amber
F026-041,F026,train,Batch 1,18,no,raised,no,unsure,92,2024-10-13,18,0,0,0,1,92,66.08428571428571,75.51,26.992142857142856,10.567956,11.216857,10.915404,green
F026-042,F026,train,Batch 2,16,no,floor,no,dry,102,2024-11-27,16,0,1,0,0,102,69.14500000000001,77.34,28.454285714285714,9.571414,12.829,11.436659,green
F026-043,F026,train,Batch 3,17,no,floor,no,dry,114,2024-10-02,17,0,1,0,0,114,60.544285714285714,80.0,26.613571428571426,10.697074,11.108857,10.949604,green
F026-044,F026,train,Batch 4,10,no,floor,yes,damp,135,2025-03-08,10,0,1,1,2,135,83.61785714285715,90.36,24.720714285714283,10.650193,15.723571,14.076487,red
F026-045,F026,train,Batch 5,6,yes,floor,no,damp,115,2024-11-02,6,1,1,0,2,115,72.28857142857143,78.51,27.972142857142853,14.96832,13.457714,14.037079,red
F026-046,F026,train,Batch 6,6,no,raised,no,damp,58,2025-02-01,6,0,0,0,2,58,73.74642857142858,81.64,28.010714285714283,12.512523,12.749286,12.603269,amber
F026-047,F026,train,Batch 7,16,no,raised,yes,damp,123,2025-02-16,16,0,0,1,2,123,86.32285714285715,90.66,25.67285714285714,10.59374,15.264571,13.588694,red
F026-048,F026,train,Batch 8,8,no,floor,no,dry,5,2025-07-02,8,0,1,0,0,5,86.22142857142856,90.2,25.115000000000006,10.381747,16.244286,10.621,green
F026-049,F026,train,Batch 9,4,yes,raised,yes,damp,130,2024-12-10,4,1,0,1,2,130,74.75500000000001,79.17,28.256428571428575,16.156873,12.951,14.036077,red
F026-050,F026,train,Batch 10,9,no,raised,yes,dry,130,2025-02-08,9,0,0,1,0,130,85.98428571428573,90.66,25.713571428571424,10.924735,15.196857,13.750892,red
F026-051,F026,train,Batch 1,14,no,raised,no,damp,54,2025-06-04,14,0,0,0,2,54,81.43357142857143,85.66,24.945,11.388924,14.286714,12.439002,amber
F026-052,F026,train,Batch 2,10,no,raised,no,dry,30,2025-06-16,10,0,0,0,0,30,85.62071428571429,90.36,24.57571428571428,10.620699,15.124143,11.616857,green
F026-053,F026,train,Batch 3,16,no,floor,yes,damp,70,2025-06-12,16,0,1,1,2,70,82.48,87.52,24.687857142857144,11.228138,15.496,13.114383,red
F026-054,F026,train,Batch 4,15,no,raised,no,dry,164,2024-08-27,15,0,0,0,0,164,69.6592857142857,78.23,27.688571428571425,10.077956,11.931857,11.459195,green
F026-055,F026,train,Batch 5,13,no,raised,no,damp,86,2025-02-23,13,0,0,0,2,86,81.05857142857143,87.53,26.972142857142853,9.752243,14.211714,12.033809,amber
F026-056,F026,train,Batch 6,7,no,floor,yes,damp,67,2025-05-24,7,0,1,1,2,67,81.2042857142857,85.66,25.041428571428575,9.735614,15.240857,12.090967,amber
F026-057,F026,train,Batch 7,10,no,raised,no,damp,87,2025-09-25,10,0,0,0,2,87,79.63214285714287,85.68,26.06357142857143,9.998472,13.926429,12.024023,amber
F026-058,F026,train,Batch 8,5,no,floor,yes,damp,164,2024-08-24,5,0,1,1,2,164,71.35857142857142,80.0,27.529999999999998,13.408401,13.271714,13.306563,red
F026-059,F026,train,Batch 9,0,no,floor,yes,damp,119,2024-12-11,0,0,1,1,2,119,74.51214285714285,79.69,28.40285714285714,16.289553,13.902429,14.787951,red
F026-060,F026,train,Batch 10,15,no,floor,yes,damp,148,2025-02-12,15,0,1,1,2,148,86.46428571428571,90.36,24.877857142857145,11.63676,16.292857,14.936443,red
F026-061,F026,train,Batch 1,9,no,floor,yes,unsure,146,2024-12-01,9,0,1,1,1,146,76.11357142857142,85.7,28.143571428571427,12.53919,14.222714,13.724028,red
F026-062,F026,train,Batch 2,19,no,raised,no,dry,9,2024-12-30,19,0,0,0,0,9,72.85499999999999,81.58,27.45285714285714,11.048116,12.571,11.158154,green
F026-063,F026,train,Batch 3,8,no,floor,yes,unsure,92,2024-10-08,8,0,1,1,1,92,72.85499999999999,81.58,27.45285714285714,11.007249,13.571,12.379986,amber
F026-064,F026,train,Batch 4,17,no,raised,no,dry,98,2025-01-05,17,0,0,0,0,98,74.16142857142857,79.69,28.390000000000008,10.854443,12.832286,11.958273,green
F026-065,F026,train,Batch 5,6,no,floor,yes,unsure,40,2025-02-10,6,0,1,1,1,40,74.04142857142858,78.24,28.189285714285717,12.76209,13.808286,13.058654,red
F026-066,F026,train,Batch 6,15,no,raised,yes,damp,115,2025-04-22,15,0,0,1,2,115,82.63,87.52,25.035,11.012774,14.526,13.178567,red
F026-067,F026,train,Batch 7,3,no,floor,no,damp,75,2025-10-08,3,0,1,0,2,75,79.21000000000001,84.53,26.11428571428571,14.873386,14.842,14.8588,red
F026-068,F026,train,Batch 8,12,no,raised,no,damp,88,2025-03-25,12,0,0,0,2,88,86.61928571428571,90.66,25.617142857142852,9.860416,15.323857,12.699737,amber
F026-069,F026,train,Batch 9,11,no,floor,yes,damp,110,2025-09-03,11,0,1,1,2,110,79.21000000000001,84.53,26.11428571428571,11.682764,14.842,13.578781,red
F026-070,F026,train,Batch 10,11,yes,raised,yes,damp,84,2025-04-23,11,1,0,1,2,84,85.62071428571429,90.36,24.57571428571428,12.203263,15.124143,13.673677,red
F026-071,F026,train,Batch 1,12,no,floor,no,damp,80,2025-04-18,12,0,1,0,2,80,86.22142857142856,90.2,25.115000000000006,10.320162,16.244286,13.202739,red
F026-072,F026,train,Batch 2,5,no,floor,no,damp,120,2025-03-25,5,0,1,0,2,120,82.88642857142858,85.73,24.794999999999998,13.041752,15.577286,14.644515,red
F026-073,F026,train,Batch 3,7,no,raised,yes,damp,112,2025-08-24,7,0,0,1,2,112,83.49214285714287,88.91,25.952142857142857,11.643319,14.698429,13.497035,red
F026-074,F026,train,Batch 4,17,yes,raised,yes,unsure,23,2025-01-20,17,1,0,1,1,23,70.62928571428571,78.23,27.86357142857143,12.585287,12.125857,12.505154,amber
F026-075,F026,train,Batch 5,0,no,floor,no,damp,119,2025-08-14,0,0,1,0,2,119,82.97428571428573,88.91,26.115000000000002,15.19489,15.594857,15.446486,red
F026-076,F026,train,Batch 6,10,no,raised,yes,damp,92,2025-02-17,10,0,0,1,2,92,81.05857142857143,87.53,26.972142857142853,9.644927,14.211714,12.090172,amber
F026-077,F026,train,Batch 7,12,no,floor,no,damp,118,2024-11-16,12,0,1,0,2,118,73.81714285714285,78.24,28.365000000000002,10.393073,13.763429,12.502706,amber
F026-078,F026,train,Batch 8,8,no,raised,no,unsure,83,2025-01-15,8,0,0,0,1,83,75.32857142857142,81.64,28.277142857142852,12.38726,13.065714,12.725985,amber
F026-079,F026,train,Batch 9,13,yes,raised,yes,damp,10,2025-12-03,13,1,0,1,2,10,83.23357142857144,88.91,26.002142857142854,12.329172,14.646714,12.514473,amber
F026-080,F026,train,Batch 10,17,no,raised,no,dry,38,2025-05-25,17,0,0,0,0,38,86.20571428571428,89.75,25.45,10.241495,15.241143,11.598531,green
F027-001,F027,test,Batch 1,2,no,raised,yes,damp,36,2025-06-29,2,0,0,1,2,36,80.98571428571428,85.66,25.265000000000004,15.526469,14.197143,15.181932,red
F027-002,F027,test,Batch 2,0,yes,floor,yes,unsure,13,2025-08-01,0,1,1,1,1,13,82.76785714285714,87.52,25.042142857142856,18.847317,15.553571,18.509143,red
F027-003,F027,test,Batch 3,10,yes,raised,yes,damp,150,2025-03-12,10,1,0,1,2,150,81.38214285714285,87.52,25.326428571428572,12.920279,14.276429,13.887885,red
F027-004,F027,test,Batch 4,6,no,floor,no,damp,36,2025-06-10,6,0,1,0,2,36,85.62071428571429,90.36,24.57571428571428,13.465687,16.124143,14.15471,red
F027-005,F027,test,Batch 5,13,no,raised,no,dry,95,2024-11-11,13,0,0,0,0,95,70.8442857142857,78.23,27.91,11.626561,12.168857,11.923149,green
F027-006,F027,test,Batch 6,17,yes,raised,no,dry,62,2024-11-16,17,1,0,0,0,62,63.43285714285713,71.7,26.69785714285715,12.08001,10.686571,11.517766,green
F027-007,F027,test,Batch 7,7,no,raised,yes,damp,49,2025-05-11,7,0,0,1,2,49,86.98571428571428,90.66,25.385,12.982332,15.397143,13.79188,red
F027-008,F027,test,Batch 8,8,no,raised,yes,damp,41,2025-02-25,8,0,0,1,2,41,75.32785714285714,81.64,28.215714285714284,12.378058,13.065571,12.577035,amber
F027-009,F027,test,Batch 9,0,yes,floor,yes,damp,0,2025-02-11,0,1,1,1,2,0,70.35142857142857,78.23,27.863571428571426,18.251938,13.070286,18.251938,red
F027-010,F027,test,Batch 10,6,yes,raised,yes,damp,155,2024-08-02,6,1,0,1,2,155,75.20214285714285,81.58,27.287857142857142,14.835681,13.040429,13.533786,red
F027-011,F027,test,Batch 1,8,no,raised,yes,damp,81,2025-05-15,8,0,0,1,2,81,80.98571428571428,85.66,25.265000000000004,12.264332,14.197143,13.21304,red
F027-012,F027,test,Batch 2,9,no,floor,no,damp,35,2025-03-20,9,0,1,0,2,35,75.46785714285714,82.23,28.179285714285708,12.075356,14.093571,12.585929,amber
F027-013,F027,test,Batch 3,14,no,raised,no,dry,115,2024-10-01,14,0,0,0,0,115,60.544285714285714,80.0,26.613571428571426,10.994302,10.108857,10.448453,green
F027-014,F027,test,Batch 4,9,yes,floor,no,damp,40,2025-05-26,9,1,1,0,2,40,86.36357142857143,90.2,25.183571428571423,13.481088,16.272714,14.272427,red
F027-015,F027,test,Batch 5,9,no,raised,yes,damp,157,2024-12-03,9,0,0,1,2,157,80.06714285714285,85.86,27.197142857142858,12.080721,14.013429,13.491075,red
F027-016,F027,test,Batch 6,4,no,raised,no,damp,13,2025-03-17,4,0,0,0,2,13,73.37142857142855,81.64,28.087857142857143,16.059619,12.674286,15.712042,red
F027-017,F027,test,Batch 7,4,no,raised,yes,damp,32,2025-07-18,4,0,0,1,2,32,82.92928571428571,87.52,24.719285714285714,12.857062,14.585857,13.261724,red
F027-018,F027,test,Batch 8,13,no,raised,no,unsure,31,2025-03-16,13,0,0,0,1,31,74.27428571428572,78.56,28.309285714285718,12.272475,12.854857,12.405062,amber
F027-019,F027,test,Batch 9,11,no,raised,yes,damp,172,2025-02-05,11,0,0,1,2,172,81.5807142857143,85.66,24.857857142857142,12.200067,14.316143,13.811432,red
F027-020,F027,test,Batch 10,7,no,raised,yes,damp,15,2025-11-23,7,0,0,1,2,15,81.80071428571429,88.91,26.36357142857143,13.051612,14.360143,13.205368,red
F027-021,F027,test,Batch 1,18,no,floor,no,dry,28,2025-01-31,18,0,1,0,0,28,69.475,78.51,28.14642857142857,10.564668,12.895,11.049634,green
F027-022,F027,test,Batch 2,4,yes,raised,no,dry,111,2024-09-30,4,1,0,0,0,111,60.872857142857136,71.7,26.470714285714283,16.457089,10.174571,12.665787,amber
F027-023,F027,test,Batch 3,12,yes,raised,no,damp,29,2025-11-05,12,1,0,0,2,29,81.07714285714287,88.91,26.435714285714283,13.700871,14.215429,13.811337,red
F027-024,F027,test,Batch 4,10,no,floor,no,dry,163,2024-08-17,10,0,1,0,0,163,65.07714285714287,80.0,27.072142857142858,11.313408,12.015429,11.834947,green
F027-025,F027,test,Batch 5,16,no,raised,no,dry,25,2025-04-30,16,0,0,0,0,25,83.64999999999999,89.67,26.43571428571428,11.367022,14.73,11.999476,green
F027-026,F027,test,Batch 6,2,no,raised,yes,damp,84,2025-09-22,2,0,0,1,2,84,83.47500000000001,88.91,25.950714285714287,15.765078,14.695,15.226385,red
F027-027,F027,test,Batch 7,13,yes,raised,no,unsure,126,2024-09-11,13,1,0,0,1,126,64.50571428571428,75.06,26.87357142857143,11.47331,10.901143,11.101366,green
F027-028,F027,test,Batch 8,8,yes,floor,yes,damp,64,2024-10-30,8,1,1,1,2,64,75.70357142857144,81.58,27.132857142857144,14.097691,14.140714,14.115475,red
F027-029,F027,test,Batch 9,11,no,raised,no,dry,22,2025-11-09,11,0,0,0,0,22,79.74857142857145,82.18,26.606428571428573,10.596565,13.949714,11.158249,green
F027-030,F027,test,Batch 10,6,no,raised,no,damp,177,2024-10-07,6,0,0,0,2,177,73.98642857142856,81.64,28.128571428571426,12.475559,12.797286,12.723682,amber
F027-031,F027,test,Batch 1,12,no,raised,no,dry,23,2025-05-02,12,0,0,0,0,23,83.64999999999999,89.67,26.43571428571428,11.04455,14.73,11.687359,green
F027-032,F027,test,Batch 2,11,yes,floor,no,damp,115,2025-05-04,11,1,1,0,2,115,80.61571428571428,83.94,24.84142857142857,12.947615,15.123143,14.288759,red
F027-033,F027,test,Batch 3,8,yes,raised,yes,damp,58,2024-12-08,8,1,0,1,2,58,71.35857142857142,80.0,27.529999999999998,14.069811,12.271714,13.380644,red
F027-034,F027,test,Batch 4,16,no,raised,yes,unsure,116,2025-05-04,16,0,0,1,1,116,80.03499999999998,83.94,24.977142857142855,11.859411,14.007,13.190167,red
F027-035,F027,test,Batch 5,8,no,raised,yes,damp,75,2025-04-26,8,0,0,1,2,75,86.46428571428571,90.36,24.877857142857145,11.139512,15.292857,13.069732,red
F027-036,F027,test,Batch 6,13,no,floor,yes,damp,47,2025-02-19,13,0,1,1,2,47,75.32785714285714,81.64,28.215714285714284,12.531426,14.065571,13.028597,red
F027-037,F027,test,Batch 7,0,yes,raised,yes,unsure,164,2024-12-15,0,1,0,1,1,164,83.45642857142856,89.67,26.444999999999993,18.148828,14.691286,15.572805,red
F027-038,F027,test,Batch 8,7,no,raised,yes,dry,64,2024-11-19,7,0,0,1,0,64,59.89357142857143,71.7,26.52571428571428,13.254703,9.978714,11.900561,green
F027-039,F027,test,Batch 9,10,yes,raised,yes,damp,9,2025-12-04,10,1,0,1,2,9,83.23357142857144,88.91,26.002142857142854,14.08403,14.646714,14.124688,red
F027-040,F027,test,Batch 10,12,no,floor,yes,dry,4,2025-01-08,12,0,1,1,0,4,67.82428571428571,76.4,27.097857142857144,9.795934,12.564857,9.88671,green
F027-041,F027,test,Batch 1,7,no,floor,no,damp,13,2025-04-05,7,0,1,0,2,13,74.38499999999999,78.56,28.30785714285715,14.031954,13.877,14.016045,red
F027-042,F027,test,Batch 2,23,yes,floor,no,damp,144,2024-11-18,23,1,1,0,2,144,74.09642857142858,79.69,28.462857142857143,13.134239,13.819286,13.612954,red
F027-043,F027,test,Batch 3,14,no,raised,no,damp,138,2024-09-22,14,0,0,0,2,138,69.6592857142857,78.23,27.688571428571425,12.278121,11.931857,12.041497,amber
F027-044,F027,test,Batch 4,15,no,raised,no,dry,128,2024-09-19,15,0,0,0,0,128,62.06642857142857,80.0,26.784999999999997,12.0685,10.413286,10.982934,green
F027-045,F027,test,Batch 5,10,no,raised,yes,damp,132,2025-02-28,10,0,0,1,2,132,86.46428571428571,90.36,24.877857142857145,11.69171,15.292857,14.094139,red
F027-046,F027,test,Batch 6,17,no,raised,no,dry,9,2025-02-14,17,0,0,0,0,9,73.31285714285715,78.51,28.01857142857143,11.036458,12.662571,11.153956,green
F027-047,F027,test,Batch 7,11,no,raised,no,dry,9,2025-02-12,11,0,0,0,0,9,72.98214285714285,77.15,28.216428571428573,11.226169,12.596429,11.325179,green
F027-048,F027,test,Batch 8,21,no,raised,no,dry,154,2024-10-03,21,0,0,0,0,154,70.05642857142858,78.51,28.15857142857143,10.66823,12.011286,11.639109,green
F027-049,F027,test,Batch 9,11,yes,floor,yes,damp,52,2025-04-24,11,1,1,1,2,52,85.49428571428571,88.69,25.845714285714283,11.717599,16.098857,13.258293,red
F027-050,F027,test,Batch 10,11,no,raised,yes,damp,175,2025-02-02,11,0,0,1,2,175,81.5807142857143,85.66,24.857857142857142,11.929635,14.316143,13.760985,red
F027-051,F027,test,Batch 1,14,no,raised,no,unsure,157,2025-03-26,14,0,0,0,1,157,79.12071428571427,83.94,25.159285714285716,13.282851,13.824143,13.677848,red
F027-052,F027,test,Batch 2,11,no,floor,no,unsure,79,2025-05-29,11,0,1,0,1,79,82.93428571428572,87.52,24.935000000000002,11.637383,15.586857,13.542161,red
F027-053,F027,test,Batch 3,19,no,raised,no,dry,42,2024-12-09,19,0,0,0,0,42,60.44642857142857,71.7,26.49785714285714,11.021256,10.089286,10.746034,green
F027-054,F027,test,Batch 4,12,yes,floor,yes,damp,43,2024-12-04,12,1,1,1,2,43,64.66071428571426,75.06,26.78357142857143,12.434636,11.932143,12.283305,amber
F027-055,F027,test,Batch 5,5,no,floor,yes,damp,89,2025-05-26,5,0,1,1,2,89,81.78142857142856,84.22,24.79785714285714,12.895236,15.356286,14.18404,red
F027-056,F027,test,Batch 6,10,no,raised,no,damp,46,2025-03-24,10,0,0,0,2,46,80.06714285714285,85.86,27.197142857142858,13.081927,14.013429,13.378531,red
F027-057,F027,test,Batch 7,11,yes,raised,no,damp,127,2025-04-25,11,1,0,0,2,127,79.12071428571427,83.94,25.159285714285716,12.952426,13.824143,13.521628,red
F027-058,F027,test,Batch 8,21,no,floor,yes,damp,134,2025-08-06,21,0,1,1,2,134,80.50214285714286,85.68,26.052142857142858,11.164835,15.100429,13.812036,red
F027-059,F027,test,Batch 9,6,no,raised,yes,damp,54,2025-03-10,6,0,0,1,2,54,77.85642857142857,85.86,27.577142857142857,14.576931,13.571286,14.212513,red
F027-060,F027,test,Batch 10,10,no,floor,yes,damp,174,2024-11-30,10,0,1,1,2,174,82.25357142857145,88.87,26.704999999999995,10.788623,15.450714,14.357126,red
F027-061,F027,test,Batch 1,18,yes,floor,no,dry,60,2024-11-24,18,1,1,0,0,60,60.48642857142857,80.0,26.486428571428572,12.216435,11.097286,11.776084,green
F027-062,F027,test,Batch 2,18,no,floor,no,unsure,78,2025-05-18,18,0,1,0,1,78,80.98571428571428,85.66,25.265000000000004,10.722033,15.197143,12.860931,amber
F027-063,F027,test,Batch 3,10,no,raised,no,unsure,128,2025-03-13,10,0,0,0,1,128,84.09,90.36,24.682857142857138,11.842649,14.818,13.794022,red
F027-064,F027,test,Batch 4,10,yes,floor,yes,damp,171,2024-07-16,10,1,1,1,2,171,75.87571428571428,81.58,27.164285714285718,12.229836,14.175143,13.70728,red
F027-065,F027,test,Batch 5,11,no,floor,no,dry,53,2025-01-01,11,0,1,0,0,53,73.31285714285715,78.51,28.01857142857143,11.058584,13.662571,11.988302,green
F027-066,F027,test,Batch 6,9,no,floor,yes,damp,88,2025-01-29,9,0,1,1,2,88,76.81714285714284,85.86,28.01357142857143,11.445565,14.363429,12.961963,amber
F027-067,F027,test,Batch 7,15,no,floor,yes,damp,148,2024-12-09,15,0,1,1,2,148,79.15428571428572,85.86,27.290714285714284,11.551698,14.830857,13.875573,red
F027-068,F027,test,Batch 8,8,no,raised,no,damp,36,2025-07-03,8,0,0,0,2,36,81.1557142857143,87.52,25.33142857142857,12.562974,14.231143,12.995333,amber
F027-069,F027,test,Batch 9,14,no,floor,no,unsure,10,2025-02-15,14,0,1,0,1,10,72.28857142857143,78.51,27.972142857142853,10.273439,13.457714,10.528039,green
F027-070,F027,test,Batch 10,8,no,raised,yes,dry,3,2025-04-17,8,0,0,1,0,3,74.66,79.17,28.26928571428571,11.933109,12.932,11.957772,green
F027-071,F027,test,Batch 1,5,no,raised,yes,dry,174,2025-01-19,5,0,0,1,0,174,86.38214285714287,90.36,24.812857142857144,13.614614,15.276429,14.886616,red
F027-072,F027,test,Batch 2,8,no,raised,yes,dry,114,2024-12-10,8,0,0,1,0,114,74.41857142857143,81.64,28.122857142857146,11.612534,12.883714,12.392097,amber
F027-073,F027,test,Batch 3,12,no,floor,no,damp,169,2024-09-20,12,0,1,0,2,169,69.55714285714286,78.51,28.282142857142855,11.70878,12.911429,12.61732,amber
F027-074,F027,test,Batch 4,10,no,raised,no,dry,2,2025-04-24,10,0,0,0,0,2,76.11357142857142,85.7,28.143571428571427,9.895821,13.222714,9.95081,green
F027-075,F027,test,Batch 5,10,no,floor,no,unsure,85,2025-02-16,10,0,1,0,1,85,79.13642857142858,84.02,27.32214285714286,11.444418,14.827286,13.161344,red
F027-076,F027,test,Batch 6,12,no,floor,no,dry,42,2024-11-28,12,0,1,0,0,42,72.47714285714285,81.58,27.456428571428567,10.171545,13.495429,11.153127,green
F027-077,F027,test,Batch 7,15,no,floor,no,dry,107,2025-08-26,15,0,1,0,0,107,82.97428571428573,88.91,26.115000000000002,10.871749,15.594857,13.658515,red
F027-078,F027,test,Batch 8,7,no,floor,yes,dry,0,2025-08-01,7,0,1,1,0,0,81.2192857142857,85.66,25.12285714285714,13.443479,15.243857,13.443479,red
F027-079,F027,test,Batch 9,2,no,raised,yes,damp,3,2025-05-11,2,0,0,1,2,3,79.49928571428573,87.53,27.308571428571433,13.746456,13.899857,13.750243,red
F027-080,F027,test,Batch 10,17,no,raised,no,dry,65,2024-12-12,17,0,0,0,0,65,70.02642857142857,77.15,28.074285714285715,11.484128,12.005286,11.702088,green
F028-001,F028,train,Batch 1,14,yes,raised,yes,damp,82,2025-02-06,14,1,0,1,2,82,77.49857142857142,85.86,27.85928571428571,12.500359,13.499714,12.995109,amber
F028-002,F028,train,Batch 2,7,no,raised,yes,unsure,46,2025-06-20,7,0,0,1,1,46,80.63071428571428,85.31,25.315,11.375758,14.126143,12.25152,amber
F028-003,F028,train,Batch 3,18,yes,floor,yes,unsure,150,2025-07-23,18,1,1,1,1,150,79.66357142857143,85.68,26.12285714285714,12.396886,14.932714,14.206187,red
F028-004,F028,train,Batch 4,7,no,floor,no,damp,81,2025-05-28,7,0,1,0,2,81,83.31285714285715,87.52,24.79928571428572,12.447832,15.662571,14.025766,red
F028-005,F028,train,Batch 5,11,no,raised,no,dry,105,2024-09-23,11,0,0,0,0,105,73.575,81.58,27.358571428571427,8.350658,12.715,10.895672,green
F028-006,F028,train,Batch 6,16,yes,raised,no,damp,70,2025-10-18,16,1,0,0,2,70,77.29785714285713,84.53,26.512142857142855,13.720205,13.459571,13.605014,red
F028-007,F028,train,Batch 7,18,no,floor,no,damp,73,2024-12-20,18,0,1,0,2,73,69.66214285714285,78.51,28.240000000000002,11.959398,12.932429,12.40285,amber
F028-008,F028,train,Batch 8,9,no,floor,yes,damp,118,2025-01-21,9,0,1,1,2,118,80.79214285714284,87.53,27.043571428571425,11.416004,15.158429,13.758529,red
F028-009,F028,train,Batch 9,12,no,floor,no,dry,38,2025-01-10,12,0,1,0,0,38,69.72714285714285,77.15,28.16571428571429,10.749469,12.945429,11.34551,green
F028-010,F028,train,Batch 10,6,no,floor,no,dry,18,2025-04-20,6,0,1,0,0,18,79.41857142857144,85.86,27.283571428571427,12.230151,14.883714,12.599771,amber
F028-011,F028,train,Batch 1,15,yes,raised,no,damp,75,2025-04-08,15,1,0,0,2,75,86.71142857142857,90.66,25.57785714285714,12.581302,15.342286,13.864437,red
F028-012,F028,train,Batch 2,9,no,raised,yes,unsure,125,2025-04-17,9,0,0,1,1,125,82.54214285714285,87.52,24.740000000000002,10.927693,14.508429,13.244908,red
F028-013,F028,train,Batch 3,16,no,raised,no,unsure,176,2024-08-25,16,0,0,0,1,176,69.72714285714285,77.15,28.16571428571429,13.088263,11.945429,12.209073,amber
F028-014,F028,train,Batch 4,8,no,floor,yes,damp,72,2025-09-23,8,0,1,1,2,72,81.07714285714287,88.91,26.435714285714283,11.440989,15.215429,13.143972,red
F028-015,F028,train,Batch 5,12,no,raised,no,damp,9,2025-05-31,12,0,0,0,2,9,83.63857142857141,88.69,26.22785714285714,9.386041,14.727714,9.772012,green
F028-016,F028,train,Batch 6,13,no,floor,no,damp,134,2024-12-13,13,0,1,0,2,134,76.11357142857142,85.7,28.143571428571427,9.710627,14.222714,12.745596,amber
F028-017,F028,train,Batch 7,9,no,raised,yes,unsure,30,2025-07-18,9,0,0,1,1,30,83.31285714285715,87.52,24.79928571428572,10.395384,14.662571,11.339283,green
F028-018,F028,train,Batch 8,14,no,floor,no,dry,4,2025-03-12,14,0,1,0,0,4,74.99642857142858,78.24,28.19857142857143,10.162867,13.999286,10.28864,green
F028-019,F028,train,Batch 9,13,no,raised,no,damp,109,2024-12-20,13,0,0,0,2,109,75.32857142857142,81.64,28.277142857142852,10.595357,13.065714,12.069677,amber
F028-020,F028,train,Batch 10,7,no,raised,no,unsure,37,2025-04-04,7,0,0,0,1,37,78.65214285714286,84.02,27.396428571428576,10.935404,13.730429,11.677007,green
F028-021,F028,train,Batch 1,14,no,raised,no,dry,39,2025-01-25,14,0,0,0,0,39,70.12214285714286,78.51,28.145714285714288,10.206932,12.024429,10.711238,green
F028-022,F028,train,Batch 2,13,no,raised,yes,damp,176,2024-12-06,13,0,0,1,2,176,83.37642857142858,89.67,26.362142857142857,10.175436,14.675286,13.637201,red
F028-023,F028,train,Batch 3,15,no,raised,no,dry,128,2024-10-27,15,0,0,0,0,128,70.14928571428571,78.51,28.16142857142857,10.839837,12.029857,11.620307,green
F028-024,F028,train,Batch 4,22,no,raised,no,damp,178,2024-07-09,22,0,0,0,2,178,75.87571428571428,81.58,27.164285714285718,10.45798,13.175143,12.558673,amber
F028-025,F028,train,Batch 5,9,no,raised,no,damp,101,2025-01-04,9,0,0,0,2,101,73.90571428571427,77.92,28.40928571428572,11.641855,12.781143,12.29012,amber
F028-026,F028,train,Batch 6,8,no,floor,no,unsure,21,2024-12-18,8,0,1,0,1,21,72.85499999999999,81.58,27.45285714285714,11.788854,13.571,12.074965,amber
F028-027,F028,train,Batch 7,11,no,raised,no,dry,74,2025-01-01,11,0,0,0,0,74,74.99642857142858,78.24,28.19857142857143,9.821938,12.999286,11.284342,green
F028-028,F028,train,Batch 8,13,no,floor,no,dry,46,2025-02-01,13,0,1,0,0,46,74.49142857142859,78.24,28.226428571428578,9.90687,13.898286,11.177794,green
F028-029,F028,train,Batch 9,20,no,floor,no,unsure,131,2025-02-08,20,0,1,0,1,131,86.32285714285715,90.66,25.67285714285714,11.124959,16.264571,14.539426,red
F028-030,F028,train,Batch 10,13,no,floor,no,damp,121,2025-03-17,13,0,1,0,2,121,85.62071428571429,90.36,24.57571428571428,11.114953,16.124143,14.296657,red
F028-031,F028,train,Batch 1,9,no,raised,no,dry,39,2025-05-25,9,0,0,0,0,39,86.1857142857143,89.75,25.416428571428572,9.981526,15.237143,11.439816,green
F028-032,F028,train,Batch 2,17,no,raised,no,unsure,48,2025-01-23,17,0,0,0,1,48,72.135,77.97,28.569285714285716,10.861222,12.427,11.377428,green
F028-033,F028,train,Batch 3,15,yes,raised,no,damp,25,2025-07-30,15,1,0,0,2,25,81.38214285714285,84.22,24.82214285714286,12.355737,14.276429,12.716949,amber
F028-034,F028,train,Batch 4,15,no,raised,no,damp,31,2025-11-25,15,0,0,0,2,31,77.45285714285713,84.53,26.44928571428571,11.399345,13.490571,11.875438,green
F028-035,F028,train,Batch 5,21,no,raised,no,damp,68,2025-05-12,21,0,0,0,2,68,84.09,90.36,24.682857142857138,10.407987,14.818,12.315698,amber
F028-036,F028,train,Batch 6,8,no,raised,no,dry,111,2024-10-03,8,0,0,0,0,111,59.89357142857143,71.7,26.52571428571428,12.421516,9.978714,10.947362,green
F028-037,F028,train,Batch 7,9,no,raised,no,damp,69,2025-02-01,9,0,0,0,2,69,74.09642857142858,79.69,28.462857142857143,10.136972,12.819286,11.309935,green
F028-038,F028,train,Batch 8,7,yes,raised,yes,damp,72,2024-11-14,7,1,0,1,2,72,62.06642857142857,80.0,26.784999999999997,14.996114,10.413286,12.928395,amber
F028-039,F028,train,Batch 9,19,no,raised,no,dry,76,2024-12-19,19,0,0,0,0,76,70.12214285714286,78.51,28.145714285714288,10.369045,12.024429,11.145719,green
F028-040,F028,train,Batch 10,9,no,floor,no,unsure,35,2025-05-02,9,0,1,0,1,35,83.2942857142857,89.67,26.285,10.957667,15.658857,12.146986,amber
F028-041,F028,train,Batch 1,7,yes,floor,no,damp,154,2025-01-29,7,1,1,0,2,154,86.20571428571428,89.75,25.45,13.213486,16.241143,15.402143,red
F028-042,F028,train,Batch 2,9,no,raised,no,damp,175,2025-01-14,9,0,0,0,2,175,86.55785714285715,90.2,25.02071428571429,9.73606,15.311571,14.014576,red
F028-043,F028,train,Batch 3,11,no,raised,no,unsure,27,2025-04-22,11,0,0,0,1,27,80.79214285714284,87.53,27.043571428571425,9.218408,14.158429,10.213742,green
F028-044,F028,train,Batch 4,11,yes,raised,no,unsure,28,2025-03-07,11,1,0,0,1,28,74.67928571428571,81.64,28.17071428571429,11.880478,12.935857,12.100113,amber
F028-045,F028,train,Batch 5,9,yes,raised,no,damp,37,2025-04-30,9,1,0,0,2,37,83.2942857142857,89.67,26.285,11.838933,14.658857,12.587142,amber
F028-046,F028,train,Batch 6,11,yes,floor,no,unsure,142,2025-07-12,11,1,1,0,1,142,79.74857142857145,82.18,26.606428571428573,12.619,14.949714,14.235919,red
F028-047,F028,train,Batch 7,8,yes,floor,no,damp,54,2025-06-13,8,1,1,0,2,54,80.42999999999999,85.31,25.357142857142858,13.057706,15.086,13.792703,red
F028-048,F028,train,Batch 8,14,yes,raised,yes,dry,109,2024-11-20,14,1,0,1,0,109,69.14500000000001,77.34,28.454285714285714,11.762322,11.829,11.802116,green
F028-049,F028,train,Batch 9,8,yes,raised,yes,dry,129,2025-04-06,8,1,0,1,0,129,82.54142857142857,87.52,25.115,11.969357,14.508286,13.641755,red
F028-050,F028,train,Batch 10,5,no,raised,no,damp,23,2025-11-16,5,0,0,0,2,23,82.38214285714285,88.91,26.270000000000003,13.330626,14.476429,13.530475,red
F028-051,F028,train,Batch 1,21,no,raised,no,unsure,81,2025-01-29,21,0,0,0,1,81,74.66,79.17,28.26928571428571,11.338722,12.932,12.120772,amber
F028-052,F028,train,Batch 2,15,no,floor,no,dry,37,2025-11-02,15,0,1,0,0,37,82.38214285714285,88.91,26.270000000000003,10.044108,15.476429,11.485464,green
F028-053,F028,train,Batch 3,10,no,raised,yes,damp,72,2025-04-17,10,0,0,1,2,72,87.01642857142856,90.66,25.314285714285717,11.572689,15.403286,13.30101,red
F028-054,F028,train,Batch 4,12,no,raised,no,damp,88,2025-01-28,12,0,0,0,2,88,76.11357142857142,85.7,28.143571428571427,9.861307,13.222714,11.608213,green
F028-055,F028,train,Batch 5,7,no,raised,no,dry,0,2025-12-02,7,0,0,0,0,0,79.80071428571429,82.18,26.620714285714286,12.220365,13.960143,12.220365,amber
F028-056,F028,train,Batch 6,9,no,raised,no,dry,9,2025-08-06,9,0,0,0,0,9,82.63,87.52,25.035,9.77354,14.526,10.116937,green
F028-057,F028,train,Batch 7,8,no,raised,no,damp,120,2024-12-25,8,0,0,0,2,120,75.46785714285714,82.23,28.179285714285708,13.045378,13.093571,13.075842,red
F028-058,F028,train,Batch 8,10,no,raised,no,damp,118,2024-11-25,10,0,0,0,2,118,73.69285714285715,78.24,28.224285714285717,11.253842,12.738571,12.18319,amber
F028-059,F028,train,Batch 9,16,no,raised,no,dry,114,2024-12-25,16,0,0,0,0,114,74.38499999999999,78.56,28.30785714285715,9.396602,12.877,11.530987,green
F028-060,F028,train,Batch 10,9,no,raised,yes,damp,144,2024-11-21,9,0,0,1,2,144,73.76428571428572,77.92,28.446428571428577,12.252299,12.752857,12.602092,amber
F028-061,F028,train,Batch 1,5,yes,raised,yes,damp,89,2024-10-16,5,1,0,1,2,89,66.08428571428571,75.51,26.992142857142856,12.886177,11.216857,12.011986,amber
F028-062,F028,train,Batch 2,12,no,raised,no,damp,62,2025-04-01,12,0,0,0,2,62,83.63785714285714,89.67,26.459285714285716,10.614673,14.727571,12.274204,amber
F028-063,F028,train,Batch 3,19,no,floor,yes,unsure,95,2025-09-11,19,0,1,1,1,95,83.47500000000001,88.91,25.950714285714287,11.263895,15.695,13.687315,red
F028-064,F028,train,Batch 4,10,no,raised,no,unsure,40,2025-10-23,10,0,0,0,1,40,79.80071428571429,82.18,26.620714285714286,10.867308,13.960143,11.74403,green
F028-065,F028,train,Batch 5,10,no,raised,no,dry,10,2025-05-19,10,0,0,0,0,10,83.82428571428571,89.67,26.346428571428568,11.731126,14.764857,11.97369,green
F028-066,F028,train,Batch 6,15,no,raised,no,damp,88,2025-09-05,15,0,0,0,2,88,79.80071428571429,82.18,26.620714285714286,10.295799,13.960143,12.200139,amber
F028-067,F028,train,Batch 7,3,no,raised,no,damp,32,2025-06-25,3,0,0,0,2,32,81.5807142857143,85.66,24.857857142857142,14.450968,14.316143,14.41941,red
F028-068,F028,train,Batch 8,12,no,raised,yes,damp,4,2025-04-19,12,0,0,1,2,4,75.51857142857143,82.23,28.140714285714278,12.177597,13.103714,12.207958,amber
F028-069,F028,train,Batch 9,13,no,floor,no,dry,14,2024-12-22,13,0,1,0,0,14,74.23857142857142,81.58,27.345,9.594797,13.847714,10.063121,green
F028-070,F028,train,Batch 10,14,no,floor,no,damp,128,2024-12-23,14,0,1,0,2,128,77.68714285714285,85.86,27.78928571428571,12.631639,14.537429,13.881544,red
F028-071,F028,train,Batch 1,2,no,raised,no,damp,123,2024-10-11,2,0,0,0,2,123,70.35142857142857,78.23,27.863571428571426,13.888412,12.070286,12.722623,amber
F028-072,F028,train,Batch 2,9,yes,raised,yes,unsure,104,2024-12-24,9,1,0,1,1,104,75.32785714285714,81.64,28.215714285714284,12.882793,13.065571,12.988741,amber
F028-073,F028,train,Batch 3,5,no,floor,no,damp,141,2024-08-16,5,0,1,0,2,141,75.20214285714285,81.58,27.287857142857142,13.033154,14.040429,13.729363,red
F028-074,F028,train,Batch 4,4,no,floor,yes,damp,94,2025-02-02,4,0,1,1,2,94,78.90142857142858,85.86,27.353571428571428,14.318902,14.780286,14.569488,red
F028-075,F028,train,Batch 5,16,no,raised,no,dry,131,2024-10-06,16,0,0,0,0,131,70.8442857142857,78.23,27.91,11.43414,12.168857,11.922244,green
F028-076,F028,train,Batch 6,15,no,raised,yes,damp,143,2025-02-22,15,0,0,1,2,143,85.73071428571428,90.36,24.577857142857145,10.572858,15.146143,13.757169,red
F028-077,F028,train,Batch 7,12,no,floor,no,dry,24,2025-02-13,12,0,1,0,0,24,69.14500000000001,77.34,28.454285714285714,11.270445,12.829,11.552963,green
F028-078,F028,train,Batch 8,6,no,floor,no,dry,5,2025-11-30,6,0,1,0,0,5,81.12357142857142,88.91,26.405714285714286,11.753026,15.224714,11.894708,green
F028-079,F028,train,Batch 9,4,no,raised,yes,damp,37,2025-06-01,4,0,0,1,2,37,86.55785714285715,90.2,25.02071428571429,14.036386,15.311571,14.374731,red
F028-080,F028,train,Batch 10,6,no,raised,no,damp,101,2024-11-26,6,0,0,0,2,101,69.60785714285714,78.51,28.26928571428571,14.308499,11.921571,12.950317,amber
F029-001,F029,validation,Batch 1,14,no,floor,no,unsure,155,2024-09-05,14,0,1,0,1,155,69.6592857142857,78.23,27.688571428571425,10.803933,12.931857,12.347077,amber
F029-002,F029,validation,Batch 2,10,no,floor,no,damp,5,2025-05-12,10,0,1,0,2,5,80.43428571428569,87.53,27.237142857142857,12.14137,15.086857,12.261577,amber
F029-003,F029,validation,Batch 3,9,no,raised,no,unsure,89,2024-10-05,9,0,0,0,1,89,75.70357142857144,81.58,27.132857142857144,12.481408,13.140714,12.826674,amber
F029-004,F029,validation,Batch 4,10,no,raised,yes,damp,37,2025-04-09,10,0,0,1,2,37,80.00642857142854,87.53,27.298571428571428,12.765767,14.001286,13.093587,red
F029-005,F029,validation,Batch 5,10,no,raised,no,dry,172,2024-08-23,10,0,0,0,0,172,70.35142857142857,78.23,27.863571428571426,9.600903,12.070286,11.481307,green
F029-006,F029,validation,Batch 6,20,yes,floor,yes,damp,91,2025-09-07,20,1,1,1,2,91,81.2092857142857,88.91,26.431428571428572,12.501038,15.241857,13.95793,red
F029-007,F029,validation,Batch 7,10,yes,raised,yes,unsure,170,2025-01-19,10,1,0,1,1,170,86.55785714285715,90.2,25.02071428571429,13.236497,15.311571,14.808322,red
F029-008,F029,validation,Batch 8,2,no,floor,no,damp,17,2025-11-18,2,0,1,0,2,17,81.12357142857142,88.91,26.405714285714286,14.091678,15.224714,14.24134,red
F029-009,F029,validation,Batch 9,5,no,raised,yes,damp,113,2025-03-04,5,0,0,1,2,113,86.83357142857143,90.66,25.43857142857143,13.957651,15.366714,14.817211,red
F029-010,F029,validation,Batch 10,13,no,floor,yes,damp,63,2025-03-18,13,0,1,1,2,63,81.05857142857143,87.53,26.972142857142853,11.852478,15.211714,13.22454,red
F029-011,F029,validation,Batch 1,9,no,raised,yes,damp,161,2025-03-04,9,0,0,1,2,161,82.35928571428572,87.52,25.172857142857143,10.710449,14.471857,13.488589,red
F029-012,F029,validation,Batch 2,8,no,raised,yes,damp,21,2025-05-07,8,0,0,1,2,21,83.45642857142856,89.67,26.444999999999993,12.694937,14.691286,13.015437,red
F029-013,F029,validation,Batch 3,14,no,floor,no,dry,3,2025-05-14,14,0,1,0,0,3,80.43428571428569,87.53,27.237142857142857,11.734256,15.086857,11.817032,green
F029-014,F029,validation,Batch 4,17,no,raised,no,unsure,11,2025-01-28,17,0,0,0,1,11,69.68,78.23,27.772142857142853,12.747611,11.936,12.676521,amber
F029-015,F029,validation,Batch 5,13,no,raised,yes,damp,129,2025-01-31,13,0,0,1,2,129,83.63857142857141,88.69,26.22785714285714,12.629379,14.727714,14.011557,red
F029-016,F029,validation,Batch 6,4,no,raised,yes,damp,110,2025-03-05,4,0,0,1,2,110,86.86357142857142,90.66,25.509999999999998,14.535327,15.372714,15.037885,red
F029-017,F029,validation,Batch 7,11,no,floor,yes,damp,70,2025-06-21,11,0,1,1,2,70,79.12071428571427,83.94,25.159285714285716,12.275326,14.824143,13.401813,red
F029-018,F029,validation,Batch 8,8,no,raised,no,damp,111,2024-12-15,8,0,0,0,2,111,74.88714285714285,81.64,28.173571428571424,11.538831,12.977429,12.40698,amber
F029-019,F029,validation,Batch 9,8,no,floor,yes,damp,166,2024-11-22,8,0,1,1,2,166,78.90142857142858,85.86,27.353571428571428,11.650834,14.780286,13.995603,red
F029-020,F029,validation,Batch 10,11,no,raised,yes,damp,116,2025-04-16,11,0,0,1,2,116,81.61642857142859,87.52,25.32571428571428,11.497672,14.323286,13.248567,red
F029-021,F029,validation,Batch 1,17,no,floor,no,damp,25,2025-03-16,17,0,1,0,2,25,73.99785714285713,79.69,28.497142857142855,12.891176,13.799571,13.062012,red
F029-022,F029,validation,Batch 2,14,no,raised,no,damp,148,2024-08-16,14,0,0,0,2,148,69.75357142857142,77.39,27.245714285714286,11.70171,11.950714,11.878174,green
F029-023,F029,validation,Batch 3,13,yes,floor,no,damp,26,2025-01-22,13,1,1,0,2,26,69.72714285714285,77.15,28.16571428571429,12.065831,12.945429,12.237178,amber
F029-024,F029,validation,Batch 4,6,no,raised,yes,damp,33,2025-07-24,6,0,0,1,2,33,80.93928571428572,83.94,24.810000000000002,13.151383,14.187857,13.40058,red
F029-025,F029,validation,Batch 5,10,no,raised,no,dry,72,2024-11-05,10,0,0,0,0,72,64.66071428571426,75.06,26.78357142857143,12.279785,10.932143,11.671745,green
F029-026,F029,validation,Batch 6,2,yes,floor,yes,damp,151,2025-03-30,2,1,1,1,2,151,80.03499999999998,83.94,24.977142857142855,16.809685,15.007,15.519192,red
F029-027,F029,validation,Batch 7,18,yes,raised,yes,dry,157,2025-02-01,18,1,0,1,0,157,86.55785714285715,90.2,25.02071428571429,13.142348,15.311571,14.725295,red
F029-028,F029,validation,Batch 8,9,no,raised,no,damp,69,2024-11-25,9,0,0,0,2,69,71.74285714285713,80.0,27.467142857142854,12.202254,12.348571,12.266238,amber
F029-029,F029,validation,Batch 9,18,no,floor,no,unsure,141,2024-09-05,18,0,1,0,1,141,60.544285714285714,80.0,26.613571428571426,12.359564,11.108857,11.495099,green
F029-030,F029,validation,Batch 10,7,no,raised,yes,damp,171,2025-02-05,7,0,0,1,2,171,81.87142857142858,85.66,24.78214285714285,13.283979,14.374286,14.112058,red
F029-031,F029,validation,Batch 1,3,no,raised,yes,damp,86,2024-12-13,3,0,0,1,2,86,69.14500000000001,77.34,28.454285714285714,14.942827,11.829,13.349723,red
F029-032,F029,validation,Batch 2,18,no,raised,no,damp,110,2024-12-08,18,0,0,0,2,110,73.63142857142857,81.64,28.07000000000001,10.790456,12.726286,11.952245,green
F029-033,F029,validation,Batch 3,13,yes,raised,no,damp,56,2024-11-26,13,1,0,0,2,56,60.18857142857142,71.7,26.484999999999996,13.370715,10.037714,12.127803,amber
F029-034,F029,validation,Batch 4,17,no,raised,no,dry,67,2024-11-07,17,0,0,0,0,67,66.08428571428571,75.51,26.992142857142856,10.890335,11.216857,11.030034,green
F029-035,F029,validation,Batch 5,19,no,floor,no,damp,34,2025-06-12,19,0,1,0,2,34,85.62071428571429,90.36,24.57571428571428,11.588718,16.124143,12.70775,amber
F029-036,F029,validation,Batch 6,7,no,floor,no,unsure,119,2024-11-06,7,0,1,0,1,119,70.12214285714286,78.51,28.145714285714288,11.844412,13.024429,12.586692,amber
F029-037,F029,validation,Batch 7,7,no,raised,no,dry,85,2025-05-13,7,0,0,0,0,85,80.42999999999999,85.31,25.357142857142858,13.937658,14.086,14.012947,red
F029-038,F029,validation,Batch 8,14,no,floor,no,dry,26,2025-06-21,14,0,1,0,0,26,85.29857142857144,90.36,24.544999999999995,10.96103,16.059714,11.954262,green
F029-039,F029,validation,Batch 9,8,no,floor,yes,damp,92,2025-04-18,8,0,1,1,2,92,84.09,90.36,24.682857142857138,13.419125,15.818,14.703581,red
F029-040,F029,validation,Batch 10,8,no,raised,no,damp,179,2025-02-27,8,0,0,0,2,179,80.9592857142857,84.22,24.856428571428577,12.693102,14.191857,13.854641,red
F029-041,F029,validation,Batch 1,12,yes,raised,no,damp,138,2025-03-15,12,1,0,0,2,138,81.15499999999999,85.66,25.083571428571425,13.680148,14.231,14.05658,red
F029-042,F029,validation,Batch 2,10,no,floor,no,damp,74,2025-04-07,10,0,1,0,2,74,86.56071428571428,90.66,25.628571428571426,10.37223,16.312143,13.106131,red
F029-043,F029,validation,Batch 3,11,no,raised,no,dry,84,2024-11-08,11,0,0,0,0,84,68.05357142857142,80.0,27.29357142857143,11.216389,11.610714,11.414898,green
F029-044,F029,validation,Batch 4,13,yes,floor,no,damp,155,2025-02-12,13,1,1,0,2,155,85.29857142857144,90.36,24.544999999999995,13.401554,16.059714,15.329219,red
F029-045,F029,validation,Batch 5,2,no,floor,no,dry,80,2025-09-21,2,0,1,0,0,80,82.76428571428572,88.91,26.20214285714286,14.583149,15.552857,15.054992,red
F029-046,F029,validation,Batch 6,13,no,raised,no,damp,121,2024-12-01,13,0,0,0,2,121,73.75142857142859,81.64,28.114285714285717,11.337136,12.750286,12.234731,amber
F029-047,F029,validation,Batch 7,7,yes,floor,yes,damp,60,2024-12-07,7,1,1,1,2,60,70.09071428571428,80.0,27.528571428571432,14.708701,13.018143,14.043518,red
F029-048,F029,validation,Batch 8,3,no,raised,no,damp,149,2025-02-08,3,0,0,0,2,149,86.22142857142856,90.2,25.115000000000006,14.836474,15.244286,15.126468,red
F029-049,F029,validation,Batch 9,15,no,floor,no,damp,81,2025-05-30,15,0,1,0,2,81,82.92928571428571,87.52,24.719285714285714,11.065922,15.585857,13.284503,red
F029-050,F029,validation,Batch 10,2,yes,floor,no,damp,57,2024-11-09,2,1,1,0,2,57,74.23857142857142,81.58,27.345,18.532063,13.847714,16.760841,red
F029-051,F029,validation,Batch 1,13,yes,raised,yes,unsure,118,2025-08-10,13,1,0,1,1,118,81.18071428571429,88.91,26.410714285714285,12.967647,14.236143,13.761647,red
F029-052,F029,validation,Batch 2,14,no,raised,no,unsure,47,2025-02-15,14,0,0,0,1,47,74.41857142857143,81.64,28.122857142857146,12.32066,12.883714,12.503129,amber
F029-053,F029,validation,Batch 3,7,no,floor,yes,dry,71,2025-03-25,7,0,1,1,0,71,83.81857142857143,89.67,26.320714285714285,13.159965,15.763714,14.322789,red
F029-054,F029,validation,Batch 4,12,yes,floor,no,unsure,68,2025-05-19,12,1,1,0,1,68,81.87142857142858,85.66,24.78214285714285,13.232196,15.374286,14.158835,red
F029-055,F029,validation,Batch 5,9,yes,raised,yes,unsure,37,2025-02-05,9,1,0,1,1,37,73.81714285714285,78.24,28.365000000000002,13.990397,12.763429,13.664846,red
F029-056,F029,validation,Batch 6,2,yes,floor,yes,damp,120,2025-04-12,2,1,1,1,2,120,81.61642857142859,87.52,25.32571428571428,17.537066,15.323286,16.13769,red
F029-057,F029,validation,Batch 7,8,no,floor,yes,unsure,2,2025-02-05,8,0,1,1,1,2,69.6592857142857,78.23,27.688571428571425,13.534678,12.931857,13.524714,red
F029-058,F029,validation,Batch 8,0,no,floor,no,damp,41,2025-04-09,0,0,1,0,2,41,81.05857142857143,87.53,26.972142857142853,15.423497,15.211714,15.362204,red
F029-059,F029,validation,Batch 9,12,no,raised,yes,dry,124,2025-02-05,12,0,0,1,0,124,83.63857142857141,88.69,26.22785714285714,12.73866,14.727714,14.019971,red
F029-060,F029,validation,Batch 10,9,no,floor,yes,damp,107,2025-03-27,9,0,1,1,2,107,86.38214285714287,90.36,24.812857142857144,12.190319,16.276429,14.601239,red
F029-061,F029,validation,Batch 1,18,yes,raised,no,damp,4,2025-03-14,18,1,0,0,2,4,74.94785714285715,78.24,28.134285714285717,13.507311,12.989571,13.490337,red
F029-062,F029,validation,Batch 2,9,no,raised,no,unsure,79,2025-01-11,9,0,0,0,1,79,73.74642857142858,81.64,28.010714285714283,11.89751,12.749286,12.30831,amber
F029-063,F029,validation,Batch 3,6,no,raised,no,damp,176,2025-02-04,6,0,0,0,2,176,81.2042857142857,85.66,25.041428571428575,13.64438,14.240857,14.103254,red
F029-064,F029,validation,Batch 4,13,no,raised,no,dry,72,2025-01-07,13,0,0,0,0,72,74.57857142857142,78.24,28.18071428571429,10.80236,12.915714,11.755881,green
F029-065,F029,validation,Batch 5,12,no,floor,no,dry,29,2025-03-02,12,0,1,0,0,29,73.74642857142858,81.64,28.010714285714283,10.140218,13.749286,10.91502,green
F029-066,F029,validation,Batch 6,10,no,raised,no,damp,10,2025-06-12,10,0,0,0,2,10,86.71142857142857,90.66,25.57785714285714,12.105241,15.342286,12.364061,amber
F029-067,F029,validation,Batch 7,0,no,raised,yes,unsure,165,2024-07-29,0,0,0,1,1,165,71.40142857142855,77.39,27.400714285714287,16.076829,12.280286,13.240202,red
F029-068,F029,validation,Batch 8,16,no,raised,no,unsure,160,2024-08-23,16,0,0,0,1,160,66.90071428571429,80.0,27.23142857142857,11.56147,11.380143,11.42794,green
F029-069,F029,validation,Batch 9,16,no,floor,yes,damp,97,2025-08-30,16,0,1,1,2,97,81.12357142857142,88.91,26.405714285714286,10.809338,15.224714,13.257222,red
F029-070,F029,validation,Batch 10,10,no,floor,yes,damp,1,2025-01-16,10,0,1,1,2,1,63.43285714285713,71.7,26.69785714285715,12.584142,11.686571,12.576693,amber
F029-071,F029,validation,Batch 1,7,no,raised,yes,damp,139,2024-11-21,7,0,0,1,2,139,74.51214285714285,79.69,28.40285714285714,12.509049,12.902429,12.778904,amber
F029-072,F029,validation,Batch 2,5,no,raised,no,unsure,61,2025-06-24,5,0,0,0,1,61,81.38214285714285,84.22,24.82214285714286,13.220513,14.276429,13.641298,red
F029-073,F029,validation,Batch 3,10,yes,raised,yes,damp,29,2024-12-03,10,1,0,1,2,29,76.62857142857142,81.58,26.99285714285714,12.992964,13.325714,13.064399,red
F029-074,F029,validation,Batch 4,8,no,raised,no,dry,122,2024-09-24,8,0,0,0,0,122,60.544285714285714,80.0,26.613571428571426,12.796239,10.108857,11.081149,green
F029-075,F029,validation,Batch 5,4,no,floor,no,dry,146,2024-09-09,4,0,1,0,0,146,71.74285714285713,80.0,27.467142857142854,13.127635,13.348571,13.283127,red
F029-076,F029,validation,Batch 6,23,no,floor,yes,damp,59,2025-06-24,23,0,1,1,2,59,81.94500000000001,84.22,24.768571428571427,12.252995,15.389,13.471,red
F029-077,F029,validation,Batch 7,9,yes,raised,no,damp,160,2025-01-27,9,1,0,0,2,160,86.22642857142857,90.2,25.14428571428572,13.199784,15.245286,14.706097,red
F029-078,F029,validation,Batch 8,13,no,raised,no,dry,85,2024-10-12,13,0,0,0,0,85,74.23857142857142,81.58,27.345,10.974946,12.847714,11.925443,green
F029-079,F029,validation,Batch 9,0,yes,raised,no,damp,117,2025-01-25,0,1,0,0,2,117,81.90714285714286,87.53,26.756428571428568,18.333585,14.381429,15.872152,red
F029-080,F029,validation,Batch 10,17,no,raised,no,unsure,17,2025-03-16,17,0,0,0,1,17,73.98642857142856,81.64,28.128571428571426,11.884014,12.797286,12.004648,amber
F030-001,F030,train,Batch 1,8,no,raised,yes,damp,160,2025-07-08,8,0,0,1,2,160,83.47500000000001,88.91,25.950714285714287,12.424311,14.695,14.096453,red
F030-002,F030,train,Batch 2,9,no,floor,no,dry,65,2025-03-17,9,0,1,0,0,65,81.66928571428572,87.53,26.825,12.047961,15.333857,13.422196,red
F030-003,F030,train,Batch 3,9,yes,floor,no,damp,16,2025-03-25,9,1,1,0,2,16,73.99785714285713,79.69,28.497142857142855,12.853317,13.799571,12.971434,amber
F030-004,F030,train,Batch 4,11,no,raised,no,damp,92,2025-02-16,11,0,0,0,2,92,80.79214285714284,87.53,27.043571428571425,10.904661,14.158429,12.646862,amber
F030-005,F030,train,Batch 5,2,yes,raised,no,damp,116,2024-10-28,2,1,0,0,2,116,72.98214285714285,77.15,28.216428571428573,16.361768,12.596429,14.028571,red
F030-006,F030,train,Batch 6,20,no,raised,no,damp,172,2024-10-08,20,0,0,0,2,172,73.40714285714284,81.64,28.105000000000008,11.256811,12.681429,12.341639,amber
F030-007,F030,train,Batch 7,7,no,raised,no,unsure,3,2025-01-20,7,0,0,0,1,3,60.48642857142857,80.0,26.486428571428572,12.074889,10.097286,12.026062,amber
F030-008,F030,train,Batch 8,16,no,raised,no,dry,111,2024-09-22,16,0,0,0,0,111,69.75357142857142,77.39,27.245714285714286,11.104441,11.950714,11.61514,green
F030-009,F030,train,Batch 9,5,no,floor,no,damp,42,2025-02-09,5,0,1,0,2,42,73.69285714285715,78.24,28.224285714285717,12.8408,13.738571,13.105923,red
F030-010,F030,train,Batch 10,14,no,floor,no,dry,47,2024-12-31,14,0,1,0,0,47,69.64214285714284,77.15,28.177142857142858,10.029338,12.928429,10.968848,green
F030-011,F030,train,Batch 1,16,no,floor,yes,damp,85,2025-09-09,16,0,1,1,2,85,80.43714285714286,88.55,26.535714285714285,11.355907,15.087429,13.249787,red
F030-012,F030,train,Batch 2,2,no,floor,yes,unsure,110,2025-03-13,2,0,1,1,1,110,86.74642857142855,90.66,25.40357142857143,14.657825,16.349286,15.672956,red
F030-013,F030,train,Batch 3,13,no,raised,no,dry,52,2025-03-21,13,0,0,0,0,52,79.13642857142858,84.02,27.32214285714286,10.254425,13.827286,11.510841,green
F030-014,F030,train,Batch 4,10,no,raised,no,dry,142,2024-12-05,10,0,0,0,0,142,76.11357142857142,85.7,28.143571428571427,9.115295,13.222714,11.964792,green
F030-015,F030,train,Batch 5,15,no,raised,yes,damp,179,2025-02-12,15,0,0,1,2,179,81.61642857142859,87.52,25.32571428571428,11.7399,14.323286,13.742031,red
F030-016,F030,train,Batch 6,13,no,floor,no,damp,80,2025-04-19,13,0,1,0,2,80,86.55785714285715,90.2,25.02071428571429,9.960512,16.311571,13.050829,red
F030-017,F030,train,Batch 7,12,yes,raised,no,damp,66,2025-04-22,12,1,0,0,2,66,87.11214285714286,90.66,25.310714285714287,14.469036,15.422429,14.872369,red
F030-018,F030,train,Batch 8,9,no,raised,no,dry,140,2024-09-21,9,0,0,0,0,140,69.68,78.23,27.772142857142853,12.102072,11.936,11.987715,green
F030-019,F030,train,Batch 9,17,no,raised,no,damp,34,2025-11-21,17,0,0,0,2,34,77.88071428571429,84.53,26.353571428571428,11.817466,13.576143,12.251386,amber
F030-020,F030,train,Batch 10,1,no,raised,no,dry,111,2025-02-15,1,0,0,0,0,111,83.2942857142857,89.67,26.285,15.056439,14.658857,14.816511,red
F030-021,F030,train,Batch 1,10,no,floor,no,dry,50,2025-06-21,10,0,1,0,0,50,81.61642857142859,87.52,25.32571428571428,10.833945,15.323286,12.36373,amber
F030-022,F030,train,Batch 2,6,no,raised,no,damp,99,2025-03-18,6,0,0,0,2,99,86.83357142857143,90.66,25.43857142857143,13.059242,15.366714,14.355499,red
F030-023,F030,train,Batch 3,8,no,raised,yes,damp,161,2025-02-22,8,0,0,1,2,161,81.0392857142857,85.66,25.20285714285714,12.42983,14.207857,13.743064,red
F030-024,F030,train,Batch 4,13,no,raised,no,unsure,88,2024-12-20,13,0,0,0,1,88,74.94785714285715,78.24,28.134285714285717,10.294915,12.989571,11.695314,green
F030-025,F030,train,Batch 5,11,no,raised,no,damp,111,2025-01-22,11,0,0,0,2,111,79.53785714285716,87.53,27.275000000000002,10.040537,13.907571,12.374171,amber
F030-026,F030,train,Batch 6,9,no,raised,no,dry,6,2025-12-18,9,0,0,0,0,6,78.56142857142858,84.53,26.22714285714286,11.944496,13.712286,12.030712,amber
F030-027,F030,train,Batch 7,17,no,floor,yes,damp,94,2025-09-20,17,0,1,1,2,94,78.93857142857144,84.53,26.16785714285714,10.988536,14.787714,13.051944,red
F030-028,F030,train,Batch 8,20,no,raised,no,dry,54,2024-11-14,20,0,0,0,0,54,73.03285714285713,81.58,27.448571428571427,9.893137,12.606571,10.876409,green
F030-029,F030,train,Batch 9,5,no,raised,no,unsure,159,2024-10-13,5,0,0,0,1,159,74.48857142857143,78.24,28.12714285714286,12.636326,12.897714,12.828237,amber
F030-030,F030,train,Batch 10,16,no,raised,no,damp,136,2025-08-03,16,0,0,0,2,136,81.22214285714287,88.91,25.97857142857143,10.876562,14.244429,13.160116,red
F030-031,F030,train,Batch 1,7,yes,floor,yes,damp,75,2025-05-15,7,1,1,1,2,75,81.26071428571427,85.66,25.032142857142862,12.242614,15.252143,13.641258,red
F030-032,F030,train,Batch 2,11,no,raised,no,damp,66,2025-05-16,11,0,0,0,2,66,83.61785714285715,90.36,24.720714285714283,11.344544,14.723571,12.774042,amber
F030-033,F030,train,Batch 3,11,yes,floor,no,damp,5,2025-11-29,11,1,1,0,2,5,81.07714285714287,88.91,26.435714285714283,12.338048,15.215429,12.455475,amber
F030-034,F030,train,Batch 4,2,no,floor,yes,unsure,158,2024-08-25,2,0,1,1,1,158,66.90071428571429,80.0,27.23142857142857,14.028893,12.380143,12.822053,amber
F030-035,F030,train,Batch 5,14,no,floor,yes,damp,131,2025-03-24,14,0,1,1,2,131,81.0392857142857,85.66,25.20285714285714,10.672223,15.207857,13.685442,red
F030-036,F030,train,Batch 6,18,no,raised,yes,dry,136,2025-01-14,18,0,0,1,0,136,83.83642857142857,89.67,26.28714285714286,10.868774,14.767286,13.512128,red
F030-037,F030,train,Batch 7,11,no,floor,yes,damp,141,2024-12-21,11,0,1,1,2,141,78.65214285714286,84.02,27.396428571428576,10.977472,14.730429,13.571444,red
F030-038,F030,train,Batch 8,10,no,floor,yes,damp,164,2024-07-22,10,0,1,1,2,164,75.70357142857144,81.58,27.132857142857144,12.526808,14.140714,13.72924,red
F030-039,F030,train,Batch 9,7,no,floor,no,damp,87,2025-06-04,7,0,1,0,2,87,79.12071428571427,83.94,25.159285714285716,11.395345,14.824143,13.163492,red
F030-040,F030,train,Batch 10,15,yes,floor,no,dry,24,2025-05-12,15,1,1,0,0,24,83.76857142857143,89.67,26.266428571428573,10.425727,15.753714,11.391527,green
F030-041,F030,train,Batch 1,10,no,raised,yes,unsure,154,2025-03-18,10,0,0,1,1,154,82.92928571428571,87.52,24.719285714285714,9.99702,14.585857,13.314235,red
F030-042,F030,train,Batch 2,15,no,raised,no,dry,68,2025-02-15,15,0,0,0,0,68,75.46785714285714,82.23,28.179285714285708,11.072278,13.093571,11.946662,green
F030-043,F030,train,Batch 3,6,yes,raised,no,unsure,161,2025-01-24,6,1,0,0,1,161,86.51714285714287,90.2,25.26357142857142,13.858886,15.303429,14.925811,red
F030-044,F030,train,Batch 4,7,no,raised,yes,damp,73,2025-03-25,7,0,0,1,2,73,83.2942857142857,89.67,26.285,12.002023,14.658857,13.212856,red
F030-045,F030,train,Batch 5,9,yes,raised,no,dry,1,2025-07-13,9,1,0,0,0,1,85.99071428571429,90.36,24.598571428571432,11.514183,15.198143,11.544755,green
F030-046,F030,train,Batch 6,12,no,raised,yes,damp,116,2025-05-04,12,0,0,1,2,116,80.03499999999998,83.94,24.977142857142855,11.718716,14.007,13.136654,red
F030-047,F030,train,Batch 7,7,no,floor,no,damp,18,2025-03-25,7,0,1,0,2,18,74.28428571428572,79.69,28.390000000000004,12.422548,13.856857,12.622336,amber
F030-048,F030,train,Batch 8,7,yes,floor,yes,dry,59,2024-12-09,7,1,1,1,0,59,69.12214285714286,78.23,27.645,13.463868,12.824429,13.215513,red
F030-049,F030,train,Batch 9,11,no,raised,yes,damp,113,2025-04-29,11,0,0,1,2,113,82.54214285714285,87.52,24.740000000000002,10.094384,14.508429,12.787051,amber
F030-050,F030,train,Batch 10,5,no,raised,yes,damp,108,2025-03-20,5,0,0,1,2,108,86.22642857142857,90.2,25.14428571428572,14.234272,15.245286,14.834238,red
F030-051,F030,train,Batch 1,7,yes,raised,yes,damp,180,2025-02-21,7,1,0,1,2,180,82.54214285714285,87.52,24.740000000000002,14.622985,14.508429,14.53399,red
F030-052,F030,train,Batch 2,13,no,raised,no,dry,28,2025-05-30,13,0,0,0,0,28,87.11214285714286,90.66,25.310714285714287,10.295129,15.422429,11.362173,green
F030-053,F030,train,Batch 3,9,no,raised,no,damp,149,2024-10-06,9,0,0,0,2,149,70.14928571428571,78.51,28.16142857142857,12.148291,12.029857,12.064073,amber
F030-054,F030,train,Batch 4,7,no,raised,no,dry,46,2024-12-28,7,0,0,0,0,46,70.62928571428571,78.23,27.86357142857143,11.934089,12.125857,11.995151,green
F030-055,F030,train,Batch 5,18,no,raised,yes,dry,45,2025-07-03,18,0,0,1,0,45,83.31285714285715,87.52,24.79928571428572,10.570456,14.662571,11.850104,green
F030-056,F030,train,Batch 6,19,no,floor,no,unsure,51,2025-02-08,19,0,1,0,1,51,73.74642857142858,81.64,28.010714285714283,10.550665,13.749286,11.658124,green
F030-057,F030,train,Batch 7,14,no,raised,no,dry,32,2025-06-22,14,0,0,0,0,32,82.66142857142857,85.66,24.782857142857143,9.01395,14.532286,10.305636,green
F030-058,F030,train,Batch 8,9,no,floor,no,dry,2,2025-06-21,9,0,1,0,0,2,86.86357142857142,90.66,25.509999999999998,11.412706,16.372714,11.494688,green
F030-059,F030,train,Batch 9,14,yes,floor,no,damp,165,2024-12-17,14,1,1,0,2,165,83.37642857142858,89.67,26.362142857142857,11.660414,15.675286,14.660167,red
F030-060,F030,train,Batch 10,6,no,raised,yes,damp,52,2025-05-03,6,0,0,1,2,52,86.75428571428571,90.66,25.47714285714286,13.140785,15.350857,13.917969,red
F030-061,F030,train,Batch 1,5,no,raised,yes,unsure,21,2025-07-05,5,0,0,1,1,21,81.87142857142858,85.66,24.78214285714285,14.041396,14.374286,14.094839,red
F030-062,F030,train,Batch 2,15,yes,raised,yes,damp,22,2025-05-02,15,1,0,1,2,22,83.17142857142858,89.67,26.565714285714282,13.387345,14.634286,13.596219,red
F030-063,F030,train,Batch 3,13,no,raised,no,unsure,72,2025-06-10,13,0,0,0,1,72,82.48,87.52,24.687857142857144,9.959197,14.496,12.00615,amber
F030-064,F030,train,Batch 4,7,no,raised,yes,damp,179,2025-03-01,7,0,0,1,2,179,80.61571428571428,83.94,24.84142857142857,12.152275,14.123143,13.679703,red
F030-065,F030,train,Batch 5,4,yes,floor,yes,dry,135,2025-07-31,4,1,1,1,0,135,83.23357142857144,88.91,26.002142857142854,15.309645,15.646714,15.537284,red
F030-066,F030,train,Batch 6,10,yes,floor,no,damp,76,2025-01-12,10,1,1,0,2,76,73.40714285714284,81.64,28.105000000000008,12.128794,13.681429,12.85726,amber
F030-067,F030,train,Batch 7,4,no,raised,no,unsure,67,2025-01-19,4,0,0,0,1,67,73.88571428571429,81.64,28.015000000000004,13.275706,12.777143,13.062401,red
F030-068,F030,train,Batch 8,8,no,floor,yes,damp,110,2025-01-01,8,0,1,1,2,110,74.545,79.17,28.274285714285718,11.436162,13.909,12.920236,amber
F030-069,F030,train,Batch 9,14,no,floor,yes,damp,125,2024-11-21,14,0,1,1,2,125,73.82714285714287,81.64,28.066428571428577,11.394521,13.765429,12.928816,amber
F030-070,F030,train,Batch 10,7,no,raised,no,dry,65,2024-12-14,7,0,0,0,0,65,69.72714285714285,77.15,28.16571428571429,11.805901,11.945429,11.864254,green
F030-071,F030,train,Batch 1,10,no,floor,yes,dry,79,2025-04-09,10,0,1,1,0,79,87.11214285714286,90.66,25.310714285714287,11.635662,16.422429,13.944255,red
F030-072,F030,train,Batch 2,9,no,raised,no,damp,162,2024-09-15,9,0,0,0,2,162,72.81714285714285,78.51,28.025000000000002,10.673786,12.563429,12.073557,amber
F030-073,F030,train,Batch 3,12,no,raised,no,dry,77,2024-11-26,12,0,0,0,0,77,70.35142857142857,78.23,27.863571428571426,11.71065,12.070286,11.880968,green
F030-074,F030,train,Batch 4,12,yes,raised,yes,damp,22,2025-04-15,12,1,0,1,2,22,78.90142857142858,85.86,27.353571428571428,12.692234,13.780286,12.874492,amber
F030-075,F030,train,Batch 5,12,no,raised,no,dry,84,2024-10-18,12,0,0,0,0,84,71.40142857142855,77.39,27.400714285714287,10.901828,12.280286,11.595764,green
F030-076,F030,train,Batch 6,13,yes,raised,yes,dry,45,2025-07-16,13,1,0,1,0,45,79.12071428571427,83.94,25.159285714285716,12.884982,13.824143,13.178667,red
F030-077,F030,train,Batch 7,8,yes,raised,yes,unsure,168,2025-02-03,8,1,0,1,1,168,83.61785714285715,90.36,24.720714285714283,13.326055,14.723571,14.378948,red
F030-078,F030,train,Batch 8,6,yes,floor,no,damp,87,2025-04-24,6,1,1,0,2,87,83.89500000000001,90.36,24.712142857142855,14.772946,15.779,15.291743,red
F030-079,F030,train,Batch 9,12,no,raised,no,damp,155,2025-01-01,12,0,0,0,2,155,83.76857142857143,89.67,26.266428571428573,11.097828,14.753714,13.749031,red
F030-080,F030,train,Batch 10,6,no,raised,yes,damp,169,2025-01-26,6,0,0,1,2,169,85.99071428571429,90.36,24.598571428571432,12.631008,15.198143,14.570349,red
F031-001,F031,validation,Batch 1,16,no,raised,no,damp,74,2025-03-29,16,0,0,0,2,74,84.24571428571429,88.69,26.153571428571418,10.305751,14.849143,12.39689,amber
F031-002,F031,validation,Batch 2,11,yes,floor,no,unsure,68,2025-01-19,11,1,1,0,1,68,73.63142857142857,81.64,28.07000000000001,11.408152,13.726286,12.410945,amber
F031-003,F031,validation,Batch 3,9,no,floor,no,unsure,148,2024-09-17,9,0,1,0,1,148,70.62928571428571,78.23,27.86357142857143,10.707642,13.125857,12.421383,amber
F031-004,F031,validation,Batch 4,8,no,floor,no,damp,170,2025-03-14,8,0,1,0,2,170,78.31714285714284,83.94,25.267857142857142,10.490282,14.663429,13.651353,red
F031-005,F031,validation,Batch 5,8,no,raised,yes,damp,67,2025-05-23,8,0,0,1,2,67,81.26071428571427,85.66,25.032142857142862,11.712805,14.252143,12.799231,amber
F031-006,F031,validation,Batch 6,3,yes,floor,yes,damp,37,2025-05-19,3,1,1,1,2,37,86.83357142857143,90.66,25.43857142857143,16.166677,16.366714,16.219753,red
F031-007,F031,validation,Batch 7,11,no,raised,yes,damp,140,2025-02-13,11,0,0,1,2,140,86.1857142857143,89.75,25.416428571428572,10.136032,15.237143,13.648641,red
F031-008,F031,validation,Batch 8,13,no,raised,no,damp,65,2025-02-22,13,0,0,0,2,65,76.85357142857143,85.86,27.990000000000002,11.073829,13.370714,12.034437,amber
F031-009,F031,validation,Batch 9,4,no,raised,no,damp,27,2025-06-25,4,0,0,0,2,27,83.33714285714287,90.36,24.73,13.507997,14.667429,13.741604,red
F031-010,F031,validation,Batch 10,15,yes,raised,yes,unsure,77,2025-03-17,15,1,0,1,1,77,83.63785714285714,89.67,26.459285714285716,12.933136,14.727571,13.782955,red
F031-011,F031,validation,Batch 1,11,no,raised,no,damp,87,2025-02-26,11,0,0,0,2,87,83.17142857142858,89.67,26.565714285714282,10.951958,14.634286,12.850844,amber
F031-012,F031,validation,Batch 2,13,no,raised,no,dry,96,2024-12-10,13,0,0,0,0,96,74.99642857142858,78.24,28.19857142857143,11.05911,12.999286,12.127509,amber
F031-013,F031,validation,Batch 3,18,no,raised,no,dry,29,2025-06-14,18,0,0,0,0,29,86.26642857142859,90.36,24.694285714285716,9.573776,15.253286,10.793065,green
F031-014,F031,validation,Batch 4,8,no,floor,no,dry,40,2024-12-31,8,0,1,0,0,40,69.97785714285715,78.23,27.793571428571422,11.292289,12.995571,11.775116,green
F031-015,F031,validation,Batch 5,10,no,floor,yes,damp,72,2025-10-16,10,0,1,1,2,72,77.29785714285713,84.53,26.512142857142855,10.183175,14.459571,12.112635,amber
F031-016,F031,validation,Batch 6,9,yes,raised,yes,damp,134,2025-03-23,9,1,0,1,2,134,80.98571428571428,85.66,25.265000000000004,13.766207,14.197143,14.056068,red
F031-017,F031,validation,Batch 7,12,no,raised,no,damp,154,2025-07-18,12,0,0,0,2,154,80.28499999999998,85.68,26.07571428571429,9.887548,14.057,12.901595,amber
F031-018,F031,validation,Batch 8,8,no,raised,no,damp,159,2024-10-04,8,0,0,0,2,159,72.135,77.97,28.569285714285716,10.880736,12.427,12.015998,amber
F031-019,F031,validation,Batch 9,0,no,raised,no,unsure,70,2025-03-17,0,0,0,0,1,70,83.72357142857142,89.67,26.41928571428571,16.702405,14.744714,15.837174,red
F031-020,F031,validation,Batch 10,11,no,raised,no,dry,91,2024-12-04,11,0,0,0,0,91,70.12214285714286,78.51,28.145714285714288,10.090844,12.024429,11.118648,green
F031-021,F031,validation,Batch 1,20,no,raised,yes,dry,55,2025-05-29,20,0,0,1,0,55,82.88642857142858,85.73,24.794999999999998,10.388125,14.577286,11.928326,green
F031-022,F031,validation,Batch 2,17,no,raised,no,damp,104,2025-09-05,17,0,0,0,2,104,80.50214285714286,85.68,26.052142857142858,10.89268,14.100429,12.75205,amber
F031-023,F031,validation,Batch 3,19,no,raised,no,dry,2,2025-08-07,19,0,0,0,0,2,81.38214285714285,87.52,25.326428571428572,10.655867,14.276429,10.71571,green
F031-024,F031,validation,Batch 4,9,no,floor,no,unsure,20,2025-06-06,9,0,1,0,1,20,87.19285714285716,90.66,25.372142857142855,10.284825,16.438571,11.229538,green
F031-025,F031,validation,Batch 5,4,no,floor,yes,damp,74,2025-05-12,4,0,1,1,2,74,82.24642857142858,85.66,24.75714285714286,13.14498,15.449286,14.205558,red
F031-026,F031,validation,Batch 6,13,no,raised,no,unsure,106,2025-09-09,13,0,0,0,1,106,78.56142857142858,84.53,26.22714285714286,12.210715,13.712286,13.091533,red
F031-027,F031,validation,Batch 7,11,no,floor,yes,unsure,150,2025-01-23,11,0,1,1,1,150,86.71142857142857,90.66,25.57785714285714,11.356859,16.342286,14.913937,red
F031-028,F031,validation,Batch 8,11,no,raised,no,damp,86,2025-01-04,11,0,0,0,2,86,73.74642857142858,81.64,28.010714285714283,12.163924,12.749286,12.463408,amber
F031-029,F031,validation,Batch 9,4,no,raised,yes,damp,64,2025-04-03,4,0,0,1,2,64,83.2942857142857,89.67,26.285,14.047895,14.658857,14.300439,red
F031-030,F031,validation,Batch 10,8,no,raised,no,unsure,15,2025-05-13,8,0,0,0,1,15,83.45642857142856,89.67,26.444999999999993,12.215221,14.691286,12.506166,amber
F031-031,F031,validation,Batch 1,17,no,raised,no,damp,33,2025-11-22,17,0,0,0,2,33,77.88071428571429,84.53,26.353571428571428,10.840268,13.576143,11.498049,green
F031-032,F031,validation,Batch 2,3,no,raised,yes,damp,10,2025-06-12,3,0,0,1,2,10,86.71142857142857,90.66,25.57785714285714,13.732307,15.342286,13.861034,red
F031-033,F031,validation,Batch 3,9,no,raised,no,damp,82,2025-09-15,9,0,0,0,2,82,81.18071428571429,88.91,26.410714285714285,10.837857,14.236143,12.520243,amber
F031-034,F031,validation,Batch 4,9,no,floor,no,damp,96,2025-01-16,9,0,1,0,2,96,74.66,79.17,28.250714285714285,10.699165,13.932,12.479394,amber
F031-035,F031,validation,Batch 5,9,no,floor,no,damp,104,2024-10-30,9,0,1,0,2,104,70.35142857142857,78.23,27.863571428571426,10.694976,13.070286,12.071823,amber
F031-036,F031,validation,Batch 6,13,no,raised,no,damp,100,2025-01-30,13,0,0,0,2,100,79.43285714285715,85.86,27.235714285714288,10.497992,13.886571,12.413901,amber
F031-037,F031,validation,Batch 7,14,no,raised,no,damp,110,2024-10-24,14,0,0,0,2,110,70.35142857142857,78.23,27.863571428571426,12.112122,12.070286,12.087014,amber
F031-038,F031,validation,Batch 8,4,yes,raised,no,damp,66,2025-02-01,4,1,0,0,2,66,75.32857142857142,81.64,28.277142857142852,16.743439,13.065714,15.187577,red
F031-039,F031,validation,Batch 9,11,no,floor,yes,dry,38,2025-01-12,11,0,1,1,0,38,72.61214285714284,77.15,28.237857142857145,10.006815,13.522429,10.961046,green
F031-040,F031,validation,Batch 10,9,no,floor,no,damp,55,2025-02-28,9,0,1,0,2,55,75.46785714285714,82.23,28.179285714285708,11.905175,14.093571,12.709768,amber
F031-041,F031,validation,Batch 1,15,no,raised,no,damp,62,2025-05-09,15,0,0,0,2,62,86.46428571428571,90.36,24.877857142857145,11.363647,15.292857,12.949062,amber
F031-042,F031,validation,Batch 2,11,no,raised,no,damp,117,2025-01-14,11,0,0,0,2,117,78.65214285714286,84.02,27.396428571428576,10.998502,13.730429,12.699967,amber
F031-043,F031,validation,Batch 3,11,no,floor,yes,damp,167,2024-11-14,11,0,1,1,2,167,77.68714285714285,85.86,27.78928571428571,10.54783,14.537429,13.545373,red
F031-044,F031,validation,Batch 4,11,yes,raised,yes,damp,83,2025-01-18,11,1,0,1,2,83,74.09642857142858,79.69,28.462857142857143,12.304594,12.819286,12.561558,amber
F031-045,F031,validation,Batch 5,17,no,floor,no,damp,17,2025-06-29,17,0,1,0,2,17,85.62071428571429,90.36,24.57571428571428,11.693555,16.124143,12.278789,amber
F031-046,F031,validation,Batch 6,13,no,floor,yes,unsure,128,2025-03-08,13,0,1,1,1,128,85.99071428571429,90.36,24.598571428571432,10.169442,16.198143,14.123343,red
F031-047,F031,validation,Batch 7,13,no,raised,yes,damp,98,2025-02-17,13,0,0,1,2,98,83.72357142857142,89.67,26.41928571428571,11.718515,14.744714,13.40743,red
F031-048,F031,validation,Batch 8,6,no,raised,yes,damp,140,2025-02-08,6,0,0,1,2,140,87.01642857142856,90.66,25.314285714285717,13.36725,15.403286,14.769258,red
F031-049,F031,validation,Batch 9,13,no,floor,no,dry,40,2025-01-27,13,0,1,0,0,40,69.55714285714286,78.51,28.282142857142855,11.487319,12.911429,11.891009,green
F031-050,F031,validation,Batch 10,10,no,floor,no,dry,25,2025-07-23,10,0,1,0,0,25,83.31285714285715,87.52,24.79928571428572,10.81599,15.662571,11.727455,green
F031-051,F031,validation,Batch 1,11,no,floor,no,unsure,65,2025-05-09,11,0,1,0,1,65,86.26642857142859,90.36,24.694285714285716,10.451017,16.253286,12.877654,amber
F031-052,F031,validation,Batch 2,6,no,raised,no,damp,60,2025-05-29,6,0,0,0,2,60,81.43357142857143,85.66,24.945,12.034974,14.286714,12.920965,amber
F031-053,F031,validation,Batch 3,21,no,floor,no,unsure,65,2024-12-20,21,0,1,0,1,65,73.31285714285715,78.51,28.01857142857143,9.886284,13.662571,11.465611,green
F031-054,F031,validation,Batch 4,6,no,floor,no,damp,152,2025-07-28,6,0,1,0,2,152,77.29785714285713,84.53,26.512142857142855,12.006963,14.459571,13.768502,red
F031-055,F031,validation,Batch 5,7,no,raised,yes,damp,67,2025-01-05,7,0,0,1,2,67,72.97285714285715,78.24,28.48857142857143,12.497145,12.594571,12.538828,amber
F031-056,F031,validation,Batch 6,13,no,floor,no,damp,60,2025-10-02,13,0,1,0,2,60,79.74857142857145,82.18,26.606428571428573,10.050287,14.949714,11.978061,green
F031-057,F031,validation,Batch 7,4,yes,raised,yes,damp,94,2024-12-06,4,1,0,1,2,94,69.37785714285715,77.34,28.559285714285718,14.353432,11.875571,13.007658,red
F031-058,F031,validation,Batch 8,8,no,raised,no,damp,42,2025-02-14,8,0,0,0,2,42,73.63142857142857,81.64,28.07000000000001,10.644541,12.726286,11.259305,green
F031-059,F031,validation,Batch 9,1,no,raised,no,damp,23,2025-06-08,1,0,0,0,2,23,86.74642857142855,90.66,25.40357142857143,15.263162,15.349286,15.278184,red
F031-060,F031,validation,Batch 10,19,no,raised,no,dry,20,2025-01-30,19,0,0,0,0,20,72.61214285714284,77.15,28.237857142857145,10.211212,12.522429,10.566026,green
F031-061,F031,validation,Batch 1,11,yes,raised,yes,dry,51,2025-07-02,11,1,0,1,0,51,81.94500000000001,84.22,24.768571428571427,12.895939,14.389,13.412882,red
F031-062,F031,validation,Batch 2,9,no,raised,no,dry,94,2024-09-30,9,0,0,0,0,94,75.70357142857144,81.58,27.132857142857144,9.440401,13.140714,11.450113,green
F031-063,F031,validation,Batch 3,3,no,raised,yes,dry,70,2025-04-25,3,0,0,1,0,70,86.51714285714287,90.2,25.26357142857142,14.463611,15.303429,14.834781,red
F031-064,F031,validation,Batch 4,18,no,raised,no,dry,9,2025-04-20,18,0,0,0,0,9,77.49857142857142,85.86,27.85928571428571,9.839761,13.499714,10.104216,green
F031-065,F031,validation,Batch 5,14,no,raised,no,damp,88,2025-04-13,14,0,0,0,2,88,86.46428571428571,90.36,24.877857142857145,10.026261,15.292857,12.763283,amber
F031-066,F031,validation,Batch 6,13,no,raised,no,dry,44,2025-03-07,13,0,0,0,0,44,74.66,79.17,28.26928571428571,9.610978,12.932,10.630397,green
F031-067,F031,validation,Batch 7,10,no,raised,no,unsure,52,2025-06-27,10,0,0,0,1,52,83.05071428571429,87.52,24.74428571428572,10.096472,14.610143,11.68373,green
F031-068,F031,validation,Batch 8,10,no,raised,yes,damp,0,2025-05-15,10,0,0,1,2,0,79.61214285714286,87.53,27.315,10.392049,13.922429,10.392049,green
F031-069,F031,validation,Batch 9,13,yes,floor,yes,damp,58,2025-03-23,13,1,1,1,2,58,81.05857142857143,87.53,26.972142857142853,12.008938,15.211714,13.236485,red
F031-070,F031,validation,Batch 10,12,yes,floor,yes,damp,129,2025-01-11,12,1,1,1,2,129,81.05857142857143,87.53,26.972142857142853,11.675133,15.211714,14.004687,red
F031-071,F031,validation,Batch 1,15,no,raised,yes,damp,160,2025-02-19,15,0,0,1,2,160,81.26071428571427,85.66,25.032142857142862,10.922999,14.252143,13.37459,red
F031-072,F031,validation,Batch 2,12,no,raised,no,damp,117,2024-12-24,12,0,0,0,2,117,74.66,79.17,28.26928571428571,10.929818,12.932,12.176792,amber
F031-073,F031,validation,Batch 3,8,no,raised,yes,damp,121,2025-03-27,8,0,0,1,2,121,81.87142857142858,85.66,24.78214285714285,12.001925,14.374286,13.508786,red
F031-074,F031,validation,Batch 4,11,no,floor,yes,unsure,75,2025-04-14,11,0,1,1,1,75,87.01642857142856,90.66,25.314285714285717,10.213365,16.403286,13.09006,red
F031-075,F031,validation,Batch 5,12,no,raised,no,dry,12,2025-07-05,12,0,0,0,0,12,85.29857142857144,90.36,24.544999999999995,10.818336,15.059714,11.221957,green
F031-076,F031,validation,Batch 6,11,no,floor,no,damp,140,2025-08-10,11,0,1,0,2,140,76.70642857142857,81.94,26.624285714285715,9.577862,14.341286,12.85794,amber
F031-077,F031,validation,Batch 7,16,no,floor,no,damp,145,2024-10-15,16,0,1,0,2,145,69.14500000000001,77.34,28.454285714285714,11.234982,12.829,12.352875,amber
F031-078,F031,validation,Batch 8,9,no,raised,no,dry,54,2025-01-20,9,0,0,0,0,54,74.35285714285715,78.24,28.287857142857142,11.940361,12.870571,12.277443,amber
F031-079,F031,validation,Batch 9,16,no,raised,no,dry,145,2024-11-10,16,0,0,0,0,145,74.67928571428571,81.64,28.17071428571429,9.392392,12.935857,11.877443,green
F031-080,F031,validation,Batch 10,0,yes,raised,yes,damp,130,2025-02-25,0,1,0,1,2,130,86.36357142857143,90.2,25.183571428571423,16.108158,15.272714,15.555483,red
F032-001,F032,train,Batch 1,9,no,raised,no,damp,72,2025-09-27,9,0,0,0,2,72,81.80071428571429,88.91,26.36357142857143,11.300231,14.360143,12.680828,amber
F032-002,F032,train,Batch 2,9,no,floor,no,damp,106,2024-10-13,9,0,1,0,2,106,65.07714285714287,80.0,27.072142857142858,12.091867,12.015429,12.047029,amber
F032-003,F032,train,Batch 3,10,no,floor,no,dry,110,2025-03-25,10,0,1,0,0,110,86.26642857142859,90.36,24.694285714285716,11.369528,16.253286,14.300517,red
F032-004,F032,train,Batch 4,17,yes,raised,no,dry,104,2024-10-25,17,1,0,0,0,104,69.12214285714286,78.23,27.645,11.765446,11.824429,11.799635,green
F032-005,F032,train,Batch 5,14,no,raised,no,damp,130,2024-08-27,14,0,0,0,2,130,75.20214285714285,81.58,27.287857142857142,11.347741,13.040429,12.467512,amber
F032-006,F032,train,Batch 6,14,no,raised,no,damp,140,2024-11-27,14,0,0,0,2,140,74.27428571428572,78.56,28.309285714285718,10.256944,12.854857,12.045859,amber
F032-007,F032,train,Batch 7,6,no,raised,no,damp,3,2025-01-21,6,0,0,0,2,3,60.544285714285714,80.0,26.613571428571426,12.096044,10.108857,12.04698,amber
F032-008,F032,train,Batch 8,19,no,raised,yes,unsure,61,2025-10-18,19,0,0,1,1,61,80.50214285714286,85.68,26.052142857142858,11.148599,14.100429,12.324911,amber
F032-009,F032,train,Batch 9,9,no,raised,no,damp,139,2025-08-09,9,0,0,0,2,139,77.45285714285713,84.53,26.44928571428571,12.015276,13.490571,13.027315,red
F032-010,F032,train,Batch 10,12,yes,floor,no,damp,107,2025-08-20,12,1,1,0,2,107,81.12357142857142,88.91,26.405714285714286,13.078152,15.224714,14.344684,red
F032-011,F032,train,Batch 1,4,no,raised,no,damp,81,2025-02-25,4,0,0,0,2,81,80.43428571428569,87.53,27.237142857142857,15.019163,14.086857,14.561547,red
F032-012,F032,train,Batch 2,12,no,floor,yes,damp,159,2025-01-08,12,0,1,1,2,159,85.54642857142858,88.69,25.76142857142857,11.780535,16.109286,14.958691,red
F032-013,F032,train,Batch 3,1,no,raised,yes,damp,88,2025-01-14,1,0,0,1,2,88,74.28428571428572,79.69,28.390000000000004,14.70646,12.856857,13.745231,red
F032-014,F032,train,Batch 4,11,no,floor,no,damp,0,2025-06-14,11,0,1,0,2,0,85.29999999999998,88.69,26.00357142857143,12.391162,16.06,12.391162,amber
F032-015,F032,train,Batch 5,11,no,floor,yes,damp,73,2025-04-01,11,0,1,1,2,73,84.74428571428571,88.69,26.12928571428571,9.667688,15.948857,12.530286,amber
F032-016,F032,train,Batch 6,10,no,raised,yes,unsure,139,2025-04-09,10,0,0,1,1,139,80.93928571428572,83.94,24.810000000000002,11.138086,14.187857,13.230201,red
F032-017,F032,train,Batch 7,11,yes,raised,yes,damp,142,2025-07-18,11,1,0,1,2,142,81.2092857142857,88.91,26.431428571428572,12.148149,14.241857,13.600646,red
F032-018,F032,train,Batch 8,8,no,raised,no,unsure,1,2025-04-01,8,0,0,0,1,1,73.98642857142856,81.64,28.128571428571426,12.512159,12.797286,12.514525,amber
F032-019,F032,train,Batch 9,10,no,raised,no,unsure,99,2024-10-15,10,0,0,0,1,99,59.89357142857143,71.7,26.52571428571428,12.363727,9.978714,11.02391,green
F032-020,F032,train,Batch 10,10,no,raised,yes,damp,147,2024-10-24,10,0,0,1,2,147,74.57857142857142,78.24,28.18071428571429,11.172241,12.915714,12.403556,amber
F032-021,F032,train,Batch 1,12,no,raised,yes,dry,168,2025-03-08,12,0,0,1,0,168,81.78142857142856,84.22,24.79785714285714,9.613906,14.356286,13.186829,red
F032-022,F032,train,Batch 2,6,no,raised,no,damp,75,2025-02-16,6,0,0,0,2,75,77.74571428571429,85.86,27.639285714285712,14.030726,13.549143,13.806916,red
F032-023,F032,train,Batch 3,10,no,raised,no,damp,119,2025-02-15,10,0,0,0,2,119,85.29999999999998,88.69,26.00357142857143,10.976161,15.06,13.545068,red
F032-024,F032,train,Batch 4,14,yes,floor,no,damp,113,2024-10-11,14,1,1,0,2,113,70.035,80.0,27.38071428571428,12.759531,13.007,12.910493,amber
F032-025,F032,train,Batch 5,8,no,floor,no,damp,54,2025-06-28,8,0,1,0,2,54,82.48,87.52,24.687857142857144,10.926559,15.496,12.582396,amber
F032-026,F032,train,Batch 6,16,yes,floor,no,damp,15,2025-11-28,16,1,1,0,2,15,83.23357142857144,88.91,26.002142857142854,13.688714,15.646714,13.918785,red
F032-027,F032,train,Batch 7,7,no,floor,no,damp,166,2024-12-20,7,0,1,0,2,166,83.81857142857143,89.67,26.320714285714285,12.828187,15.763714,15.027656,red
F032-028,F032,train,Batch 8,16,no,raised,no,dry,8,2025-12-10,16,0,0,0,0,8,80.50214285714286,85.68,26.052142857142858,11.35107,14.100429,11.528384,green
F032-029,F032,train,Batch 9,9,no,floor,no,damp,58,2025-04-23,9,0,1,0,2,58,86.56071428571428,90.66,25.628571428571426,11.39854,16.312143,13.281805,red
F032-030,F032,train,Batch 10,11,no,raised,no,unsure,2,2025-02-15,11,0,0,0,1,2,69.72714285714285,77.15,28.16571428571429,10.005856,11.945429,10.037914,green
F032-031,F032,train,Batch 1,15,no,raised,yes,dry,115,2024-12-03,15,0,0,1,0,115,73.63142857142857,81.64,28.07000000000001,12.426281,12.726286,12.611224,amber
F032-032,F032,train,Batch 2,10,yes,floor,no,damp,165,2024-11-05,10,1,1,0,2,165,74.75500000000001,79.17,28.256428571428575,12.164942,13.951,13.499414,red
F032-033,F032,train,Batch 3,13,no,raised,no,damp,64,2025-04-15,13,0,0,0,2,64,85.98428571428573,90.66,25.713571428571424,11.006173,15.196857,12.738408,amber
F032-034,F032,train,Batch 4,6,no,raised,yes,unsure,163,2025-03-17,6,0,0,1,1,163,80.61571428571428,83.94,24.84142857142857,13.073906,14.123143,13.853396,red
F032-035,F032,train,Batch 5,15,no,floor,no,damp,127,2025-08-24,15,0,1,0,2,127,76.38142857142859,81.58,26.70214285714286,10.009334,14.276286,12.79551,amber
F032-036,F032,train,Batch 6,6,no,floor,yes,damp,7,2025-07-27,6,0,1,1,2,7,80.76571428571428,85.66,25.272142857142853,13.656223,15.153143,13.741045,red
F032-037,F032,train,Batch 7,8,no,raised,yes,damp,62,2025-04-26,8,0,0,1,2,62,87.11214285714286,90.66,25.310714285714287,11.457377,15.422429,13.057253,red
F032-038,F032,train,Batch 8,11,no,raised,no,dry,7,2025-05-01,11,0,0,0,0,7,79.41857142857144,85.86,27.283571428571427,10.860856,13.883714,11.032145,green
F032-039,F032,train,Batch 9,15,no,floor,yes,damp,155,2024-10-21,15,0,1,1,2,155,73.55357142857144,78.24,28.14071428571429,10.94462,13.710714,12.950557,amber
F032-040,F032,train,Batch 10,15,no,floor,yes,dry,138,2025-01-19,15,0,1,1,0,138,83.2942857142857,89.67,26.285,12.026922,15.658857,14.508853,red
F032-041,F032,train,Batch 1,9,no,floor,no,damp,36,2024-12-05,9,0,1,0,2,36,71.40142857142855,77.39,27.400714285714287,12.180256,13.280286,12.465363,amber
F032-042,F032,train,Batch 2,12,no,raised,no,damp,121,2024-09-09,12,0,0,0,2,121,72.85499999999999,81.58,27.45285714285714,11.115379,12.571,12.039951,amber
F032-043,F032,train,Batch 3,2,no,floor,yes,damp,20,2025-02-22,2,0,1,1,2,20,73.81714285714285,78.24,28.365000000000002,15.309503,13.763429,15.072152,red
F032-044,F032,train,Batch 4,15,no,floor,no,damp,23,2025-11-15,15,0,1,0,2,23,81.80071428571429,88.91,26.36357142857143,11.864905,15.360143,12.474537,amber
F032-045,F032,train,Batch 5,5,yes,floor,yes,unsure,30,2025-06-02,5,1,1,1,1,30,86.20571428571428,89.75,25.45,15.302791,16.241143,15.510354,red
F032-046,F032,train,Batch 6,8,no,floor,no,damp,11,2025-03-22,8,0,1,0,2,11,73.98642857142856,81.64,28.128571428571426,12.586345,13.797286,12.692412,amber
F032-047,F032,train,Batch 7,8,no,raised,no,damp,172,2024-12-29,8,0,0,0,2,172,86.32285714285715,90.66,25.67285714285714,12.45557,15.264571,14.594589,red
F032-048,F032,train,Batch 8,9,no,raised,no,unsure,89,2025-01-23,9,0,0,0,1,89,74.66,79.17,28.250714285714285,11.19695,12.932,12.105562,amber
F032-049,F032,train,Batch 9,12,no,raised,no,damp,24,2025-07-06,12,0,0,0,2,24,81.2042857142857,85.66,25.041428571428575,11.977468,14.240857,12.387751,amber
F032-050,F032,train,Batch 10,12,no,floor,yes,dry,121,2024-10-13,12,0,1,1,0,121,70.35142857142857,78.23,27.863571428571426,10.372477,13.070286,12.086054,amber
F032-051,F032,train,Batch 1,11,no,raised,no,unsure,114,2024-09-27,11,0,0,0,1,114,60.872857142857136,71.7,26.470714285714283,9.875273,10.174571,10.058821,green
F032-052,F032,train,Batch 2,13,no,raised,no,dry,24,2025-04-10,13,0,0,0,0,24,78.09857142857143,85.86,27.517857142857142,11.170927,13.619714,11.614817,green
F032-053,F032,train,Batch 3,9,yes,floor,no,damp,47,2025-03-02,9,1,1,0,2,47,74.38499999999999,78.56,28.30785714285715,13.750418,13.877,13.79144,red
F032-054,F032,train,Batch 4,21,yes,raised,no,damp,179,2025-06-26,21,1,0,0,2,179,79.21000000000001,84.53,26.11428571428571,12.445173,13.842,13.527718,red
F032-055,F032,train,Batch 5,6,no,raised,yes,unsure,60,2025-10-27,6,0,0,1,1,60,77.45285714285713,84.53,26.44928571428571,12.87188,13.490571,13.115316,red
F032-056,F032,train,Batch 6,3,no,raised,yes,damp,78,2024-12-26,3,0,0,1,2,78,73.81714285714285,78.24,28.365000000000002,14.952271,12.763429,13.906104,red
F032-057,F032,train,Batch 7,14,no,raised,yes,dry,57,2025-10-30,14,0,0,1,0,57,77.45285714285713,84.53,26.44928571428571,9.30375,13.490571,10.88685,green
F032-058,F032,train,Batch 8,8,no,floor,yes,damp,140,2025-02-05,8,0,1,1,2,140,86.83357142857143,90.66,25.43857142857143,11.708182,16.366714,14.916032,red
F032-059,F032,train,Batch 9,12,yes,floor,no,unsure,168,2025-02-13,12,1,1,0,1,168,81.15499999999999,85.66,25.083571428571425,12.826511,15.231,14.63806,red
F032-060,F032,train,Batch 10,9,no,raised,no,dry,160,2024-08-30,9,0,0,0,0,160,69.12214285714286,78.23,27.645,12.220986,11.824429,11.92896,green
F032-061,F032,train,Batch 1,14,yes,floor,no,damp,49,2025-03-23,14,1,1,0,2,49,78.65214285714286,84.02,27.396428571428576,12.679493,14.730429,13.367055,red
F032-062,F032,train,Batch 2,10,no,floor,no,damp,153,2025-03-28,10,0,1,0,2,153,80.03499999999998,83.94,24.977142857142855,11.246251,15.007,13.95613,red
F032-063,F032,train,Batch 3,8,no,raised,no,dry,165,2024-08-08,8,0,0,0,0,165,60.44642857142857,71.7,26.49785714285714,12.073692,10.089286,10.591022,green
F032-064,F032,train,Batch 4,10,yes,floor,no,damp,158,2024-12-06,10,1,1,0,2,158,79.53785714285716,87.53,27.275000000000002,11.391347,14.907571,13.965127,red
F032-065,F032,train,Batch 5,8,no,floor,no,dry,1,2025-06-11,8,0,1,0,0,1,84.30071428571429,88.69,26.17071428571428,11.17425,15.860143,11.213137,green
F032-066,F032,train,Batch 6,4,no,raised,no,damp,147,2024-09-21,4,0,0,0,2,147,70.02642857142857,77.15,28.074285714285715,13.880323,12.005286,12.556092,amber
F032-067,F032,train,Batch 7,9,no,raised,no,dry,117,2024-09-16,9,0,0,0,0,117,69.75357142857142,77.39,27.245714285714286,11.504244,11.950714,11.782309,green
F032-068,F032,train,Batch 8,10,no,floor,no,unsure,168,2024-10-16,10,0,1,0,1,168,73.98642857142856,81.64,28.128571428571426,12.559606,13.797286,13.492078,red
F032-069,F032,train,Batch 9,9,yes,raised,no,dry,135,2024-10-24,9,1,0,0,0,135,69.55714285714286,78.51,28.282142857142855,11.822951,11.911429,11.882704,green
F032-070,F032,train,Batch 10,0,no,floor,yes,damp,55,2025-10-09,0,0,1,1,2,55,80.43714285714286,88.55,26.535714285714285,15.448087,15.087429,15.315486,red
F032-071,F032,train,Batch 1,15,no,raised,no,dry,78,2024-10-26,15,0,0,0,0,78,67.82428571428571,76.4,27.097857142857144,10.768979,11.564857,11.149372,green
F032-072,F032,train,Batch 2,6,yes,raised,yes,damp,136,2025-02-19,6,1,0,1,2,136,86.36357142857143,90.2,25.183571428571423,14.084542,15.272714,14.890173,red
F032-073,F032,train,Batch 3,12,no,floor,no,dry,84,2024-11-02,12,0,1,0,0,84,62.06642857142857,80.0,26.784999999999997,10.808595,11.413286,11.113005,green
F032-074,F032,train,Batch 4,9,no,raised,yes,unsure,120,2024-12-31,9,0,0,1,1,120,77.68714285714285,85.86,27.78928571428571,12.33294,13.537429,13.094322,red
F032-075,F032,train,Batch 5,14,no,raised,no,dry,13,2025-01-18,14,0,0,0,0,13,68.05357142857142,80.0,27.29357142857143,10.841626,11.610714,10.920589,green
F032-076,F032,train,Batch 6,10,no,raised,no,dry,143,2024-08-25,10,0,0,0,0,143,64.50571428571428,75.06,26.87357142857143,10.931793,10.901143,10.910452,green
F032-077,F032,train,Batch 7,17,no,raised,no,dry,9,2025-12-20,17,0,0,0,0,9,76.38142857142859,81.58,26.70214285714286,11.357855,13.276286,11.496474,green
F032-078,F032,train,Batch 8,15,no,raised,no,damp,2,2025-03-06,15,0,0,0,2,2,69.55714285714286,78.51,28.282142857142855,11.501148,11.911429,11.507929,green
F032-079,F032,train,Batch 9,5,no,floor,yes,damp,44,2025-03-26,5,0,1,1,2,44,80.06714285714285,85.86,27.197142857142858,14.497335,15.013429,14.655755,red
F032-080,F032,train,Batch 10,15,yes,raised,no,dry,90,2025-01-07,15,1,0,0,0,90,75.32785714285714,81.64,28.215714285714284,12.034595,13.065571,12.578573,amber
F033-001,F033,train,Batch 1,10,no,raised,no,dry,12,2025-03-07,10,0,0,0,0,12,74.49142857142859,78.24,28.226428571428578,10.755587,12.898286,10.959492,green
F033-002,F033,train,Batch 2,7,yes,floor,no,damp,15,2025-02-16,7,1,1,0,2,15,69.66214285714285,78.51,28.240000000000002,12.17231,12.932429,12.261626,amber
F033-003,F033,train,Batch 3,7,no,floor,yes,damp,64,2024-12-28,7,0,1,1,2,64,69.65928571428572,78.51,28.177142857142854,12.158129,12.931857,12.477952,amber
F033-004,F033,train,Batch 4,3,no,raised,no,damp,32,2025-11-07,3,0,0,0,2,32,82.38214285714285,88.91,26.270000000000003,14.299973,14.476429,14.341276,red
F033-005,F033,train,Batch 5,6,yes,raised,yes,damp,70,2025-10-10,6,1,0,1,2,70,80.28499999999998,85.68,26.07571428571429,15.261129,14.057,14.728947,red
F033-006,F033,train,Batch 6,7,no,floor,no,damp,155,2024-10-16,7,0,1,0,2,155,74.57857142857142,78.24,28.18071428571429,10.361626,13.915714,12.939007,amber
F033-007,F033,train,Batch 7,14,no,raised,no,dry,157,2024-09-01,14,0,0,0,0,157,70.09071428571428,80.0,27.528571428571432,10.611568,12.018143,11.637988,green
F033-008,F033,train,Batch 8,11,no,raised,no,dry,68,2024-12-04,11,0,0,0,0,68,70.24214285714285,78.23,27.80785714285714,11.002709,12.048429,11.455073,green
F033-009,F033,train,Batch 9,1,no,raised,no,damp,10,2025-05-05,1,0,0,0,2,10,79.61214285714286,87.53,27.315,13.496892,13.922429,13.530916,red
F033-010,F033,train,Batch 10,4,yes,raised,no,damp,70,2025-02-11,4,1,0,0,2,70,74.66,79.17,28.250714285714285,12.974159,12.932,12.955526,amber
F033-011,F033,train,Batch 1,12,no,raised,no,dry,163,2024-08-14,12,0,0,0,0,163,60.544285714285714,80.0,26.613571428571426,10.196381,10.108857,10.131359,green
F033-012,F033,train,Batch 2,13,no,raised,no,unsure,96,2025-09-13,13,0,0,0,1,96,80.50214285714286,85.68,26.052142857142858,9.873452,14.100429,12.201125,amber
F033-013,F033,train,Batch 3,5,no,raised,no,damp,59,2025-05-11,5,0,0,0,2,59,86.75142857142858,90.36,24.902857142857147,13.436895,15.350286,14.180044,red
F033-014,F033,train,Batch 4,4,no,raised,no,dry,23,2025-03-11,4,0,0,0,0,23,74.41857142857143,81.64,28.122857142857146,13.543375,12.883714,13.428319,red
F033-015,F033,train,Batch 5,10,no,floor,no,dry,91,2024-10-29,10,0,1,0,0,91,65.80071428571429,80.0,27.134285714285713,10.63103,12.160143,11.443835,green
F033-016,F033,train,Batch 6,1,no,raised,yes,damp,162,2024-10-26,1,0,0,1,2,162,75.43071428571427,81.64,28.13,15.747491,13.086143,13.776071,red
F033-017,F033,train,Batch 7,14,no,floor,no,damp,105,2024-11-27,14,0,1,0,2,105,72.135,77.97,28.569285714285716,10.30941,13.427,12.127395,amber
F033-018,F033,train,Batch 8,6,no,raised,yes,damp,134,2025-08-12,6,0,0,1,2,134,78.56142857142858,84.53,26.22714285714286,11.489046,13.712286,12.984466,amber
F033-019,F033,train,Batch 9,6,no,floor,yes,damp,89,2024-10-09,6,0,1,1,2,89,73.575,81.58,27.358571428571427,14.380249,13.715,14.031871,red
F033-020,F033,train,Batch 10,5,no,floor,yes,dry,140,2025-04-05,5,0,1,1,0,140,81.78142857142856,84.22,24.79785714285714,11.987901,15.356286,14.30736,red
F033-021,F033,train,Batch 1,12,yes,floor,yes,damp,138,2024-09-30,12,1,1,1,2,138,70.02642857142857,77.15,28.074285714285715,12.84883,13.005286,12.955746,amber
F033-022,F033,train,Batch 2,6,no,floor,yes,unsure,169,2024-08-26,6,0,1,1,1,169,70.35142857142857,78.23,27.863571428571426,13.134513,13.070286,13.085992,red
F033-023,F033,train,Batch 3,10,no,raised,no,damp,177,2024-10-08,10,0,0,0,2,177,74.41857142857143,81.64,28.122857142857146,11.153611,12.883714,12.487903,amber
F033-024,F033,train,Batch 4,17,no,raised,no,dry,43,2025-03-12,17,0,0,0,0,43,75.46785714285714,82.23,28.179285714285708,10.39043,13.093571,11.204508,green
F033-025,F033,train,Batch 5,19,no,raised,no,damp,38,2025-06-04,19,0,0,0,2,38,86.38214285714287,90.36,24.812857142857144,11.064658,15.276429,12.207843,amber
F033-026,F033,train,Batch 6,5,no,floor,no,damp,77,2024-10-25,5,0,1,0,2,77,71.40142857142855,77.39,27.400714285714287,13.343024,13.280286,13.313312,red
F033-027,F033,train,Batch 7,15,no,raised,yes,unsure,163,2024-10-13,15,0,0,1,1,163,73.55357142857144,78.24,28.14071428571429,10.110127,12.710714,12.042132,amber
F033-028,F033,train,Batch 8,8,no,raised,yes,unsure,134,2024-12-18,8,0,0,1,1,134,77.765,85.86,27.712142857142855,11.887545,13.553,13.007781,red
F033-029,F033,train,Batch 9,11,no,raised,no,dry,8,2025-01-20,11,0,0,0,0,8,65.80071428571429,80.0,27.134285714285713,10.333463,11.160143,10.386778,green
F033-030,F033,train,Batch 10,3,no,raised,no,dry,121,2024-10-01,3,0,0,0,0,121,66.90071428571429,80.0,27.23142857142857,13.002078,11.380143,11.971868,green
F033-031,F033,train,Batch 1,10,yes,raised,no,dry,13,2025-02-20,10,1,0,0,0,13,70.12214285714286,78.51,28.145714285714288,11.8579,12.024429,11.874998,green
F033-032,F033,train,Batch 2,12,no,floor,no,damp,130,2025-07-27,12,0,1,0,2,130,81.07714285714287,88.91,26.435714285714283,9.633731,15.215429,13.326217,red
F033-033,F033,train,Batch 3,3,no,raised,yes,damp,9,2025-07-26,3,0,0,1,2,9,80.98571428571428,85.66,25.265000000000004,14.13922,14.197143,14.143405,red
F033-034,F033,train,Batch 4,9,no,floor,no,damp,150,2024-11-23,9,0,1,0,2,150,74.66,79.17,28.250714285714285,9.617797,13.932,12.69596,amber
F033-035,F033,train,Batch 5,12,no,floor,no,dry,7,2025-08-16,12,0,1,0,0,7,81.78142857142856,84.22,24.79785714285714,10.306524,15.356286,10.592667,green
F033-036,F033,train,Batch 6,9,no,raised,no,damp,173,2025-01-13,9,0,0,0,2,173,86.36357142857143,90.2,25.183571428571423,11.222637,15.272714,14.314737,red
F033-037,F033,train,Batch 7,15,no,raised,no,damp,80,2025-03-11,15,0,0,0,2,80,83.83642857142857,89.67,26.28714285714286,10.187799,14.767286,12.416099,amber
F033-038,F033,train,Batch 8,10,no,floor,yes,damp,158,2024-11-23,10,0,1,1,2,158,77.68714285714285,85.86,27.78928571428571,10.59712,14.537429,13.481319,red
F033-039,F033,train,Batch 9,14,no,floor,no,dry,25,2025-01-04,14,0,1,0,0,25,66.50928571428572,80.0,27.219285714285714,9.861374,12.301857,10.32034,green
F033-040,F033,train,Batch 10,2,no,raised,no,damp,62,2025-05-03,2,0,0,0,2,62,86.51714285714287,90.2,25.26357142857142,15.296368,15.303429,15.299217,red
F033-041,F033,train,Batch 1,13,no,floor,no,dry,25,2025-08-02,13,0,1,0,0,25,80.61571428571428,83.94,24.84142857142857,10.883263,15.123143,11.68063,green
F033-042,F033,train,Batch 2,5,yes,floor,no,damp,78,2025-01-02,5,1,1,0,2,78,74.48857142857143,78.24,28.12714285714286,14.007418,13.897714,13.954985,red
F033-043,F033,train,Batch 3,6,no,floor,yes,damp,146,2024-10-30,6,0,1,1,2,146,73.55357142857144,78.24,28.14071428571429,11.901536,13.710714,13.174807,red
F033-044,F033,train,Batch 4,14,no,floor,yes,unsure,115,2025-01-04,14,0,1,1,1,115,77.49857142857142,85.86,27.85928571428571,11.095993,14.499714,13.19428,red
F033-045,F033,train,Batch 5,12,no,raised,no,damp,137,2025-01-17,12,0,0,0,2,137,83.73142857142857,89.67,26.414285714285715,10.919062,14.746286,13.524305,red
F033-046,F033,train,Batch 6,0,no,floor,no,damp,97,2024-12-07,0,0,1,0,2,97,73.81714285714285,78.24,28.365000000000002,15.961339,13.763429,14.742818,red
F033-047,F033,train,Batch 7,8,yes,floor,no,damp,104,2024-11-17,8,1,1,0,2,104,69.66428571428571,78.51,28.151428571428568,12.578139,12.932857,12.783751,amber
F033-048,F033,train,Batch 8,13,no,raised,no,dry,23,2025-11-16,13,0,0,0,0,23,82.38214285714285,88.91,26.270000000000003,10.592441,14.476429,11.269878,green
F033-049,F033,train,Batch 9,10,no,floor,no,damp,115,2024-10-11,10,0,1,0,2,115,72.24571428571429,80.0,27.539285714285715,11.325687,13.449143,12.63473,amber
F033-050,F033,train,Batch 10,14,no,floor,yes,damp,68,2025-01-02,14,0,1,1,2,68,70.31785714285715,77.97,28.57928571428572,11.221197,13.063571,12.018183,amber
F033-051,F033,train,Batch 1,8,no,raised,no,dry,37,2025-10-31,8,0,0,0,0,37,81.2092857142857,88.91,26.431428571428572,10.201762,14.241857,11.273719,green
F033-052,F033,train,Batch 2,13,no,floor,no,dry,6,2025-04-30,13,0,1,0,0,6,79.15428571428572,85.86,27.290714285714284,10.871053,14.830857,11.064175,green
F033-053,F033,train,Batch 3,12,no,floor,no,unsure,154,2024-11-24,12,0,1,0,1,154,76.81714285714284,85.86,28.01357142857143,9.615316,14.363429,13.047669,red
F033-054,F033,train,Batch 4,12,no,raised,no,unsure,1,2025-04-12,12,0,0,0,1,1,74.16142857142857,79.69,28.390000000000008,11.010967,12.832286,11.026082,green
F033-055,F033,train,Batch 5,10,no,raised,yes,damp,176,2025-07-03,10,0,0,1,2,176,77.45285714285713,84.53,26.44928571428571,9.483203,13.490571,12.566099,amber
F033-056,F033,train,Batch 6,12,no,floor,yes,damp,126,2025-03-24,12,0,1,1,2,126,81.43357142857143,85.66,24.945,11.107274,15.286714,13.82417,red
F033-057,F033,train,Batch 7,9,no,floor,no,damp,140,2024-09-30,9,0,1,0,2,140,69.72714285714285,77.15,28.16571428571429,12.84314,12.945429,12.913576,amber
F033-058,F033,train,Batch 8,14,no,floor,no,dry,55,2024-11-07,14,0,1,0,0,55,76.62857142857142,81.58,26.99285714285714,9.688271,14.325714,11.393289,green
F033-059,F033,train,Batch 9,14,no,floor,no,damp,156,2024-10-18,14,0,1,0,2,156,73.69285714285715,78.24,28.224285714285717,11.390313,13.738571,13.098596,red
F033-060,F033,train,Batch 10,4,no,floor,no,damp,94,2025-01-11,4,0,1,0,2,94,73.90571428571427,77.92,28.40928571428572,13.449799,13.781143,13.629758,red
F033-061,F033,train,Batch 1,5,yes,floor,no,damp,4,2025-12-20,5,1,1,0,2,4,78.56142857142858,84.53,26.22714285714286,14.490262,14.712286,14.497541,red
F033-062,F033,train,Batch 2,2,no,floor,no,damp,42,2025-03-01,2,0,1,0,2,42,74.28428571428572,79.69,28.390000000000004,14.753031,13.856857,14.48838,red
F033-063,F033,train,Batch 3,19,no,raised,no,damp,121,2025-04-02,19,0,0,0,2,121,81.2192857142857,85.66,25.12285714285714,11.076615,14.243857,13.088363,red
F033-064,F033,train,Batch 4,0,no,floor,yes,damp,18,2025-01-21,0,0,1,1,2,18,69.68,78.23,27.772142857142853,15.796939,12.936,15.398433,red
F033-065,F033,train,Batch 5,18,no,floor,no,dry,47,2025-01-24,18,0,1,0,0,47,72.135,77.97,28.569285714285716,10.240205,13.427,11.272952,green
F033-066,F033,train,Batch 6,15,no,floor,no,damp,31,2025-07-07,15,0,1,0,2,31,80.57857142857144,85.31,25.376428571428573,10.666794,15.115714,11.679645,green
F033-067,F033,train,Batch 7,15,no,floor,yes,damp,60,2025-01-21,15,0,1,1,2,60,74.04142857142858,78.24,28.189285714285717,11.441985,13.808286,12.373051,amber
F033-068,F033,train,Batch 8,12,yes,raised,no,dry,120,2024-09-09,12,1,0,0,0,120,73.03285714285713,81.58,27.448571428571427,10.933174,12.606571,11.990963,green
F033-069,F033,train,Batch 9,14,no,floor,yes,damp,59,2025-01-15,14,0,1,1,2,59,74.35285714285715,78.24,28.287857142857142,11.624685,13.870571,12.496973,amber
F033-070,F033,train,Batch 10,4,yes,floor,yes,unsure,84,2025-05-02,4,1,1,1,1,84,82.24642857142858,85.66,24.75714285714286,13.040794,15.449286,14.253264,red
F033-071,F033,train,Batch 1,8,yes,raised,no,damp,84,2025-03-04,8,1,0,0,2,84,83.30214285714285,89.67,26.474999999999994,12.469186,14.660429,13.572289,red
F033-072,F033,train,Batch 2,13,no,raised,no,damp,66,2025-03-27,13,0,0,0,2,66,83.39714285714287,89.67,26.442857142857147,11.434547,14.679429,12.807295,amber
F033-073,F033,train,Batch 3,10,yes,floor,yes,damp,175,2024-10-20,10,1,1,1,2,175,74.16142857142857,79.69,28.390000000000008,12.94583,13.832286,13.626075,red
F033-074,F033,train,Batch 4,11,yes,floor,yes,damp,95,2025-09-02,11,1,1,1,2,95,81.18071428571429,88.91,26.410714285714285,10.951452,15.236143,13.294796,red
F033-075,F033,train,Batch 5,11,no,raised,yes,damp,143,2025-03-04,11,0,0,1,2,143,82.24642857142858,85.66,24.75714285714286,10.5107,14.449286,13.25308,red
F033-076,F033,train,Batch 6,8,yes,raised,no,dry,158,2024-10-31,8,1,0,0,0,158,75.32785714285714,81.64,28.215714285714284,12.669185,13.065571,12.959329,amber
F033-077,F033,train,Batch 7,12,no,floor,no,dry,19,2025-04-28,12,0,1,0,0,19,80.43428571428569,87.53,27.237142857142857,10.700977,15.086857,11.343223,green
F033-078,F033,train,Batch 8,16,no,raised,no,damp,130,2025-02-28,16,0,0,0,2,130,86.55785714285715,90.2,25.02071428571429,12.092812,15.311571,14.222133,red
F033-079,F033,train,Batch 9,10,no,floor,no,damp,67,2025-01-06,10,0,1,0,2,67,73.81714285714285,78.24,28.365000000000002,10.680166,13.763429,11.999303,green
F033-080,F033,train,Batch 10,9,no,raised,no,dry,13,2025-02-23,9,0,0,0,0,13,69.55714285714286,78.51,28.282142857142855,9.642512,11.911429,9.875466,green
F034-001,F034,train,Batch 1,3,no,raised,no,damp,25,2025-06-29,3,0,0,0,2,25,82.66142857142857,85.66,24.782857142857143,12.80035,14.532286,13.126064,red
F034-002,F034,train,Batch 2,11,no,raised,no,damp,156,2024-09-29,11,0,0,0,2,156,70.14928571428571,78.51,28.16142857142857,12.771685,12.029857,12.232029,amber
F034-003,F034,train,Batch 3,6,no,floor,yes,unsure,173,2024-10-29,6,0,1,1,1,173,74.66,79.17,28.26928571428571,14.666247,13.932,14.105674,red
F034-004,F034,train,Batch 4,12,no,raised,no,damp,43,2025-10-21,12,0,0,0,2,43,80.43714285714286,88.55,26.535714285714285,12.206547,14.087429,12.772993,amber
F034-005,F034,train,Batch 5,10,no,raised,no,damp,8,2025-05-17,10,0,0,0,2,8,83.64999999999999,89.67,26.43571428571428,10.677654,14.73,10.939002,green
F034-006,F034,train,Batch 6,14,yes,raised,no,dry,149,2024-08-18,14,1,0,0,0,149,65.01571428571428,75.06,26.98,11.143657,11.003143,11.043738,green
F034-007,F034,train,Batch 7,9,yes,raised,yes,damp,46,2025-01-10,9,1,0,1,2,46,72.28857142857143,78.51,27.972142857142853,14.142114,12.457714,13.605777,red
F034-008,F034,train,Batch 8,19,no,floor,yes,damp,63,2025-03-21,19,0,1,1,2,63,82.25357142857145,88.87,26.704999999999995,11.319977,15.450714,13.007154,red
F034-009,F034,train,Batch 9,12,yes,raised,no,dry,63,2024-11-24,12,1,0,0,0,63,63.680714285714295,80.0,26.958571428571425,12.763987,10.736143,11.935725,green
F034-010,F034,train,Batch 10,9,no,raised,no,damp,133,2024-11-04,9,0,0,0,2,133,75.175,78.24,28.174999999999994,12.366425,13.035,12.814298,amber
F034-011,F034,train,Batch 1,3,no,raised,no,damp,27,2025-01-27,3,0,0,0,2,27,73.31285714285715,78.51,28.01857142857143,13.874372,12.662571,13.630214,red
F034-012,F034,train,Batch 2,2,no,raised,yes,damp,154,2024-10-14,2,0,0,1,2,154,75.175,78.24,28.174999999999994,14.119569,13.035,13.335547,red
F034-013,F034,train,Batch 3,6,no,floor,no,damp,94,2025-05-09,6,0,1,0,2,94,81.88428571428572,87.52,25.292857142857137,13.806933,15.376857,14.659589,red
F034-014,F034,train,Batch 4,11,no,raised,no,damp,110,2024-12-02,11,0,0,0,2,110,74.04142857142858,78.24,28.189285714285717,11.807853,12.808286,12.408263,amber
F034-015,F034,train,Batch 5,6,no,floor,yes,damp,122,2025-08-19,6,0,1,1,2,122,80.28499999999998,85.68,26.07571428571429,13.583177,15.057,14.523772,red
F034-016,F034,train,Batch 6,16,no,raised,no,damp,50,2025-07-10,16,0,0,0,2,50,79.625,83.94,25.06714285714285,11.114562,13.925,12.072245,amber
F034-017,F034,train,Batch 7,10,yes,floor,no,damp,149,2024-12-10,10,1,1,0,2,149,79.41857142857144,85.86,27.283571428571427,13.600862,14.883714,14.513095,red
F034-018,F034,train,Batch 8,12,no,floor,yes,damp,78,2025-05-31,12,0,1,1,2,78,83.31285714285715,87.52,24.79928571428572,11.877533,15.662571,13.686608,red
F034-019,F034,train,Batch 9,12,yes,raised,yes,damp,91,2025-09-14,12,1,0,1,2,91,83.49214285714287,88.91,25.952142857142857,13.474414,14.698429,14.125043,red
F034-020,F034,train,Batch 10,13,no,raised,yes,damp,66,2025-04-15,13,0,0,1,2,66,86.56071428571428,90.66,25.628571428571426,11.510746,15.312143,13.118928,red
F034-021,F034,train,Batch 1,8,no,raised,yes,damp,114,2024-10-27,8,0,0,1,2,114,70.67642857142856,77.15,28.27285714285714,13.959318,12.135286,12.840714,amber
F034-022,F034,train,Batch 2,7,no,floor,yes,damp,70,2025-01-13,7,0,1,1,2,70,73.70214285714287,78.24,28.172857142857143,13.187566,13.740429,13.431912,red
F034-023,F034,train,Batch 3,13,no,raised,no,damp,124,2025-01-29,13,0,0,0,2,124,83.63785714285714,89.67,26.459285714285716,10.074401,14.727571,13.071885,red
F034-024,F034,train,Batch 4,9,no,raised,no,damp,92,2025-04-30,9,0,0,0,2,92,81.15499999999999,85.66,25.083571428571425,10.532296,14.231,12.512734,amber
F034-025,F034,train,Batch 5,10,no,raised,no,damp,133,2024-12-18,10,0,0,0,2,133,77.68714285714285,85.86,27.78928571428571,11.208225,13.537429,12.768538,amber
F034-026,F034,train,Batch 6,14,no,raised,no,dry,23,2025-02-21,14,0,0,0,0,23,74.99642857142858,78.24,28.19857142857143,11.497281,12.999286,11.759257,green
F034-027,F034,train,Batch 7,5,no,raised,no,damp,104,2024-11-06,5,0,0,0,2,104,70.67642857142856,77.15,28.27285714285714,13.732017,12.135286,12.806472,amber
F034-028,F034,train,Batch 8,15,no,raised,yes,dry,52,2025-02-16,15,0,0,1,0,52,74.51214285714285,79.69,28.40285714285714,9.364715,12.902429,10.608772,green
F034-029,F034,train,Batch 9,10,no,raised,no,damp,134,2024-09-29,10,0,0,0,2,134,70.24214285714285,78.23,27.80785714285714,11.997414,12.048429,12.031728,amber
F034-030,F034,train,Batch 10,12,no,raised,no,dry,18,2025-03-07,12,0,0,0,0,18,73.55357142857144,78.24,28.14071428571429,11.525413,12.710714,11.690516,green
F034-031,F034,train,Batch 1,4,no,raised,yes,damp,150,2025-01-31,4,0,0,1,2,150,87.03571428571426,90.66,25.40071428571429,14.192344,15.407143,15.059097,red
F034-032,F034,train,Batch 2,1,no,raised,no,damp,15,2025-02-24,1,0,0,0,2,15,70.31785714285715,77.97,28.57928571428572,16.042738,12.063571,15.575174,red
F034-033,F034,train,Batch 3,9,no,floor,no,damp,83,2024-12-11,9,0,1,0,2,83,70.14928571428571,78.51,28.16142857142857,11.362971,13.029857,12.195179,amber
F034-034,F034,train,Batch 4,10,no,raised,no,damp,14,2025-05-16,10,0,0,0,2,14,83.83642857142857,89.67,26.28714285714286,10.528394,14.767286,10.995173,green
F034-035,F034,train,Batch 5,12,no,floor,no,dry,130,2025-03-23,12,0,1,0,0,130,81.15499999999999,85.66,25.083571428571425,11.593948,15.231,13.999984,red
F034-036,F034,train,Batch 6,13,no,raised,yes,damp,151,2025-02-09,13,0,0,1,2,151,86.46428571428571,90.36,24.877857142857145,12.159998,15.292857,14.402727,red
F034-037,F034,train,Batch 7,11,no,raised,no,dry,153,2024-10-06,11,0,0,0,0,153,69.55714285714286,78.51,28.282142857142855,12.152468,11.911429,11.978782,green
F034-038,F034,train,Batch 8,12,no,raised,no,dry,52,2024-12-08,12,0,0,0,0,52,66.50928571428572,80.0,27.219285714285714,11.407169,11.301857,11.370135,green
F034-039,F034,train,Batch 9,5,no,raised,no,unsure,32,2024-12-05,5,0,0,0,1,32,73.575,81.58,27.358571428571427,14.482058,12.715,14.06844,red
F034-040,F034,train,Batch 10,11,no,raised,no,dry,146,2024-09-01,11,0,0,0,0,146,62.06642857142857,80.0,26.784999999999997,13.993763,10.413286,11.47388,green
F034-041,F034,train,Batch 1,11,no,raised,no,dry,17,2025-02-22,11,0,0,0,0,17,70.31785714285715,77.97,28.57928571428572,11.384026,12.063571,11.473787,green
F034-042,F034,train,Batch 2,7,no,raised,yes,damp,49,2025-03-03,7,0,0,1,2,49,74.545,79.17,28.274285714285718,13.535897,12.909,13.325735,red
F034-043,F034,train,Batch 3,10,no,floor,no,damp,164,2024-10-28,10,0,1,0,2,164,73.99785714285713,79.69,28.497142857142855,10.932188,13.799571,13.068517,red
F034-044,F034,train,Batch 4,13,no,raised,no,damp,20,2025-04-05,13,0,0,0,2,20,75.45071428571428,82.23,28.19785714285714,10.79132,13.090143,11.144231,green
F034-045,F034,train,Batch 5,12,no,floor,yes,dry,178,2024-10-30,12,0,1,1,0,178,76.11357142857142,85.7,28.143571428571427,11.568745,14.222714,13.620581,red
F034-046,F034,train,Batch 6,6,no,raised,no,unsure,162,2024-11-06,6,0,0,0,1,162,74.14642857142856,78.56,28.33714285714286,13.031425,12.829286,12.881688,amber
F034-047,F034,train,Batch 7,11,no,floor,no,dry,15,2025-06-08,11,0,1,0,0,15,86.86357142857142,90.66,25.509999999999998,9.258961,16.372714,10.094849,green
F034-048,F034,train,Batch 8,9,no,floor,yes,damp,101,2025-02-22,9,0,1,1,2,101,83.73142857142857,89.67,26.414285714285715,11.51717,15.746286,13.923572,red
F034-049,F034,train,Batch 9,5,no,raised,yes,damp,0,2025-03-21,5,0,0,1,2,0,74.48857142857143,78.24,28.12714285714286,13.193885,12.897714,13.193885,red
F034-050,F034,train,Batch 10,7,yes,raised,yes,damp,32,2025-05-25,7,1,0,1,2,32,87.19285714285716,90.66,25.372142857142855,14.547384,15.438571,14.755986,red
F034-051,F034,train,Batch 1,4,no,raised,no,unsure,80,2025-09-25,4,0,0,0,1,80,83.49214285714287,88.91,25.952142857142857,14.550734,14.698429,14.6226,red
F034-052,F034,train,Batch 2,13,no,floor,no,unsure,19,2025-03-28,13,0,1,0,1,19,74.27428571428572,78.56,28.309285714285718,11.838394,13.854857,12.133674,amber
F034-053,F034,train,Batch 3,17,no,raised,no,damp,155,2024-10-16,17,0,0,0,2,155,74.57857142857142,78.24,28.18071428571429,10.9756,12.915714,12.382547,amber
F034-054,F034,train,Batch 4,11,yes,raised,no,unsure,27,2025-06-09,11,1,0,0,1,27,86.22642857142857,90.2,25.14428571428572,13.140417,15.245286,13.564514,red
F034-055,F034,train,Batch 5,7,no,floor,no,unsure,134,2024-10-03,7,0,1,0,1,134,70.8442857142857,78.23,27.91,12.537328,13.168857,12.962114,amber
F034-056,F034,train,Batch 6,3,no,raised,yes,damp,48,2025-03-04,3,0,0,1,2,48,74.545,79.17,28.274285714285718,15.700415,12.909,14.780142,red
F034-057,F034,train,Batch 7,10,no,raised,no,dry,58,2024-12-31,10,0,0,0,0,58,70.21714285714285,78.51,28.01071428571428,10.551652,12.043429,11.123414,green
F034-058,F034,train,Batch 8,8,no,raised,no,unsure,7,2025-07-15,8,0,0,0,1,7,83.33714285714287,90.36,24.73,12.464036,14.667429,12.58889,amber
F034-059,F034,train,Batch 9,9,no,floor,yes,unsure,67,2025-10-15,9,0,1,1,1,67,79.63214285714287,85.68,26.06357142857143,12.716539,14.926429,13.662014,red
F034-060,F034,train,Batch 10,14,no,raised,no,unsure,26,2025-02-22,14,0,0,0,1,26,74.57857142857142,78.24,28.18071428571429,11.629197,12.915714,11.879813,green
F034-061,F034,train,Batch 1,13,no,floor,no,damp,132,2025-04-14,13,0,1,0,2,132,81.38214285714285,84.22,24.82214285714286,9.578957,15.276429,13.379905,red
F034-062,F034,train,Batch 2,10,no,raised,no,dry,64,2024-12-20,10,0,0,0,0,64,73.21571428571428,78.05,28.141428571428573,9.804713,12.643143,10.977989,green
F034-063,F034,train,Batch 3,19,no,floor,no,damp,77,2025-09-22,19,0,1,0,2,77,81.80071428571429,88.91,26.36357142857143,12.201904,15.360143,13.697601,red
F034-064,F034,train,Batch 4,7,no,raised,no,damp,98,2024-12-16,7,0,0,0,2,98,73.70214285714287,78.24,28.172857142857143,12.92015,12.740429,12.819848,amber
F034-065,F034,train,Batch 5,15,no,raised,no,damp,45,2025-04-04,15,0,0,0,2,45,80.79214285714284,87.53,27.043571428571425,11.23711,14.158429,12.150638,amber
F034-066,F034,train,Batch 6,14,no,floor,no,damp,52,2025-01-01,14,0,1,0,2,52,73.21571428571428,78.05,28.141428571428573,11.664275,13.643143,12.360155,amber
F034-067,F034,train,Batch 7,13,no,floor,no,dry,117,2024-10-03,13,0,1,0,0,117,65.80071428571429,80.0,27.134285714285713,10.303678,12.160143,11.459898,green
F034-068,F034,train,Batch 8,21,no,raised,no,dry,19,2025-06-10,21,0,0,0,0,19,86.98571428571428,90.66,25.385,11.313666,15.397143,11.911629,green
F034-069,F034,train,Batch 9,8,no,raised,yes,unsure,28,2025-06-07,8,0,0,1,1,28,86.36357142857143,90.2,25.183571428571423,12.035784,15.272714,12.709423,amber
F034-070,F034,train,Batch 10,7,no,floor,yes,unsure,4,2025-12-05,7,0,1,1,1,4,82.38214285714285,88.91,26.270000000000003,13.757289,15.476429,13.813649,red
F034-071,F034,train,Batch 1,13,no,floor,yes,damp,88,2025-05-01,13,0,1,1,2,88,81.43357142857143,85.66,24.945,11.649441,15.286714,13.539713,red
F034-072,F034,train,Batch 2,6,no,floor,no,damp,105,2024-12-27,6,0,1,0,2,105,74.09642857142858,79.69,28.462857142857143,14.111084,13.819286,13.940925,red
F034-073,F034,train,Batch 3,18,no,raised,no,damp,118,2025-02-06,18,0,0,0,2,118,83.81857142857143,89.67,26.320714285714285,11.874571,14.763714,13.682995,red
F034-074,F034,train,Batch 4,3,no,floor,yes,damp,76,2025-01-06,3,0,1,1,2,76,73.69285714285715,78.24,28.224285714285717,14.048549,13.738571,13.903114,red
F034-075,F034,train,Batch 5,6,yes,raised,yes,unsure,155,2025-02-16,6,1,0,1,1,155,83.61785714285715,90.36,24.720714285714283,14.14385,14.723571,14.564257,red
F034-076,F034,train,Batch 6,12,no,raised,no,dry,22,2024-12-22,12,0,0,0,0,22,66.08428571428571,75.51,26.992142857142856,11.192431,11.216857,11.196523,green
F034-077,F034,train,Batch 7,13,no,raised,yes,damp,42,2025-05-02,13,0,0,1,2,42,84.74428571428571,88.69,26.12928571428571,11.208706,14.948857,12.313217,amber
F034-078,F034,train,Batch 8,8,yes,raised,yes,damp,114,2024-09-15,8,1,0,1,2,114,73.03285714285713,81.58,27.448571428571427,14.234195,12.606571,13.23604,red
F034-079,F034,train,Batch 9,11,no,floor,no,damp,139,2024-11-10,11,0,1,0,2,139,73.40714285714284,81.64,28.105000000000008,12.428144,13.681429,13.287886,red
F034-080,F034,train,Batch 10,5,no,raised,no,damp,27,2025-01-28,5,0,0,0,2,27,72.81714285714285,78.51,28.025000000000002,13.27618,12.563429,13.132572,red
F035-001,F035,test,Batch 1,10,no,raised,no,damp,54,2025-10-09,10,0,0,0,2,54,79.80071428571429,82.18,26.620714285714286,11.833304,13.960143,12.604011,amber
F035-002,F035,test,Batch 2,14,no,raised,no,dry,7,2025-01-15,14,0,0,0,0,7,59.89357142857143,71.7,26.52571428571428,10.801062,9.978714,10.754464,green
F035-003,F035,test,Batch 3,11,yes,raised,yes,dry,80,2025-05-03,11,1,0,1,0,80,83.33714285714287,90.36,24.73,11.609823,14.667429,13.097601,red
F035-004,F035,test,Batch 4,0,no,floor,yes,damp,49,2025-06-07,0,0,1,1,2,49,81.87142857142858,85.66,24.78214285714285,15.327795,15.374286,15.34338,red
F035-005,F035,test,Batch 5,10,no,raised,no,unsure,59,2024-12-17,10,0,0,0,1,59,70.8442857142857,78.23,27.91,11.595144,12.168857,11.81797,green
F035-006,F035,test,Batch 6,2,no,raised,yes,damp,21,2024-12-28,2,0,0,1,2,21,61.981428571428566,71.7,26.548571428571428,14.129521,10.396286,13.530176,red
F035-007,F035,test,Batch 7,14,no,floor,no,damp,72,2025-03-30,14,0,1,0,2,72,83.98000000000002,88.69,26.188571428571425,12.248913,15.796,13.849317,red
F035-008,F035,test,Batch 8,7,no,floor,yes,unsure,147,2025-01-27,7,0,1,1,1,147,86.86357142857142,90.66,25.509999999999998,14.026519,16.372714,15.683501,red
F035-009,F035,test,Batch 9,11,no,floor,yes,damp,169,2025-01-01,11,0,1,1,2,169,86.32285714285715,90.66,25.67285714285714,11.529583,16.264571,15.106627,red
F035-010,F035,test,Batch 10,14,no,raised,yes,dry,51,2025-05-30,14,0,0,1,0,51,83.89500000000001,90.36,24.712142857142855,11.121617,14.779,12.387913,amber
F035-011,F035,test,Batch 1,14,no,raised,no,damp,178,2024-10-20,14,0,0,0,2,178,74.27428571428572,78.56,28.309285714285718,11.434043,12.854857,12.532503,amber
F035-012,F035,test,Batch 2,3,no,raised,yes,damp,112,2025-09-08,3,0,0,1,2,112,76.38142857142859,81.58,26.70214285714286,14.477157,13.276286,13.748517,red
F035-013,F035,test,Batch 3,8,no,raised,no,dry,94,2024-10-18,8,0,0,0,0,94,60.44642857142857,71.7,26.49785714285714,12.463164,10.089286,11.173865,green
F035-014,F035,test,Batch 4,15,no,raised,no,damp,110,2024-11-23,15,0,0,0,2,110,72.97285714285715,78.24,28.48857142857143,10.569397,12.594571,11.784806,green
F035-015,F035,test,Batch 5,7,no,floor,no,dry,164,2024-11-18,7,0,1,0,0,164,77.765,85.86,27.712142857142855,12.28253,14.553,13.974131,red
F035-016,F035,test,Batch 6,13,no,raised,no,dry,80,2024-10-30,13,0,0,0,0,80,61.981428571428566,71.7,26.548571428571428,11.580886,10.396286,11.00448,green
F035-017,F035,test,Batch 7,11,yes,floor,no,dry,138,2024-09-05,11,1,1,0,0,138,60.18857142857142,71.7,26.484999999999996,10.622059,11.037714,10.906102,green
F035-018,F035,test,Batch 8,7,no,floor,yes,damp,152,2025-03-31,7,0,1,1,2,152,79.12071428571427,83.94,25.159285714285716,11.747102,14.824143,13.957127,red
F035-019,F035,test,Batch 9,8,no,floor,no,damp,150,2025-01-17,8,0,1,0,2,150,85.54642857142858,88.69,25.76142857142857,11.669981,16.109286,14.837404,red
F035-020,F035,test,Batch 10,17,no,raised,yes,damp,166,2025-07-09,17,0,0,1,2,166,79.21000000000001,84.53,26.11428571428571,10.496081,13.842,13.00304,red
F035-021,F035,test,Batch 1,8,no,raised,yes,damp,150,2025-02-15,8,0,0,1,2,150,85.73071428571428,90.36,24.577857142857145,11.35886,15.146143,14.061068,red
F035-022,F035,test,Batch 2,10,no,floor,yes,damp,153,2024-11-25,10,0,1,1,2,153,76.81714285714284,85.86,28.01357142857143,9.991653,14.363429,13.141819,red
F035-023,F035,test,Batch 3,11,no,raised,no,unsure,42,2025-10-21,11,0,0,0,1,42,79.80071428571429,82.18,26.620714285714286,10.696592,13.960143,11.660358,green
F035-024,F035,test,Batch 4,10,no,floor,yes,damp,168,2024-11-22,10,0,1,1,2,168,80.06714285714285,85.86,27.197142857142858,11.32243,15.013429,14.10324,red
F035-025,F035,test,Batch 5,11,no,floor,no,dry,130,2025-04-02,11,0,1,0,0,130,81.61642857142859,87.52,25.32571428571428,10.914522,15.323286,13.831072,red
F035-026,F035,test,Batch 6,8,no,raised,no,dry,12,2025-01-28,8,0,0,0,0,12,69.97785714285715,78.23,27.793571428571422,12.516272,11.995571,12.466721,amber
F035-027,F035,test,Batch 7,13,no,raised,no,dry,26,2024-12-15,13,0,0,0,0,26,71.40142857142855,77.39,27.400714285714287,11.235142,12.280286,11.438737,green
F035-028,F035,test,Batch 8,8,no,raised,no,damp,156,2024-11-10,8,0,0,0,2,156,73.90571428571427,77.92,28.40928571428572,13.197551,12.781143,12.894627,amber
F035-029,F035,test,Batch 9,8,yes,raised,yes,damp,32,2025-04-16,8,1,0,1,2,32,80.8785714285714,87.53,27.093571428571426,14.620527,14.175714,14.516409,red
F035-030,F035,test,Batch 10,9,no,raised,no,dry,31,2025-06-22,9,0,0,0,0,31,82.88642857142858,85.73,24.794999999999998,10.656685,14.577286,11.549258,green
F035-031,F035,test,Batch 1,5,no,floor,no,damp,86,2024-12-30,5,0,1,0,2,86,73.82714285714287,81.64,28.066428571428577,13.024765,13.765429,13.403705,red
F035-032,F035,test,Batch 2,8,no,raised,no,damp,10,2025-12-13,8,0,0,0,2,10,78.93857142857144,84.53,26.16785714285714,12.071246,13.787714,12.208487,amber
F035-033,F035,test,Batch 3,2,no,raised,no,dry,37,2025-02-21,2,0,0,0,0,37,73.37142857142855,81.64,28.087857142857143,15.442101,12.674286,14.707718,red
F035-034,F035,test,Batch 4,9,no,floor,yes,dry,126,2025-02-22,9,0,1,1,0,126,87.01642857142856,90.66,25.314285714285717,12.162447,16.403286,14.919256,red
F035-035,F035,test,Batch 5,5,no,raised,yes,damp,45,2025-02-16,5,0,0,1,2,45,73.98642857142856,81.64,28.128571428571426,13.870582,12.797286,13.534951,red
F035-036,F035,test,Batch 6,12,no,raised,no,dry,57,2024-12-29,12,0,0,0,0,57,72.81714285714285,78.51,28.025000000000002,11.532144,12.563429,11.922088,green
F035-037,F035,test,Batch 7,8,yes,floor,no,dry,179,2024-07-27,8,1,1,0,0,179,59.89357142857143,71.7,26.52571428571428,12.250851,10.978714,11.264942,green
F035-038,F035,test,Batch 8,10,yes,floor,yes,dry,158,2025-01-06,10,1,1,1,0,158,84.74428571428571,88.69,26.12928571428571,12.133597,15.948857,14.926264,red
F035-039,F035,test,Batch 9,6,no,raised,no,damp,76,2024-12-22,6,0,0,0,2,76,69.55714285714286,78.51,28.282142857142855,13.701676,11.911429,12.861727,amber
F035-040,F035,test,Batch 10,9,no,floor,no,damp,118,2024-09-11,9,0,1,0,2,118,73.03285714285713,81.58,27.448571428571427,11.557432,13.606571,12.840066,amber
F035-041,F035,test,Batch 1,12,no,floor,yes,unsure,59,2025-04-12,12,0,1,1,1,59,83.98000000000002,88.69,26.188571428571425,10.60042,15.796,12.618351,amber
F035-042,F035,test,Batch 2,22,yes,raised,no,dry,138,2024-08-28,22,1,0,0,0,138,66.08428571428571,75.51,26.992142857142856,13.442709,11.216857,11.921644,green
F035-043,F035,test,Batch 3,10,no,raised,no,dry,10,2025-06-26,10,0,0,0,0,10,86.22642857142857,90.2,25.14428571428572,12.460442,15.245286,12.683106,amber
F035-044,F035,test,Batch 4,14,no,raised,no,damp,106,2025-02-25,14,0,0,0,2,106,84.24571428571429,88.69,26.153571428571418,10.742436,14.849143,13.151419,red
F035-045,F035,test,Batch 5,10,no,floor,no,damp,94,2025-04-02,10,0,1,0,2,94,86.36357142857143,90.2,25.183571428571423,10.559067,16.272714,13.66226,red
F035-046,F035,test,Batch 6,11,no,raised,no,dry,143,2024-10-13,11,0,0,0,0,143,70.12214285714286,78.51,28.145714285714288,10.42254,12.024429,11.537912,green
F035-047,F035,test,Batch 7,12,yes,raised,yes,damp,17,2025-07-05,12,1,0,1,2,17,83.33714285714287,90.36,24.73,12.503651,14.667429,12.789463,amber
F035-048,F035,test,Batch 8,11,no,raised,no,damp,61,2025-03-18,11,0,0,0,2,61,80.8785714285714,87.53,27.093571428571426,12.14433,14.175714,12.953842,amber
F035-049,F035,test,Batch 9,5,yes,floor,no,damp,85,2025-05-28,5,1,1,0,2,85,82.48,87.52,24.687857142857144,15.934156,15.496,15.711776,red
F035-050,F035,test,Batch 10,15,no,floor,yes,unsure,153,2025-03-09,15,0,1,1,1,153,81.38214285714285,87.52,25.326428571428572,10.834983,15.276429,14.035351,red
F035-051,F035,test,Batch 1,7,no,floor,no,dry,141,2024-12-06,7,0,1,0,0,141,76.11357142857142,85.7,28.143571428571427,13.474441,14.222714,13.991633,red
F035-052,F035,test,Batch 2,8,no,raised,yes,unsure,109,2025-03-17,8,0,0,1,1,109,86.51714285714287,90.2,25.26357142857142,12.475765,15.303429,14.163327,red
F035-053,F035,test,Batch 3,15,no,raised,no,unsure,111,2024-10-17,15,0,0,0,1,111,70.09071428571428,80.0,27.528571428571432,11.522104,12.018143,11.821448,green
F035-054,F035,test,Batch 4,10,yes,floor,no,damp,136,2024-10-24,10,1,1,0,2,136,69.14500000000001,77.34,28.454285714285714,12.878288,12.829,12.844869,amber
F035-055,F035,test,Batch 5,9,no,raised,no,dry,32,2025-03-23,9,0,0,0,0,32,75.46785714285714,82.23,28.179285714285708,11.259659,13.093571,11.688926,green
F035-056,F035,test,Batch 6,11,no,raised,no,damp,82,2025-09-25,11,0,0,0,2,82,82.75928571428572,88.91,25.957857142857144,10.993004,14.551857,12.754882,amber
F035-057,F035,test,Batch 7,18,yes,raised,yes,dry,93,2024-11-25,18,1,0,1,0,93,70.72571428571429,78.51,27.957142857142856,12.282955,12.145143,12.208634,amber
F035-058,F035,test,Batch 8,6,no,raised,no,dry,106,2024-12-03,6,0,0,0,0,106,74.49142857142859,78.24,28.226428571428578,12.234019,12.898286,12.623676,amber
F035-059,F035,test,Batch 9,16,no,floor,yes,damp,142,2025-07-16,16,0,1,1,2,142,81.12357142857142,88.91,26.405714285714286,10.500821,15.224714,13.777993,red
F035-060,F035,test,Batch 10,19,no,raised,no,damp,131,2024-10-15,19,0,0,0,2,131,73.31285714285715,78.51,28.01857142857143,11.181852,12.662571,12.165558,amber
F035-061,F035,test,Batch 1,17,no,raised,no,dry,46,2025-03-13,17,0,0,0,0,46,76.85357142857143,85.86,27.990000000000002,10.116723,13.370714,11.15284,green
F035-062,F035,test,Batch 2,14,no,raised,no,damp,153,2025-01-22,14,0,0,0,2,153,86.75428571428571,90.66,25.47714285714286,11.407029,15.350857,14.248829,red
F035-063,F035,test,Batch 3,14,no,raised,no,dry,123,2024-11-05,14,0,0,0,0,123,69.55714285714286,78.51,28.282142857142855,9.854681,11.911429,11.173475,green
F035-064,F035,test,Batch 4,8,yes,floor,yes,damp,88,2025-02-21,8,1,1,1,2,88,81.05857142857143,87.53,26.972142857142853,14.183147,15.211714,14.717688,red
F035-065,F035,test,Batch 5,7,no,raised,no,damp,17,2025-03-12,7,0,0,0,2,17,73.40714285714284,81.64,28.105000000000008,12.951174,12.681429,12.915543,amber
F035-066,F035,test,Batch 6,16,yes,raised,no,dry,149,2024-11-20,16,1,0,0,0,149,74.38499999999999,78.56,28.30785714285715,12.500149,12.877,12.768127,amber
F035-067,F035,test,Batch 7,16,yes,floor,yes,unsure,66,2025-06-13,16,1,1,1,1,66,83.05071428571429,87.52,24.74428571428572,11.348232,15.610143,13.151234,red
F035-068,F035,test,Batch 8,8,yes,raised,yes,damp,15,2025-04-05,8,1,0,1,2,15,74.66,79.17,28.26928571428571,12.074179,12.932,12.174975,amber
F035-069,F035,test,Batch 9,13,no,raised,yes,damp,71,2025-04-21,13,0,0,1,2,71,86.74642857142855,90.66,25.40357142857143,11.854532,15.349286,13.415274,red
F035-070,F035,test,Batch 10,12,no,floor,no,damp,9,2025-04-13,12,0,1,0,2,9,74.66,79.17,28.250714285714285,11.486021,13.932,11.662759,green
F035-071,F035,test,Batch 1,5,no,raised,no,dry,153,2025-07-04,5,0,0,0,0,153,81.07714285714287,88.91,26.435714285714283,14.147971,14.215429,14.196579,red
F035-072,F035,test,Batch 2,12,yes,floor,no,damp,12,2025-02-03,12,1,1,0,2,12,70.02642857142857,77.15,28.074285714285715,12.881482,13.005286,12.893264,amber
F035-073,F035,test,Batch 3,13,no,raised,no,dry,66,2025-01-18,13,0,0,0,0,66,73.55357142857144,78.24,28.14071428571429,10.59176,12.710714,11.488184,green
F035-074,F035,test,Batch 4,8,no,floor,no,dry,51,2025-02-05,8,0,1,0,0,51,73.63142857142857,81.64,28.07000000000001,10.842573,13.726286,11.841001,green
F035-075,F035,test,Batch 5,6,no,raised,yes,damp,58,2025-06-14,6,0,0,1,2,58,81.88428571428572,87.52,25.292857142857137,14.604823,14.376857,14.517449,red
F035-076,F035,test,Batch 6,8,no,floor,no,dry,60,2024-12-06,8,0,1,0,0,60,71.35857142857142,80.0,27.529999999999998,11.04109,13.271714,11.918772,green
F035-077,F035,test,Batch 7,9,no,floor,yes,damp,138,2025-01-13,9,0,1,1,2,138,83.37642857142858,89.67,26.362142857142857,11.638378,15.675286,14.397052,red
F035-078,F035,test,Batch 8,12,no,raised,no,unsure,12,2025-01-11,12,0,0,0,1,12,60.48642857142857,80.0,26.486428571428572,10.600175,10.097286,10.552319,green
F035-079,F035,test,Batch 9,5,no,raised,yes,damp,60,2024-11-11,5,0,0,1,2,60,71.40142857142855,77.39,27.400714285714287,13.409424,12.280286,12.965143,amber
F035-080,F035,test,Batch 10,6,no,raised,no,damp,78,2025-09-25,6,0,0,0,2,78,83.04428571428572,88.91,26.052142857142858,12.658921,14.608857,13.590901,red
F036-001,F036,validation,Batch 1,14,yes,raised,no,damp,174,2024-11-04,14,1,0,0,2,174,76.81714285714284,85.86,28.01357142857143,11.422763,13.363429,12.908206,amber
F036-002,F036,validation,Batch 2,14,no,raised,no,damp,34,2025-06-15,14,0,0,0,2,34,84.09,90.36,24.682857142857138,12.412925,14.818,13.006332,red
F036-003,F036,validation,Batch 3,11,no,raised,no,dry,16,2025-05-18,11,0,0,0,0,16,83.73142857142857,89.67,26.414285714285715,10.537324,14.746286,11.062715,green
F036-004,F036,validation,Batch 4,14,yes,floor,yes,damp,66,2025-05-24,14,1,1,1,2,66,81.26071428571427,85.66,25.032142857142862,12.084726,15.252143,13.424702,red
F036-005,F036,validation,Batch 5,4,no,raised,yes,damp,130,2024-08-27,4,0,0,1,2,130,75.20214285714285,81.58,27.287857142857142,13.115644,13.040429,13.065886,red
F036-006,F036,validation,Batch 6,13,yes,floor,yes,damp,26,2025-06-16,13,1,1,1,2,26,86.38214285714287,90.36,24.812857142857144,14.142105,16.276429,14.557875,red
F036-007,F036,validation,Batch 7,1,no,floor,yes,damp,91,2025-01-27,1,0,1,1,2,91,76.85357142857143,85.86,27.990000000000002,14.83262,14.370714,14.587092,red
F036-008,F036,validation,Batch 8,14,no,raised,yes,damp,165,2024-10-22,14,0,0,1,2,165,74.88714285714285,81.64,28.173571428571424,10.919884,12.977429,12.4572,amber
F036-009,F036,validation,Batch 9,11,no,raised,no,dry,16,2024-12-16,11,0,0,0,0,16,76.62857142857142,81.58,26.99285714285714,10.945402,13.325714,11.242528,green
F036-010,F036,validation,Batch 10,7,no,raised,no,damp,79,2025-02-23,7,0,0,0,2,79,79.53785714285716,87.53,27.275000000000002,12.621291,13.907571,13.241647,red
F036-011,F036,validation,Batch 1,7,no,raised,no,damp,112,2024-10-02,7,0,0,0,2,112,59.89357142857143,71.7,26.52571428571428,12.188266,9.978714,10.8476,green
F036-012,F036,validation,Batch 2,10,no,raised,no,dry,164,2024-11-20,10,0,0,0,0,164,77.85642857142857,85.86,27.577142857142857,10.132248,13.571286,12.694485,amber
F036-013,F036,validation,Batch 3,7,no,raised,no,damp,71,2025-01-05,7,0,0,0,2,71,75.175,78.24,28.174999999999994,12.271087,13.035,12.612247,amber
F036-014,F036,validation,Batch 4,3,no,raised,yes,unsure,55,2025-04-05,3,0,0,1,1,55,83.83642857142857,89.67,26.28714285714286,14.285813,14.767286,14.462833,red
F036-015,F036,validation,Batch 5,7,no,raised,yes,damp,45,2025-02-03,7,0,0,1,2,45,74.57857142857142,78.24,28.18071428571429,13.913351,12.915714,13.601379,red
F036-016,F036,validation,Batch 6,16,no,raised,no,damp,120,2025-08-13,16,0,0,0,2,120,82.97428571428573,88.91,26.115000000000002,12.703047,14.594857,13.898899,red
F036-017,F036,validation,Batch 7,6,yes,raised,yes,unsure,80,2024-11-16,6,1,0,1,1,80,71.35857142857142,80.0,27.529999999999998,14.677066,12.271714,13.506663,red
F036-018,F036,validation,Batch 8,8,no,floor,no,unsure,158,2025-01-31,8,0,1,0,1,158,86.55785714285715,90.2,25.02071428571429,12.301991,16.311571,15.236895,red
F036-019,F036,validation,Batch 9,11,no,raised,no,damp,142,2024-11-06,11,0,0,0,2,142,73.63142857142857,81.64,28.07000000000001,11.423324,12.726286,12.327246,amber
F036-020,F036,validation,Batch 10,8,no,raised,no,dry,4,2025-02-05,8,0,0,0,0,4,69.97785714285715,78.23,27.793571428571422,11.72856,11.995571,11.737314,green
F036-021,F036,validation,Batch 1,3,no,floor,no,damp,84,2025-03-12,3,0,1,0,2,84,83.81857142857143,89.67,26.320714285714285,15.128261,15.763714,15.448158,red
F036-022,F036,validation,Batch 2,14,no,raised,no,damp,80,2025-04-27,14,0,0,0,2,80,85.62071428571429,90.36,24.57571428571428,10.598796,15.124143,12.800752,amber
F036-023,F036,validation,Batch 3,8,no,raised,no,unsure,179,2024-07-31,8,0,0,0,1,179,63.680714285714295,80.0,26.958571428571425,12.46995,10.736143,11.126245,green
F036-024,F036,validation,Batch 4,17,no,floor,no,dry,67,2025-01-14,17,0,1,0,0,67,74.04142857142858,78.24,28.189285714285717,10.347737,13.808286,11.828292,green
F036-025,F036,validation,Batch 5,6,no,raised,yes,damp,46,2025-01-04,6,0,0,1,2,46,72.61214285714284,77.15,28.237857142857145,13.83363,12.522429,13.416125,red
F036-026,F036,validation,Batch 6,18,no,raised,yes,dry,106,2024-10-05,18,0,0,1,0,106,60.872857142857136,71.7,26.470714285714283,11.531179,10.174571,10.735396,green
F036-027,F036,validation,Batch 7,10,no,raised,yes,damp,102,2025-02-04,10,0,0,1,2,102,80.43428571428569,87.53,27.237142857142857,12.268881,14.086857,13.309827,red
F036-028,F036,validation,Batch 8,21,no,floor,yes,damp,151,2025-02-25,21,0,1,1,2,151,81.87142857142858,85.66,24.78214285714285,11.339072,15.374286,14.227772,red
F036-029,F036,validation,Batch 9,10,no,floor,no,damp,77,2025-05-19,10,0,1,0,2,77,80.98571428571428,85.66,25.265000000000004,10.939874,15.197143,12.956056,amber
F036-030,F036,validation,Batch 10,8,no,raised,no,damp,43,2025-02-22,8,0,0,0,2,43,75.43071428571427,81.64,28.13,11.972863,13.086143,12.308139,amber
F036-031,F036,validation,Batch 1,10,no,raised,no,dry,36,2025-11-06,10,0,0,0,0,36,83.04428571428572,88.91,26.052142857142858,10.368941,14.608857,11.46785,green
F036-032,F036,validation,Batch 2,16,no,raised,no,dry,6,2025-06-08,16,0,0,0,0,6,85.29999999999998,88.69,26.00357142857143,11.837423,15.06,11.99459,green
F036-033,F036,validation,Batch 3,21,no,floor,no,damp,81,2025-04-03,21,0,1,0,2,81,86.86357142857142,90.66,25.509999999999998,10.992928,16.372714,13.633562,red
F036-034,F036,validation,Batch 4,10,no,raised,no,damp,11,2025-02-27,10,0,0,0,2,11,69.37785714285715,77.34,28.559285714285718,12.905978,11.875571,12.815724,amber
F036-035,F036,validation,Batch 5,14,no,raised,no,unsure,81,2025-03-06,14,0,0,0,1,81,83.72357142857142,89.67,26.41928571428571,10.734605,14.744714,12.702941,amber
F036-036,F036,validation,Batch 6,9,no,raised,yes,damp,16,2025-04-22,9,0,0,1,2,16,79.41857142857144,85.86,27.283571428571427,11.90748,13.883714,12.154167,amber
F036-037,F036,validation,Batch 7,15,no,floor,no,dry,23,2025-11-27,15,0,1,0,0,23,79.66357142857143,85.68,26.12285714285714,10.629989,14.932714,11.380461,green
F036-038,F036,validation,Batch 8,10,no,raised,yes,damp,115,2024-12-09,10,0,0,1,2,115,74.41857142857143,81.64,28.122857142857146,11.122133,12.883714,12.208092,amber
F036-039,F036,validation,Batch 9,11,no,floor,no,dry,48,2024-12-09,11,0,1,0,0,48,63.680714285714295,80.0,26.958571428571425,11.843491,11.736143,11.8081,green
F036-040,F036,validation,Batch 10,10,no,raised,no,damp,96,2025-03-13,10,0,0,0,2,96,85.82714285714287,88.69,25.703571428571426,11.291982,15.165429,13.424977,red
F036-041,F036,validation,Batch 1,10,no,raised,yes,damp,113,2024-12-10,10,0,0,1,2,113,73.98642857142856,81.64,28.128571428571426,11.721371,12.797286,12.377703,amber
F036-042,F036,validation,Batch 2,4,no,floor,no,damp,54,2025-03-01,4,0,1,0,2,54,75.46785714285714,82.23,28.179285714285708,14.570696,14.093571,14.397799,red
F036-043,F036,validation,Batch 3,9,yes,floor,yes,damp,111,2024-11-02,9,1,1,1,2,111,72.98214285714285,77.15,28.216428571428573,14.231415,13.596429,13.848221,red
F036-044,F036,validation,Batch 4,18,no,floor,no,dry,132,2025-04-18,18,0,1,0,0,132,80.03499999999998,83.94,24.977142857142855,11.244068,15.007,13.754429,red
F036-045,F036,validation,Batch 5,6,no,raised,no,damp,157,2025-01-23,6,0,0,0,2,157,86.98571428571428,90.66,25.385,13.095078,15.397143,14.774964,red
F036-046,F036,validation,Batch 6,13,no,floor,no,damp,9,2025-02-04,13,0,1,0,2,9,70.70714285714284,78.23,27.902857142857147,13.617208,13.141429,13.58283,red
F036-047,F036,validation,Batch 7,6,no,raised,no,damp,170,2024-11-30,6,0,0,0,2,170,80.79214285714284,87.53,27.043571428571425,14.120166,14.158429,14.149149,red
F036-048,F036,validation,Batch 8,7,no,raised,no,damp,64,2025-06-04,7,0,0,0,2,64,80.57857142857144,85.31,25.376428571428573,11.499128,14.115714,12.580704,amber
F036-049,F036,validation,Batch 9,15,no,raised,no,damp,13,2025-03-11,15,0,0,0,2,13,73.70214285714287,78.24,28.172857142857143,12.565715,12.740429,12.583653,amber
F036-050,F036,validation,Batch 10,7,no,raised,no,damp,104,2025-05-16,7,0,0,0,2,104,80.03499999999998,83.94,24.977142857142855,14.656549,14.007,14.280038,red
F036-051,F036,validation,Batch 1,7,no,floor,yes,damp,112,2025-05-05,7,0,1,1,2,112,80.9592857142857,84.22,24.856428571428577,14.483006,15.191857,14.913108,red
F036-052,F036,validation,Batch 2,10,no,floor,no,dry,25,2025-01-05,10,0,1,0,0,25,66.90071428571429,80.0,27.23142857142857,11.642922,12.380143,11.781567,green
F036-053,F036,validation,Batch 3,17,no,raised,yes,damp,170,2024-12-21,17,0,0,1,2,170,83.63857142857141,88.69,26.22785714285714,12.805212,14.727714,14.261467,red
F036-054,F036,validation,Batch 4,3,no,raised,no,damp,103,2025-02-04,3,0,0,0,2,103,80.8785714285714,87.53,27.093571428571426,15.450492,14.175714,14.716052,red
F036-055,F036,validation,Batch 5,17,yes,raised,yes,damp,22,2025-08-08,17,1,0,1,2,22,79.12071428571427,83.94,25.159285714285716,15.786343,13.824143,15.457656,red
F036-056,F036,validation,Batch 6,5,no,raised,yes,damp,163,2025-01-03,5,0,0,1,2,163,85.49428571428571,88.69,25.845714285714283,14.588069,15.098857,14.967539,red
F036-057,F036,validation,Batch 7,4,no,raised,yes,damp,102,2025-02-28,4,0,0,1,2,102,83.98000000000002,88.69,26.188571428571425,14.596476,14.796,14.71072,red
F036-058,F036,validation,Batch 8,13,no,raised,no,dry,34,2024-12-16,13,0,0,0,0,34,60.872857142857136,71.7,26.470714285714283,11.831162,10.174571,11.422429,green
F036-059,F036,validation,Batch 9,9,no,floor,no,damp,99,2025-09-23,9,0,1,0,2,99,77.43214285714285,81.58,26.841428571428573,10.879476,14.486429,12.905736,amber
F036-060,F036,validation,Batch 10,11,yes,raised,yes,damp,96,2025-04-03,11,1,0,1,2,96,86.55785714285715,90.2,25.02071428571429,13.94479,15.311571,14.697437,red
F036-061,F036,validation,Batch 1,9,no,floor,yes,unsure,61,2025-05-29,9,0,1,1,1,61,81.26071428571427,85.66,25.032142857142862,13.125335,15.252143,13.972874,red
F036-062,F036,validation,Batch 2,8,yes,raised,yes,unsure,113,2025-04-14,8,1,0,1,1,113,80.63071428571428,85.31,25.315,13.777742,14.126143,13.990274,red
F036-063,F036,validation,Batch 3,12,no,raised,no,damp,85,2025-06-04,12,0,0,0,2,85,80.03499999999998,83.94,24.977142857142855,10.219889,14.007,12.141983,amber
F036-064,F036,validation,Batch 4,11,no,floor,no,dry,3,2025-04-23,11,0,1,0,0,3,76.11357142857142,85.7,28.143571428571427,11.551416,14.222714,11.61737,green
F036-065,F036,validation,Batch 5,14,yes,raised,no,damp,65,2025-10-04,14,1,0,0,2,65,81.80071428571429,88.91,26.36357142857143,14.157302,14.360143,14.242135,red
F036-066,F036,validation,Batch 6,12,no,floor,no,damp,46,2025-03-10,12,0,1,0,2,46,75.45071428571428,82.23,28.19785714285714,12.650436,14.090143,13.108859,red
F036-067,F036,validation,Batch 7,16,no,raised,no,unsure,85,2024-11-26,16,0,0,0,1,85,72.61214285714284,77.15,28.237857142857145,11.133585,12.522429,11.838473,green
F036-068,F036,validation,Batch 8,14,yes,raised,no,dry,169,2024-08-14,14,1,0,0,0,169,66.90071428571429,80.0,27.23142857142857,13.70847,11.380143,11.949537,green
F036-069,F036,validation,Batch 9,11,no,raised,yes,damp,112,2024-11-30,11,0,0,1,2,112,74.04142857142858,78.24,28.189285714285717,12.88153,12.808286,12.837088,amber
F036-070,F036,validation,Batch 10,17,no,raised,no,damp,125,2025-04-07,17,0,0,0,2,125,81.61642857142859,87.52,25.32571428571428,12.162712,14.323286,13.560893,red
F036-071,F036,validation,Batch 1,9,no,raised,no,dry,140,2024-09-02,9,0,0,0,0,140,60.44642857142857,71.7,26.49785714285714,12.660636,10.089286,10.890012,green
F036-072,F036,validation,Batch 2,13,no,raised,no,unsure,32,2025-04-02,13,0,0,0,1,32,78.09857142857143,85.86,27.517857142857142,11.430468,13.619714,11.942909,green
F036-073,F036,validation,Batch 3,14,yes,raised,yes,damp,153,2025-01-11,14,1,0,1,2,153,84.74428571428571,88.69,26.12928571428571,11.206889,14.948857,13.903235,red
F036-074,F036,validation,Batch 4,14,no,raised,no,damp,154,2025-03-29,14,0,0,0,2,154,79.12071428571427,83.94,25.159285714285716,10.507679,13.824143,12.905111,amber
F036-075,F036,validation,Batch 5,1,no,raised,yes,damp,47,2025-04-03,1,0,0,1,2,47,81.05857142857143,87.53,26.972142857142853,16.251841,14.211714,15.590696,red
F036-076,F036,validation,Batch 6,16,no,floor,no,damp,84,2024-11-19,16,0,1,0,2,84,70.35142857142857,78.23,27.863571428571426,11.95425,13.070286,12.516079,amber
F036-077,F036,validation,Batch 7,16,no,raised,no,unsure,20,2025-07-26,16,0,0,0,1,20,82.63,87.52,25.035,11.180256,14.526,11.693889,green
F036-078,F036,validation,Batch 8,11,no,floor,no,damp,60,2025-02-14,11,0,1,0,2,60,73.90571428571427,77.92,28.40928571428572,11.422697,13.781143,12.350673,amber
F036-079,F036,validation,Batch 9,18,yes,raised,no,damp,89,2025-02-24,18,1,0,0,2,89,83.17142857142858,89.67,26.565714285714282,12.319754,14.634286,13.53183,red
F036-080,F036,validation,Batch 10,10,no,raised,no,dry,54,2025-02-23,10,0,0,0,0,54,74.38499999999999,78.56,28.30785714285715,11.099919,12.877,11.743883,green
F037-001,F037,validation,Batch 1,6,yes,raised,yes,damp,7,2025-04-23,6,1,0,1,2,7,77.68714285714285,85.86,27.78928571428571,14.678197,13.537429,14.613555,red
F037-002,F037,validation,Batch 2,5,no,raised,no,damp,52,2025-11-08,5,0,0,0,2,52,76.82642857142856,81.58,26.73857142857143,13.537164,13.365286,13.476722,red
F037-003,F037,validation,Batch 3,8,no,raised,no,dry,126,2024-09-26,8,0,0,0,0,126,66.90071428571429,80.0,27.23142857142857,14.610756,11.380143,12.510656,amber
F037-004,F037,validation,Batch 4,12,no,floor,no,dry,121,2024-11-10,12,0,1,0,0,121,70.31785714285715,77.97,28.57928571428572,12.292164,13.063571,12.782142,amber
F037-005,F037,validation,Batch 5,9,no,raised,yes,damp,10,2025-01-06,9,0,0,1,2,10,64.66071428571426,75.06,26.78357142857143,14.122488,10.932143,13.867402,red
F037-006,F037,validation,Batch 6,7,no,floor,yes,damp,159,2025-03-17,7,0,1,1,2,159,81.78142857142856,84.22,24.79785714285714,12.676122,15.356286,14.64389,red
F037-007,F037,validation,Batch 7,19,yes,raised,no,damp,127,2024-10-19,19,1,0,0,2,127,73.31285714285715,78.51,28.01857142857143,13.23681,12.662571,12.861852,amber
F037-008,F037,validation,Batch 8,25,no,floor,no,unsure,172,2025-01-13,25,0,1,0,1,172,86.51714285714287,90.2,25.26357142857142,11.613209,16.303429,15.184752,red
F037-009,F037,validation,Batch 9,10,no,raised,no,damp,124,2024-12-26,10,0,0,0,2,124,77.49857142857142,85.86,27.85928571428571,11.446752,13.499714,12.769232,amber
F037-010,F037,validation,Batch 10,8,yes,raised,no,unsure,149,2025-01-22,8,1,0,0,1,149,86.56071428571428,90.66,25.628571428571426,13.558342,15.312143,14.805466,red
F037-011,F037,validation,Batch 1,10,no,raised,no,damp,151,2024-08-06,10,0,0,0,2,151,75.20214285714285,81.58,27.287857142857142,12.002839,13.040429,12.745621,amber
F037-012,F037,validation,Batch 2,9,no,raised,yes,damp,23,2025-06-18,9,0,0,1,2,23,86.49285714285715,90.36,24.87142857142857,13.225384,15.298571,13.586985,red
F037-013,F037,validation,Batch 3,6,no,floor,no,damp,18,2025-01-12,6,0,1,0,2,18,66.90071428571429,80.0,27.23142857142857,14.138076,12.380143,13.89321,red
F037-014,F037,validation,Batch 4,10,no,raised,no,damp,48,2025-01-12,10,0,0,0,2,48,69.66428571428571,78.51,28.151428571428568,12.614168,11.932857,12.389553,amber
F037-015,F037,validation,Batch 5,12,no,raised,yes,damp,144,2024-12-05,12,0,0,1,2,144,76.85357142857143,85.86,27.990000000000002,13.882821,13.370714,13.524958,red
F037-016,F037,validation,Batch 6,8,no,raised,yes,unsure,71,2025-10-10,8,0,0,1,1,71,79.66357142857143,85.68,26.12285714285714,12.304286,13.932714,13.031535,red
F037-017,F037,validation,Batch 7,11,no,raised,no,damp,121,2025-01-06,11,0,0,0,2,121,78.90142857142858,85.86,27.353571428571428,11.773282,13.780286,13.048078,red
F037-018,F037,validation,Batch 8,17,no,floor,yes,damp,93,2025-04-26,17,0,1,1,2,93,81.43357142857143,85.66,24.945,10.900043,15.286714,13.265758,red
F037-019,F037,validation,Batch 9,20,no,floor,yes,damp,160,2024-12-08,20,0,1,1,2,160,80.43428571428569,87.53,27.237142857142857,11.22644,15.086857,14.069262,red
F037-020,F037,validation,Batch 10,14,no,raised,no,unsure,178,2024-07-16,14,0,0,0,1,178,71.40142857142855,77.39,27.400714285714287,11.292796,12.280286,12.056244,amber
F037-021,F037,validation,Batch 1,13,no,raised,no,unsure,51,2025-01-31,13,0,0,0,1,51,73.69285714285715,78.24,28.224285714285717,12.263589,12.738571,12.428042,amber
F037-022,F037,validation,Batch 2,9,no,raised,no,unsure,152,2024-12-14,9,0,0,0,1,152,79.61214285714286,87.53,27.315,12.269634,13.922429,13.456722,red
F037-023,F037,validation,Batch 3,11,no,raised,no,damp,93,2024-12-31,11,0,0,0,2,93,74.41857142857143,81.64,28.122857142857146,12.13781,12.883714,12.540073,amber
F037-024,F037,validation,Batch 4,15,no,raised,no,damp,176,2025-06-28,15,0,0,0,2,176,79.63214285714287,85.68,26.06357142857143,12.084675,13.926429,13.501549,red
F037-025,F037,validation,Batch 5,15,no,raised,yes,unsure,91,2025-09-08,15,0,0,1,1,91,81.80071428571429,88.91,26.36357142857143,11.474038,14.360143,13.008157,red
F037-026,F037,validation,Batch 6,0,no,floor,no,damp,61,2025-04-30,0,0,1,0,2,61,87.03571428571426,90.66,25.40071428571429,16.859407,16.407143,16.679179,red
F037-027,F037,validation,Batch 7,19,no,raised,yes,damp,20,2025-08-04,19,0,0,1,2,20,81.38214285714285,84.22,24.82214285714286,11.687983,14.276429,12.085357,amber
F037-028,F037,validation,Batch 8,11,no,raised,no,damp,23,2025-04-11,11,0,0,0,2,23,78.09857142857143,85.86,27.517857142857142,11.275874,13.619714,11.684682,green
F037-029,F037,validation,Batch 9,5,no,raised,no,damp,91,2024-10-11,5,0,0,0,2,91,71.40142857142855,77.39,27.400714285714287,12.844704,12.280286,12.544685,amber
F037-030,F037,validation,Batch 10,15,no,raised,no,dry,72,2024-10-22,15,0,0,0,0,72,75.70357142857144,81.58,27.132857142857144,11.959371,13.140714,12.492379,amber
F037-031,F037,validation,Batch 1,15,no,raised,yes,damp,67,2025-06-13,15,0,0,1,2,67,82.92928571428571,87.52,24.719285714285714,11.938226,14.585857,13.070984,red
F037-032,F037,validation,Batch 2,8,no,raised,no,damp,45,2025-02-07,8,0,0,0,2,45,73.70214285714287,78.24,28.172857142857143,11.729441,12.740429,12.045587,amber
F037-033,F037,validation,Batch 3,4,no,raised,yes,damp,62,2025-03-26,4,0,0,1,2,62,83.30214285714285,89.67,26.474999999999994,13.439463,14.660429,13.932116,red
F037-034,F037,validation,Batch 4,13,no,raised,no,dry,2,2025-05-01,13,0,0,0,0,2,77.85642857142857,85.86,27.577142857142857,10.989114,13.571286,11.031794,green
F037-035,F037,validation,Batch 5,11,no,floor,no,damp,91,2024-12-20,11,0,1,0,2,91,74.48857142857143,78.24,28.12714285714286,13.536791,13.897714,13.728641,red
F037-036,F037,validation,Batch 6,12,no,raised,no,damp,108,2025-08-25,12,0,0,0,2,108,82.97428571428573,88.91,26.115000000000002,11.30713,14.594857,13.258167,red
F037-037,F037,validation,Batch 7,7,no,raised,yes,damp,167,2025-06-26,7,0,0,1,2,167,82.76428571428572,88.91,26.20214285714286,13.785547,14.552857,14.362057,red
F037-038,F037,validation,Batch 8,15,no,raised,no,dry,76,2025-01-18,15,0,0,0,0,76,74.67928571428571,81.64,28.17071428571429,11.068343,12.935857,11.944544,green
F037-039,F037,validation,Batch 9,0,no,raised,no,unsure,150,2024-12-09,0,0,0,0,1,150,79.41857142857144,85.86,27.283571428571427,15.808971,13.883714,14.43531,red
F037-040,F037,validation,Batch 10,12,no,raised,yes,unsure,171,2025-07-04,12,0,0,1,1,171,79.21000000000001,84.53,26.11428571428571,11.736266,13.842,13.335553,red
F037-041,F037,validation,Batch 1,9,no,raised,yes,damp,121,2025-03-20,9,0,0,1,2,121,84.09,90.36,24.682857142857138,11.761919,14.818,13.70306,red
F037-042,F037,validation,Batch 2,12,no,raised,yes,damp,117,2025-04-04,12,0,0,1,2,117,81.2042857142857,85.66,25.041428571428575,11.862212,14.240857,13.34365,red
F037-043,F037,validation,Batch 3,8,yes,raised,yes,unsure,35,2025-04-12,8,1,0,1,1,35,80.43428571428569,87.53,27.237142857142857,13.915006,14.086857,13.958481,red
F037-044,F037,validation,Batch 4,5,no,raised,no,damp,71,2024-12-07,5,0,0,0,2,71,69.64214285714284,77.15,28.177142857142858,15.745161,11.928429,14.040624,red
F037-045,F037,validation,Batch 5,9,no,raised,yes,damp,92,2025-09-01,9,0,0,1,2,92,79.80071428571429,82.18,26.620714285714286,12.5611,13.960143,13.310205,red
F037-046,F037,validation,Batch 6,9,yes,raised,no,unsure,122,2025-08-31,9,1,0,0,1,122,77.43214285714285,81.58,26.841428571428573,15.039033,13.486429,14.048159,red
F037-047,F037,validation,Batch 7,13,yes,raised,no,damp,147,2025-01-13,13,1,0,0,2,147,83.63857142857141,88.69,26.22785714285714,11.92929,14.727714,13.905655,red
F037-048,F037,validation,Batch 8,10,no,raised,no,unsure,59,2025-01-12,10,0,0,0,1,59,72.135,77.97,28.569285714285716,10.862046,12.427,11.469865,green
F037-049,F037,validation,Batch 9,13,no,floor,yes,damp,180,2025-06-09,13,0,1,1,2,180,81.18071428571429,88.91,26.410714285714285,10.977949,15.236143,14.286011,red
F037-050,F037,validation,Batch 10,11,no,raised,no,damp,172,2025-03-09,11,0,0,0,2,172,80.03499999999998,83.94,24.977142857142855,11.106553,14.007,13.315207,red
F037-051,F037,validation,Batch 1,1,no,raised,no,damp,95,2025-08-30,1,0,0,0,2,95,80.43714285714286,88.55,26.535714285714285,16.782385,14.087429,15.308484,red
F037-052,F037,validation,Batch 2,15,no,floor,no,dry,5,2025-08-18,15,0,1,0,0,5,81.78142857142856,84.22,24.79785714285714,11.129395,15.356286,11.301897,green
F037-053,F037,validation,Batch 3,11,no,raised,yes,unsure,148,2024-12-20,11,0,0,1,1,148,80.43428571428569,87.53,27.237142857142857,11.131383,14.086857,13.225869,red
F037-054,F037,validation,Batch 4,15,no,raised,yes,damp,118,2024-10-19,15,0,0,1,2,118,70.8442857142857,78.23,27.91,13.470005,12.168857,12.655567,amber
F037-055,F037,validation,Batch 5,12,no,floor,yes,unsure,74,2025-06-11,12,0,1,1,1,74,81.38214285714285,84.22,24.82214285714286,12.845319,15.276429,13.96426,red
F037-056,F037,validation,Batch 6,2,no,floor,yes,dry,147,2025-07-19,2,0,1,1,0,147,83.23357142857144,88.91,26.002142857142854,16.450808,15.646714,15.882923,red
F037-057,F037,validation,Batch 7,11,no,floor,yes,damp,85,2025-04-01,11,0,1,1,2,85,86.83357142857143,90.66,25.43857142857143,11.695706,16.366714,14.06641,red
F037-058,F037,validation,Batch 8,8,no,raised,yes,damp,42,2025-03-23,8,0,0,1,2,42,78.09857142857143,85.86,27.517857142857142,13.078138,13.619714,13.238072,red
F037-059,F037,validation,Batch 9,10,no,raised,yes,unsure,14,2025-07-05,10,0,0,1,1,14,84.09,90.36,24.682857142857138,11.680973,14.818,12.026417,amber
F037-060,F037,validation,Batch 10,8,yes,floor,yes,damp,54,2025-10-23,8,1,1,1,2,54,82.75928571428572,88.91,25.957857142857144,13.97507,15.551857,14.546453,red
F037-061,F037,validation,Batch 1,15,no,floor,yes,damp,15,2025-07-01,15,0,1,1,2,15,85.62071428571429,90.36,24.57571428571428,12.976482,16.124143,13.346342,red
F037-062,F037,validation,Batch 2,8,yes,raised,no,unsure,19,2025-06-06,8,1,0,0,1,19,86.83357142857143,90.66,25.43857142857143,12.113273,15.366714,12.58969,amber
F037-063,F037,validation,Batch 3,11,no,floor,no,damp,150,2024-10-01,11,0,1,0,2,150,69.475,78.51,28.14642857142857,11.291156,12.895,12.435491,amber
F037-064,F037,validation,Batch 4,13,no,raised,no,unsure,20,2025-07-21,13,0,0,0,1,20,81.61642857142859,87.52,25.32571428571428,11.863305,14.323286,12.240957,amber
F037-065,F037,validation,Batch 5,2,yes,floor,yes,unsure,74,2024-12-19,2,1,1,1,1,74,69.66214285714285,78.51,28.240000000000002,18.06402,12.932429,15.702157,red
F037-066,F037,validation,Batch 6,8,no,raised,yes,damp,55,2024-12-22,8,0,0,1,2,55,70.02642857142857,77.15,28.074285714285715,12.687055,12.005286,12.436394,amber
F037-067,F037,validation,Batch 7,13,no,floor,yes,damp,84,2025-04-02,13,0,1,1,2,84,86.83357142857143,90.66,25.43857142857143,12.775888,16.366714,14.583563,red
F037-068,F037,validation,Batch 8,12,no,raised,no,damp,11,2025-07-07,12,0,0,0,2,11,84.62285714285714,90.36,24.603571428571424,13.179931,14.924571,13.332745,red
F037-069,F037,validation,Batch 9,11,no,floor,no,dry,23,2025-02-15,11,0,1,0,0,23,69.37785714285715,77.34,28.559285714285718,11.77223,12.875571,11.964673,green
F037-070,F037,validation,Batch 10,13,no,raised,yes,dry,156,2025-02-07,13,0,0,1,0,156,86.26642857142859,90.36,24.694285714285716,10.772203,15.253286,14.032048,red
F037-071,F037,validation,Batch 1,9,no,raised,yes,dry,26,2025-03-26,9,0,0,1,0,26,74.545,79.17,28.274285714285718,11.631715,12.909,11.880532,green
F037-072,F037,validation,Batch 2,3,no,raised,yes,unsure,13,2025-08-03,3,0,0,1,1,13,82.93428571428572,87.52,24.935000000000002,14.055069,14.586857,14.109668,red
F037-073,F037,validation,Batch 3,4,no,raised,yes,unsure,85,2025-04-19,4,0,0,1,1,85,86.26642857142859,90.36,24.694285714285716,15.463012,15.253286,15.356569,red
F037-074,F037,validation,Batch 4,19,yes,raised,no,damp,156,2025-02-06,19,1,0,0,2,156,86.38214285714287,90.36,24.812857142857144,12.897627,15.276429,14.62813,red
F037-075,F037,validation,Batch 5,5,no,floor,yes,damp,107,2024-11-12,5,0,1,1,2,107,70.21714285714285,78.51,28.01071428571428,15.694283,13.043429,14.130204,red
F037-076,F037,validation,Batch 6,8,no,raised,yes,damp,33,2025-11-27,8,0,0,1,2,33,76.82642857142856,81.58,26.73857142857143,13.086723,13.365286,13.153697,red
F037-077,F037,validation,Batch 7,18,no,floor,yes,unsure,106,2024-10-13,18,0,1,1,1,106,65.07714285714287,80.0,27.072142857142858,10.816394,12.015429,11.519744,green
F037-078,F037,validation,Batch 8,15,no,raised,yes,damp,176,2024-11-18,15,0,0,1,2,176,79.53785714285716,87.53,27.275000000000002,12.164014,13.907571,13.505345,red
F037-079,F037,validation,Batch 9,14,no,floor,no,dry,8,2025-08-18,14,0,1,0,0,8,80.93928571428572,83.94,24.810000000000002,11.357285,15.187857,11.60433,green
F037-080,F037,validation,Batch 10,9,yes,raised,no,damp,130,2024-11-28,9,1,0,0,2,130,75.32785714285714,81.64,28.215714285714284,12.65923,13.065571,12.928039,amber
F038-001,F038,validation,Batch 1,14,no,raised,no,damp,90,2025-02-09,14,0,0,0,2,90,79.43285714285715,85.86,27.235714285714288,11.041028,13.886571,12.542432,amber
F038-002,F038,validation,Batch 2,16,no,floor,yes,damp,176,2025-03-04,16,0,1,1,2,176,80.61571428571428,83.94,24.84142857142857,10.840996,15.123143,14.135281,red
F038-003,F038,validation,Batch 3,10,no,raised,yes,damp,131,2025-01-16,10,0,0,1,2,131,83.30214285714285,89.67,26.474999999999994,11.464011,14.660429,13.58753,red
F038-004,F038,validation,Batch 4,1,yes,raised,no,unsure,80,2025-10-08,1,1,0,0,1,80,77.29785714285713,84.53,26.512142857142855,15.055432,13.459571,14.278913,red
F038-005,F038,validation,Batch 5,4,yes,raised,yes,damp,15,2025-05-02,4,1,0,1,2,15,80.43428571428569,87.53,27.237142857142857,15.419943,14.086857,15.263302,red
F038-006,F038,validation,Batch 6,10,no,floor,no,damp,123,2025-08-02,10,0,1,0,2,123,80.43714285714286,88.55,26.535714285714285,9.872994,15.087429,13.216508,red
F038-007,F038,validation,Batch 7,9,no,raised,yes,dry,23,2025-06-04,9,0,0,1,0,23,87.11214285714286,90.66,25.310714285714287,11.432007,15.422429,12.128008,amber
F038-008,F038,validation,Batch 8,6,no,raised,yes,damp,117,2025-04-17,6,0,0,1,2,117,82.35928571428572,87.52,25.172857142857143,12.490908,14.471857,13.724658,red
F038-009,F038,validation,Batch 9,17,yes,floor,yes,unsure,111,2024-12-15,17,1,1,1,1,111,74.88714285714285,81.64,28.173571428571424,12.128323,13.977429,13.2442,red
F038-010,F038,validation,Batch 10,5,no,raised,no,damp,34,2025-02-17,5,0,0,0,2,34,73.69285714285715,78.24,28.224285714285717,13.933339,12.738571,13.638552,red
F038-011,F038,validation,Batch 1,12,yes,raised,no,damp,78,2025-09-27,12,1,0,0,2,78,83.49214285714287,88.91,25.952142857142857,11.972431,14.698429,13.275333,red
F038-012,F038,validation,Batch 2,13,no,raised,no,dry,64,2024-12-24,13,0,0,0,0,64,70.72571428571429,78.51,27.957142857142856,8.755146,12.145143,10.156414,green
F038-013,F038,validation,Batch 3,12,no,raised,no,unsure,153,2024-09-08,12,0,0,0,1,153,69.68,78.23,27.772142857142853,10.967437,11.936,11.665353,green
F038-014,F038,validation,Batch 4,13,no,floor,no,dry,5,2025-12-15,13,0,1,0,0,5,79.66357142857143,85.68,26.12285714285714,9.679269,14.932714,9.893665,green
F038-015,F038,validation,Batch 5,6,yes,raised,yes,damp,94,2025-09-02,6,1,0,1,2,94,81.12357142857142,88.91,26.405714285714286,13.014044,14.224714,13.671583,red
F038-016,F038,validation,Batch 6,2,no,raised,no,damp,147,2024-08-08,2,0,0,0,2,147,75.70357142857144,81.58,27.132857142857144,14.630712,13.140714,13.578413,red
F038-017,F038,validation,Batch 7,16,no,raised,no,damp,120,2025-01-10,16,0,0,0,2,120,79.43285714285715,85.86,27.235714285714288,9.39449,13.886571,12.234027,amber
F038-018,F038,validation,Batch 8,9,no,raised,no,damp,11,2024-12-24,9,0,0,0,2,11,75.20214285714285,81.58,27.287857142857142,10.379233,13.040429,10.61233,green
F038-019,F038,validation,Batch 9,18,no,floor,no,dry,18,2025-05-13,18,0,1,0,0,18,83.37642857142858,89.67,26.362142857142857,9.498081,15.675286,10.358516,green
F038-020,F038,validation,Batch 10,3,yes,raised,no,unsure,15,2025-05-15,3,1,0,0,1,15,83.83642857142857,89.67,26.28714285714286,16.618529,14.767286,16.401002,red
F038-021,F038,validation,Batch 1,15,no,floor,no,damp,114,2025-02-04,15,0,1,0,2,114,83.82428571428571,89.67,26.346428571428568,10.648996,15.764857,13.786344,red
F038-022,F038,validation,Batch 2,21,no,raised,no,dry,7,2025-06-06,21,0,0,0,0,7,84.74428571428571,88.69,26.12928571428571,11.222414,14.948857,11.433571,green
F038-023,F038,validation,Batch 3,8,no,floor,no,dry,14,2025-06-03,8,0,1,0,0,14,85.82714285714287,88.69,25.703571428571426,9.50294,16.165429,10.236601,green
F038-024,F038,validation,Batch 4,3,no,raised,no,damp,58,2024-11-06,3,0,0,0,2,58,75.87571428571428,81.58,27.164285714285718,15.049236,13.175143,14.330941,red
F038-025,F038,validation,Batch 5,7,no,raised,yes,damp,175,2024-11-21,7,0,0,1,2,175,79.61214285714286,87.53,27.315,11.674895,13.922429,13.399599,red
F038-026,F038,validation,Batch 6,2,no,raised,no,unsure,96,2025-04-25,2,0,0,0,1,96,81.2042857142857,85.66,25.041428571428575,15.010416,14.240857,14.586642,red
F038-027,F038,validation,Batch 7,17,no,raised,yes,unsure,43,2025-04-13,17,0,0,1,1,43,83.72357142857142,89.67,26.41928571428571,10.958769,14.744714,12.098944,amber
F038-028,F038,validation,Batch 8,13,no,floor,no,damp,124,2024-10-05,13,0,1,0,2,124,69.12214285714286,78.23,27.645,10.77655,12.824429,12.095754,amber
F038-029,F038,validation,Batch 9,14,no,raised,no,dry,104,2025-01-30,14,0,0,0,0,104,79.49928571428573,87.53,27.308571428571433,9.322456,13.899857,11.975745,green
F038-030,F038,validation,Batch 10,8,no,raised,no,dry,139,2024-09-03,8,0,0,0,0,139,60.44642857142857,71.7,26.49785714285714,11.108638,10.089286,10.409372,green
F038-031,F038,validation,Batch 1,11,yes,floor,yes,damp,162,2024-11-07,11,1,1,1,2,162,74.38499999999999,78.56,28.30785714285715,12.023204,13.877,13.396422,red
F038-032,F038,validation,Batch 2,10,yes,floor,no,damp,2,2025-07-28,10,1,1,0,2,2,81.2042857142857,85.66,25.041428571428575,12.623887,15.240857,12.667141,amber
F038-033,F038,validation,Batch 3,3,yes,floor,yes,damp,70,2025-06-19,3,1,1,1,2,70,80.03499999999998,83.94,24.977142857142855,15.260184,15.007,15.148285,red
F038-034,F038,validation,Batch 4,0,yes,raised,yes,damp,107,2024-11-06,0,1,0,1,2,107,72.98214285714285,77.15,28.216428571428573,15.81951,12.596429,13.917801,red
F038-035,F038,validation,Batch 5,5,no,floor,no,damp,132,2024-12-10,5,0,1,0,2,132,74.545,79.17,28.274285714285718,13.604171,13.909,13.807531,red
F038-036,F038,validation,Batch 6,15,no,raised,yes,damp,80,2025-02-26,15,0,0,1,2,80,80.43428571428569,87.53,27.237142857142857,10.025803,14.086857,12.001842,amber
F038-037,F038,validation,Batch 7,7,yes,raised,yes,damp,72,2025-10-09,7,1,0,1,2,72,79.66357142857143,85.68,26.12285714285714,11.857666,13.932714,12.793904,amber
F038-038,F038,validation,Batch 8,13,no,raised,no,damp,94,2025-09-10,13,0,0,0,2,94,83.23357142857144,88.91,26.002142857142854,10.461261,14.646714,12.734462,amber
F038-039,F038,validation,Batch 9,2,yes,raised,no,damp,18,2025-07-05,2,1,0,0,2,18,82.88642857142858,85.73,24.794999999999998,16.630096,14.577286,16.344156,red
F038-040,F038,validation,Batch 10,13,no,floor,yes,damp,89,2025-05-23,13,0,1,1,2,89,82.54214285714285,87.52,24.740000000000002,9.999377,15.508429,12.88436,amber
F038-041,F038,validation,Batch 1,23,no,floor,no,damp,121,2025-01-04,23,0,1,0,2,121,79.06857142857145,85.86,27.321428571428573,9.888321,14.813714,13.0168,red
F038-042,F038,validation,Batch 2,10,no,raised,no,unsure,77,2024-10-24,10,0,0,0,1,77,72.47714285714285,81.58,27.456428571428567,9.954019,12.495429,11.157594,green
F038-043,F038,validation,Batch 3,5,no,floor,no,damp,157,2024-12-03,5,0,1,0,2,157,80.06714285714285,85.86,27.197142857142858,12.537427,15.013429,14.344239,red
F038-044,F038,validation,Batch 4,18,yes,raised,no,dry,9,2025-02-11,18,1,0,0,0,9,72.97857142857141,77.15,28.245,10.291263,12.595714,10.457775,green
F038-045,F038,validation,Batch 5,17,no,raised,no,dry,33,2024-12-13,17,0,0,0,0,33,64.50571428571428,75.06,26.87357142857143,10.36954,10.901143,10.497352,green
F038-046,F038,validation,Batch 6,11,no,raised,no,unsure,48,2025-02-08,11,0,0,0,1,48,73.63142857142857,81.64,28.07000000000001,11.688038,12.726286,12.030327,amber
F038-047,F038,validation,Batch 7,8,no,floor,no,unsure,26,2025-01-30,8,0,1,0,1,26,72.28857142857143,78.51,27.972142857142853,11.531553,13.457714,11.906773,green
F038-048,F038,validation,Batch 8,3,no,floor,yes,dry,51,2025-04-07,3,0,1,1,0,51,83.45642857142856,89.67,26.444999999999993,13.215097,15.691286,14.072428,red
F038-049,F038,validation,Batch 9,7,yes,floor,yes,damp,88,2025-03-09,7,1,1,1,2,88,83.76857142857143,89.67,26.266428571428573,13.13219,15.753714,14.494582,red
F038-050,F038,validation,Batch 10,11,yes,raised,no,damp,138,2024-11-03,11,1,0,0,2,138,74.48857142857143,78.24,28.12714285714286,11.764401,12.897714,12.538866,amber
F038-051,F038,validation,Batch 1,14,yes,raised,yes,dry,173,2024-12-27,14,1,0,1,0,173,85.98428571428573,90.66,25.713571428571424,12.215827,15.196857,14.491745,red
F038-052,F038,validation,Batch 2,4,no,floor,no,unsure,72,2025-03-10,4,0,1,0,1,72,81.66928571428572,87.53,26.825,11.520196,15.333857,13.240876,red
F038-053,F038,validation,Batch 3,12,no,raised,no,dry,27,2025-03-20,12,0,0,0,0,27,74.27428571428572,78.56,28.309285714285718,10.482864,12.854857,10.960782,green
F038-054,F038,validation,Batch 4,13,no,floor,no,damp,111,2024-10-19,13,0,1,0,2,111,69.6592857142857,78.23,27.688571428571425,11.251952,12.931857,12.265722,amber
F038-055,F038,validation,Batch 5,11,no,raised,yes,damp,174,2025-02-17,11,0,0,1,2,174,81.61642857142859,87.52,25.32571428571428,10.483114,14.323286,13.422496,red
F038-056,F038,validation,Batch 6,11,no,floor,no,dry,84,2024-10-18,11,0,1,0,0,84,71.40142857142855,77.39,27.400714285714287,10.007042,13.280286,11.654841,green
F038-057,F038,validation,Batch 7,17,yes,floor,no,damp,119,2024-10-16,17,1,1,0,2,119,70.62928571428571,78.23,27.86357142857143,11.933747,13.125857,12.683635,amber
F038-058,F038,validation,Batch 8,4,no,raised,no,damp,70,2025-01-07,4,0,0,0,2,70,74.94785714285715,78.24,28.134285714285717,15.302558,12.989571,14.280299,red
F038-059,F038,validation,Batch 9,11,no,raised,no,damp,91,2025-03-14,11,0,0,0,2,91,84.74428571428571,88.69,26.12928571428571,9.632846,14.948857,12.45859,amber
F038-060,F038,validation,Batch 10,12,no,raised,no,dry,7,2025-06-29,12,0,0,0,0,7,86.22642857142857,90.2,25.14428571428572,11.251157,15.245286,11.477483,green
F038-061,F038,validation,Batch 1,15,no,raised,no,damp,57,2025-05-01,15,0,0,0,2,57,87.11214285714286,90.66,25.310714285714287,10.09309,15.422429,12.108192,amber
F038-062,F038,validation,Batch 2,12,yes,raised,no,unsure,160,2025-01-14,12,1,0,0,1,160,86.86357142857142,90.66,25.509999999999998,12.417013,15.372714,14.5936,red
F038-063,F038,validation,Batch 3,10,no,raised,no,damp,180,2024-12-06,10,0,0,0,2,180,83.81857142857143,89.67,26.320714285714285,9.86355,14.763714,13.67034,red
F038-064,F038,validation,Batch 4,5,no,raised,no,unsure,66,2025-05-05,5,0,0,0,1,66,86.46428571428571,90.36,24.877857142857145,12.262941,15.292857,13.544748,red
F038-065,F038,validation,Batch 5,17,yes,floor,no,damp,69,2025-03-12,17,1,1,0,2,69,81.05857142857143,87.53,26.972142857142853,10.787617,15.211714,12.722253,amber
F038-066,F038,validation,Batch 6,10,yes,floor,yes,damp,51,2025-05-24,10,1,1,1,2,51,85.99071428571429,90.36,24.598571428571432,12.470651,16.198143,13.761222,red
F038-067,F038,validation,Batch 7,11,no,raised,no,dry,39,2025-01-19,11,0,0,0,0,39,70.21714285714285,78.51,28.01071428571428,9.966388,12.043429,10.54271,green
F038-068,F038,validation,Batch 8,18,no,raised,no,dry,20,2025-04-25,18,0,0,0,0,20,79.61214285714286,87.53,27.315,11.449788,13.922429,11.829383,green
F038-069,F038,validation,Batch 9,15,no,raised,no,dry,89,2024-10-21,15,0,0,0,0,89,61.981428571428566,71.7,26.548571428571428,9.653934,10.396286,10.042689,green
F038-070,F038,validation,Batch 10,14,no,raised,no,dry,110,2024-10-22,14,0,0,0,0,110,69.97785714285715,78.23,27.793571428571422,10.750758,11.995571,11.497833,green
F038-071,F038,validation,Batch 1,14,no,raised,yes,unsure,149,2025-01-18,14,0,0,1,1,149,85.54642857142858,88.69,25.76142857142857,10.12499,15.109286,13.669311,red
F038-072,F038,validation,Batch 2,13,no,raised,no,damp,80,2025-09-13,13,0,0,0,2,80,79.80071428571429,82.18,26.620714285714286,11.310073,13.960143,12.599552,amber
F038-073,F038,validation,Batch 3,21,no,raised,no,dry,80,2025-10-05,21,0,0,0,0,80,78.56142857142858,84.53,26.22714285714286,9.940212,13.712286,11.775639,green
F038-074,F038,validation,Batch 4,17,no,raised,yes,damp,140,2025-01-14,17,0,0,1,2,140,83.73142857142857,89.67,26.414285714285715,11.021255,14.746286,13.586299,red
F038-075,F038,validation,Batch 5,4,no,floor,no,damp,173,2024-11-14,4,0,1,0,2,173,79.15428571428572,85.86,27.290714285714284,12.903345,14.830857,14.374937,red
F038-076,F038,validation,Batch 6,10,no,raised,no,damp,143,2025-02-22,10,0,0,0,2,143,85.73071428571428,90.36,24.577857142857145,9.06631,15.146143,13.299609,red
F038-077,F038,validation,Batch 7,3,no,floor,yes,dry,139,2024-09-14,3,0,1,1,0,139,68.05357142857142,80.0,27.29357142857143,13.376072,12.610714,12.851044,amber
F038-078,F038,validation,Batch 8,11,yes,raised,no,unsure,108,2024-11-08,11,1,0,0,1,108,72.81714285714285,78.51,28.025000000000002,9.877289,12.563429,11.471326,green
F038-079,F038,validation,Batch 9,9,no,raised,yes,dry,76,2025-10-04,9,0,0,1,0,76,80.28499999999998,85.68,26.07571428571429,11.15533,14.057,12.516737,amber
F038-080,F038,validation,Batch 10,9,no,raised,yes,dry,101,2025-03-15,9,0,0,1,0,101,86.75428571428571,90.66,25.47714285714286,10.502568,15.350857,13.261285,red
F039-001,F039,train,Batch 1,9,no,raised,yes,dry,132,2024-09-24,9,0,0,1,0,132,72.24571428571429,80.0,27.539285714285715,10.114558,12.449143,11.672027,green
F039-002,F039,train,Batch 2,14,no,floor,no,damp,114,2024-09-19,14,0,1,0,2,114,69.75357142857142,77.39,27.245714285714286,10.583887,12.950714,12.035365,amber
F039-003,F039,train,Batch 3,9,no,raised,no,unsure,94,2024-10-29,9,0,0,0,1,94,68.05357142857142,80.0,27.29357142857143,10.630615,11.610714,11.162926,green
F039-004,F039,train,Batch 4,13,no,raised,no,damp,60,2025-03-17,13,0,0,0,2,60,80.00642857142854,87.53,27.298571428571428,10.351084,14.001286,11.787326,green
F039-005,F039,train,Batch 5,14,no,floor,yes,damp,150,2025-02-15,14,0,1,1,2,150,85.73071428571428,90.36,24.577857142857145,12.420553,16.146143,15.078743,red
F039-006,F039,train,Batch 6,11,yes,raised,no,damp,12,2025-05-26,11,1,0,0,2,12,83.22428571428573,88.69,26.26285714285714,12.047054,14.644857,12.294268,amber
F039-007,F039,train,Batch 7,12,no,floor,no,damp,17,2025-01-19,12,0,1,0,2,17,70.09071428571428,80.0,27.528571428571432,10.973419,13.018143,11.243506,green
F039-008,F039,train,Batch 8,13,no,floor,yes,damp,150,2024-10-07,13,0,1,1,2,150,70.05642857142858,78.51,28.15857142857143,10.335843,13.011286,12.244758,amber
F039-009,F039,train,Batch 9,8,no,floor,yes,damp,49,2025-05-08,8,0,1,1,2,49,87.19285714285716,90.66,25.372142857142855,11.771305,16.438571,13.335972,red
F039-010,F039,train,Batch 10,9,no,raised,yes,unsure,118,2025-02-01,9,0,0,1,1,118,83.83642857142857,89.67,26.28714285714286,12.391893,14.767286,13.878741,red
F039-011,F039,train,Batch 1,8,no,raised,no,dry,81,2025-01-29,8,0,0,0,0,81,74.66,79.17,28.26928571428571,11.458306,12.932,12.181659,amber
F039-012,F039,train,Batch 2,15,no,raised,no,damp,124,2025-02-07,15,0,0,0,2,124,84.24571428571429,88.69,26.153571428571418,11.544344,14.849143,13.673233,red
F039-013,F039,train,Batch 3,13,no,floor,yes,damp,166,2024-10-07,13,0,1,1,2,166,74.04142857142858,78.24,28.189285714285717,11.452827,13.808286,13.217675,red
F039-014,F039,train,Batch 4,12,no,raised,no,damp,85,2024-12-22,12,0,0,0,2,85,75.175,78.24,28.174999999999994,11.416773,13.035,12.238081,amber
F039-015,F039,train,Batch 5,0,no,raised,yes,dry,85,2025-09-12,0,0,0,1,0,85,81.18071428571429,88.91,26.410714285714285,16.125089,14.236143,15.166381,red
F039-016,F039,train,Batch 6,16,no,raised,yes,unsure,81,2025-01-04,16,0,0,1,1,81,73.82714285714287,81.64,28.066428571428577,11.408488,12.765429,12.074533,amber
F039-017,F039,train,Batch 7,15,no,raised,no,damp,138,2025-03-20,15,0,0,0,2,138,80.63071428571428,85.31,25.315,10.668771,14.126143,13.031412,red
F039-018,F039,train,Batch 8,12,no,raised,no,damp,33,2025-04-03,12,0,0,0,2,33,79.15428571428572,85.86,27.290714285714284,11.482945,13.830857,12.047449,amber
F039-019,F039,train,Batch 9,7,yes,floor,no,dry,128,2024-09-01,7,1,1,0,0,128,73.03285714285713,81.58,27.448571428571427,14.89187,13.606571,14.048912,red
F039-020,F039,train,Batch 10,12,no,floor,yes,unsure,102,2024-12-25,12,0,1,1,1,102,75.43071428571427,81.64,28.13,11.172583,14.086143,12.840844,amber
F039-021,F039,train,Batch 1,11,no,raised,yes,unsure,105,2025-05-14,11,0,0,1,1,105,80.61571428571428,83.94,24.84142857142857,11.045166,14.123143,12.840051,amber
F039-022,F039,train,Batch 2,4,no,raised,no,unsure,164,2024-09-23,4,0,0,0,1,164,70.05642857142858,78.51,28.15857142857143,14.946885,12.011286,12.759733,amber
F039-023,F039,train,Batch 3,3,no,raised,no,dry,9,2025-02-17,3,0,0,0,0,9,70.72571428571429,78.51,27.957142857142856,14.758969,12.145143,14.570103,red
F039-024,F039,train,Batch 4,10,no,floor,yes,damp,130,2025-03-25,10,0,1,1,2,130,81.0392857142857,85.66,25.20285714285714,9.912836,15.207857,13.415676,red
F039-025,F039,train,Batch 5,7,no,floor,yes,damp,147,2024-10-31,7,0,1,1,2,147,73.88571428571429,81.64,28.015000000000004,12.624285,13.777143,13.438482,red
F039-026,F039,train,Batch 6,12,yes,raised,yes,unsure,5,2025-07-09,12,1,0,1,1,5,85.99071428571429,90.36,24.598571428571432,13.145356,15.198143,13.229132,red
F039-027,F039,train,Batch 7,11,no,raised,no,dry,0,2025-04-30,11,0,0,0,0,0,77.68714285714285,85.86,27.78928571428571,10.50959,13.537429,10.50959,green
F039-028,F039,train,Batch 8,13,no,raised,yes,damp,165,2024-11-16,13,0,0,1,2,165,77.68714285714285,85.86,27.78928571428571,10.879878,13.537429,12.865495,amber
F039-029,F039,train,Batch 9,10,no,raised,no,unsure,42,2025-03-29,10,0,0,0,1,42,79.43285714285715,85.86,27.235714285714288,9.895627,13.886571,11.0742,green
F039-030,F039,train,Batch 10,11,yes,raised,no,damp,63,2025-02-06,11,1,0,0,2,63,73.99785714285713,79.69,28.497142857142855,13.117139,12.799571,12.98743,amber
F039-031,F039,train,Batch 1,4,no,floor,no,unsure,3,2025-01-09,4,0,1,0,1,3,67.82428571428571,76.4,27.097857142857144,13.367378,12.564857,13.347563,red
F039-032,F039,train,Batch 2,7,no,raised,no,damp,29,2025-07-27,7,0,0,0,2,29,80.9592857142857,84.22,24.856428571428577,13.568682,14.191857,13.702467,red
F039-033,F039,train,Batch 3,9,no,raised,no,damp,44,2025-06-15,9,0,0,0,2,44,81.26071428571427,85.66,25.032142857142862,12.119355,14.252143,12.774034,amber
F039-034,F039,train,Batch 4,13,no,raised,no,dry,49,2025-01-25,13,0,0,0,0,49,74.35285714285715,78.24,28.287857142857142,11.006944,12.870571,11.631712,green
F039-035,F039,train,Batch 5,0,no,raised,no,damp,42,2025-04-12,0,0,0,0,2,42,83.17142857142858,89.67,26.565714285714282,16.705174,14.634286,16.093616,red
F039-036,F039,train,Batch 6,6,no,raised,no,damp,163,2024-10-12,6,0,0,0,2,163,73.70214285714287,78.24,28.172857142857143,11.340355,12.740429,12.380485,amber
F039-037,F039,train,Batch 7,8,no,raised,yes,unsure,65,2025-05-03,8,0,0,1,1,65,86.22142857142856,90.2,25.115000000000006,11.798292,15.244286,13.239483,red
F039-038,F039,train,Batch 8,7,no,raised,yes,dry,165,2024-08-14,7,0,0,1,0,165,63.680714285714295,80.0,26.958571428571425,12.932935,10.736143,11.291579,green
F039-039,F039,train,Batch 9,7,yes,raised,yes,unsure,166,2024-10-26,7,1,0,1,1,166,73.99785714285713,79.69,28.497142857142855,13.983322,12.799571,13.096387,red
F039-040,F039,train,Batch 10,9,no,raised,yes,dry,100,2025-03-29,9,0,0,1,0,100,86.22142857142856,90.2,25.115000000000006,11.176648,15.244286,13.476498,red
F039-041,F039,train,Batch 1,11,no,raised,yes,damp,84,2025-05-05,11,0,0,1,2,84,81.43357142857143,85.66,24.945,11.613778,14.286714,12.959374,amber
F039-042,F039,train,Batch 2,19,no,raised,yes,damp,18,2025-07-13,19,0,0,1,2,18,81.15499999999999,85.66,25.083571428571425,12.59028,14.231,12.818819,amber
F039-043,F039,train,Batch 3,10,no,floor,no,damp,175,2024-08-16,10,0,1,0,2,175,69.6592857142857,78.23,27.688571428571425,13.318984,12.931857,13.021912,red
F039-044,F039,train,Batch 4,13,no,floor,yes,unsure,79,2025-05-21,13,0,1,1,1,79,81.1557142857143,87.52,25.33142857142857,9.7137,15.231143,12.374688,amber
F039-045,F039,train,Batch 5,14,no,raised,no,unsure,172,2024-08-08,14,0,0,0,1,172,65.07714285714287,80.0,27.072142857142858,11.221451,11.015429,11.064567,green
F039-046,F039,train,Batch 6,14,no,raised,yes,damp,118,2025-01-09,14,0,0,1,2,118,78.90142857142858,85.86,27.353571428571428,12.907283,13.780286,13.453728,red
F039-047,F039,train,Batch 7,11,no,floor,yes,damp,130,2025-08-13,11,0,1,1,2,130,79.63214285714287,85.68,26.06357142857143,11.595951,14.926429,13.799177,red
F039-048,F039,train,Batch 8,14,no,floor,no,dry,8,2025-03-31,14,0,1,0,0,8,75.32857142857142,81.64,28.277142857142852,9.631963,14.065714,9.917909,green
F039-049,F039,train,Batch 9,8,no,raised,yes,damp,3,2025-05-14,8,0,0,1,2,3,80.43428571428569,87.53,27.237142857142857,13.351344,14.086857,13.369504,red
F039-050,F039,train,Batch 10,9,yes,floor,yes,dry,96,2025-01-23,9,1,1,1,0,96,77.49857142857142,85.86,27.85928571428571,13.250656,14.499714,13.938476,red
F039-051,F039,train,Batch 1,12,no,raised,no,damp,82,2025-05-02,12,0,0,0,2,82,82.88642857142858,85.73,24.794999999999998,10.816068,14.577286,12.67813,amber
F039-052,F039,train,Batch 2,13,no,raised,no,dry,41,2025-07-20,13,0,0,0,0,41,79.12071428571427,83.94,25.159285714285716,10.007426,13.824143,11.112041,green
F039-053,F039,train,Batch 3,4,yes,floor,no,damp,99,2025-04-30,4,1,1,0,2,99,80.57857142857144,85.31,25.376428571428573,14.343477,15.115714,14.777293,red
F039-054,F039,train,Batch 4,9,no,floor,no,dry,20,2025-05-24,9,0,1,0,0,20,84.74428571428571,88.69,26.12928571428571,10.23744,15.948857,11.114247,green
F039-055,F039,train,Batch 5,12,no,floor,yes,damp,109,2025-03-14,12,0,1,1,2,109,86.74642857142855,90.66,25.40357142857143,10.800866,16.349286,14.112187,red
F039-056,F039,train,Batch 6,3,yes,raised,no,damp,27,2025-01-30,3,1,0,0,2,27,70.72571428571429,78.51,27.957142857142856,15.060726,12.145143,14.473284,red
F039-057,F039,train,Batch 7,16,no,raised,no,damp,29,2025-02-21,16,0,0,0,2,29,74.04142857142858,78.24,28.189285714285717,11.558898,12.808286,11.827119,green
F039-058,F039,train,Batch 8,10,no,raised,no,damp,99,2025-04-18,10,0,0,0,2,99,81.87142857142858,85.66,24.78214285714285,9.756624,14.374286,12.350665,amber
F039-059,F039,train,Batch 9,8,no,raised,yes,damp,113,2025-08-20,8,0,0,1,2,113,82.97428571428573,88.91,26.115000000000002,12.276767,14.594857,13.690854,red
F039-060,F039,train,Batch 10,17,yes,raised,no,dry,155,2024-10-03,17,1,0,0,0,155,69.60785714285714,78.51,28.26928571428571,12.113629,11.921571,11.974351,green
F039-061,F039,train,Batch 1,11,yes,raised,no,dry,125,2024-09-22,11,1,0,0,0,125,62.06642857142857,80.0,26.784999999999997,12.586159,10.413286,11.180019,green
F039-062,F039,train,Batch 2,11,yes,raised,yes,damp,64,2025-02-26,11,1,0,1,2,64,77.765,85.86,27.712142857142855,14.292638,13.553,13.986906,red
F039-063,F039,train,Batch 3,7,no,floor,yes,dry,121,2025-01-17,7,0,1,1,0,121,80.8785714285714,87.53,27.093571428571426,11.77453,15.175714,13.934872,red
F039-064,F039,train,Batch 4,1,no,raised,yes,damp,78,2025-09-26,1,0,0,1,2,78,83.23357142857144,88.91,26.002142857142854,15.210968,14.646714,14.941281,red
F039-065,F039,train,Batch 5,4,no,raised,yes,damp,127,2025-03-04,4,0,0,1,2,127,86.75142857142858,90.36,24.902857142857147,14.281093,15.350286,14.97924,red
F039-066,F039,train,Batch 6,8,no,floor,no,damp,90,2024-10-09,8,0,1,0,2,90,73.03285714285713,81.58,27.448571428571427,11.476642,13.606571,12.600464,amber
F039-067,F039,train,Batch 7,13,no,raised,no,dry,176,2024-07-26,13,0,0,0,0,176,61.981428571428566,71.7,26.548571428571428,10.280933,10.396286,10.369675,green
F039-068,F039,train,Batch 8,2,no,floor,no,damp,51,2025-04-14,2,0,1,0,2,51,83.81857142857143,89.67,26.320714285714285,14.499916,15.763714,14.937481,red
F039-069,F039,train,Batch 9,10,no,raised,no,damp,82,2025-01-29,10,0,0,0,2,82,74.545,79.17,28.274285714285718,10.714845,12.909,11.801103,green
F039-070,F039,train,Batch 10,7,no,raised,no,dry,145,2025-04-03,7,0,0,0,0,145,80.93928571428572,83.94,24.810000000000002,12.740682,14.187857,13.755594,red
F039-071,F039,train,Batch 1,7,no,raised,no,damp,131,2024-12-03,7,0,0,0,2,131,74.16142857142857,79.69,28.390000000000008,11.28092,12.832286,12.311559,amber
F039-072,F039,train,Batch 2,8,no,raised,yes,unsure,59,2025-04-15,8,0,0,1,1,59,84.74428571428571,88.69,26.12928571428571,10.923009,14.948857,12.486624,amber
F039-073,F039,train,Batch 3,4,no,raised,yes,unsure,118,2025-08-28,4,0,0,1,1,118,78.56142857142858,84.53,26.22714285714286,15.556173,13.712286,14.402014,red
F039-074,F039,train,Batch 4,3,no,raised,no,damp,131,2024-10-08,3,0,0,0,2,131,69.64214285714284,77.15,28.177142857142858,14.866967,11.928429,12.914768,amber
F039-075,F039,train,Batch 5,6,no,raised,yes,damp,41,2024-12-28,6,0,0,1,2,41,69.6592857142857,78.23,27.688571428571425,13.240874,11.931857,12.862025,amber
F039-076,F039,train,Batch 6,9,no,floor,yes,dry,61,2025-10-26,9,0,1,1,0,61,77.45285714285713,84.53,26.44928571428571,12.422194,14.490571,13.246448,red
F039-077,F039,train,Batch 7,17,no,floor,yes,damp,141,2024-12-03,17,0,1,1,2,141,75.51857142857143,82.23,28.140714285714278,11.602664,14.103714,13.331343,red
F039-078,F039,train,Batch 8,5,yes,floor,yes,damp,32,2024-12-17,5,1,1,1,2,32,61.981428571428566,71.7,26.548571428571428,16.822979,11.396286,15.552744,red
F039-079,F039,train,Batch 9,13,no,floor,no,unsure,168,2024-09-26,13,0,1,0,1,168,72.97285714285715,78.24,28.48857142857143,10.71013,13.594571,12.883277,amber
F039-080,F039,train,Batch 10,16,yes,raised,yes,damp,161,2025-02-04,16,1,0,1,2,161,85.73071428571428,90.36,24.577857142857145,12.79362,15.146143,14.531171,red
F040-001,F040,train,Batch 1,10,no,raised,no,unsure,131,2025-08-14,10,0,0,0,1,131,78.93857142857144,84.53,26.16785714285714,11.419577,13.787714,12.992833,amber
F040-002,F040,train,Batch 2,13,no,floor,no,unsure,25,2025-11-17,13,0,1,0,1,25,83.04428571428572,88.91,26.052142857142858,9.639405,15.608857,10.762042,green
F040-003,F040,train,Batch 3,10,no,raised,yes,unsure,172,2024-07-19,10,0,0,1,1,172,73.03285714285713,81.58,27.448571428571427,10.226886,12.606571,12.038986,amber
F040-004,F040,train,Batch 4,10,yes,raised,no,unsure,59,2025-02-21,10,1,0,0,1,59,74.545,79.17,28.274285714285718,14.102439,12.909,13.638915,red
F040-005,F040,train,Batch 5,1,no,raised,yes,damp,163,2025-01-05,1,0,0,1,2,163,85.82714285714287,88.69,25.703571428571426,14.252984,15.165429,14.930849,red
F040-006,F040,train,Batch 6,1,yes,floor,yes,damp,15,2025-06-06,1,1,1,1,2,15,86.61928571428571,90.66,25.617142857142852,16.092103,16.323857,16.119335,red
F040-007,F040,train,Batch 7,0,no,raised,yes,damp,132,2025-08-10,0,0,0,1,2,132,79.66357142857143,85.68,26.12285714285714,15.570253,13.932714,14.477804,red
F040-008,F040,train,Batch 8,16,no,floor,no,dry,6,2025-03-07,16,0,1,0,0,6,72.97285714285715,78.24,28.48857142857143,11.303154,13.594571,11.414908,green
F040-009,F040,train,Batch 9,3,no,raised,no,damp,48,2025-04-19,3,0,0,0,2,48,83.2942857142857,89.67,26.285,14.544179,14.658857,14.581986,red
F040-010,F040,train,Batch 10,7,yes,floor,yes,damp,131,2024-10-02,7,1,1,1,2,131,70.24214285714285,78.23,27.80785714285714,14.101212,13.048429,13.401802,red
F040-011,F040,train,Batch 1,11,no,floor,no,dry,139,2024-09-05,11,0,1,0,0,139,59.89357142857143,71.7,26.52571428571428,11.098139,10.978714,11.016215,green
F040-012,F040,train,Batch 2,12,no,floor,yes,dry,179,2025-02-25,12,0,1,1,0,179,81.78142857142856,84.22,24.79785714285714,11.611113,15.356286,14.513632,red
F040-013,F040,train,Batch 3,14,yes,raised,no,unsure,166,2024-09-28,14,1,0,0,1,166,72.97285714285715,78.24,28.48857142857143,11.783051,12.594571,12.39109,amber
F040-014,F040,train,Batch 4,14,no,raised,no,unsure,132,2024-09-15,14,0,0,0,1,132,62.06642857142857,80.0,26.784999999999997,10.004426,10.413286,10.277188,green
F040-015,F040,train,Batch 5,19,no,floor,no,dry,151,2025-04-01,19,0,1,0,0,151,79.12071428571427,83.94,25.159285714285716,9.972164,14.824143,13.445564,red
F040-016,F040,train,Batch 6,3,no,raised,yes,dry,47,2025-03-16,3,0,0,1,0,47,77.74571428571429,85.86,27.639285714285712,13.410829,13.549143,13.455652,red
F040-017,F040,train,Batch 7,13,no,raised,no,dry,17,2025-04-03,13,0,0,0,0,17,74.66,79.17,28.26928571428571,10.913149,12.932,11.179818,green
F040-018,F040,train,Batch 8,11,no,raised,no,damp,56,2025-06-10,11,0,0,0,2,56,80.63071428571428,85.31,25.315,10.933165,14.126143,12.123861,amber
F040-019,F040,train,Batch 9,10,no,floor,no,dry,10,2025-02-09,10,0,1,0,0,10,72.61214285714284,77.15,28.237857142857145,9.93545,13.522429,10.222249,green
F040-020,F040,train,Batch 10,19,no,raised,no,unsure,44,2025-02-22,19,0,0,0,1,44,75.32785714285714,81.64,28.215714285714284,10.979301,13.065571,11.619701,green
F040-021,F040,train,Batch 1,16,no,floor,no,dry,9,2025-07-26,16,0,1,0,0,9,80.98571428571428,85.66,25.265000000000004,11.013468,15.197143,11.315765,green
F040-022,F040,train,Batch 2,16,no,raised,no,unsure,74,2025-09-26,16,0,0,0,1,74,82.38214285714285,88.91,26.270000000000003,11.088844,14.476429,12.648012,amber
F040-023,F040,train,Batch 3,10,no,raised,no,unsure,88,2024-10-22,10,0,0,0,1,88,61.981428571428566,71.7,26.548571428571428,11.01266,10.396286,10.692334,green
F040-024,F040,train,Batch 4,9,no,floor,no,damp,177,2025-06-25,9,0,1,0,2,177,80.28499999999998,85.68,26.07571428571429,11.222602,15.057,14.179771,red
F040-025,F040,train,Batch 5,16,yes,raised,no,dry,156,2024-08-10,16,1,0,0,0,156,66.08428571428571,75.51,26.992142857142856,11.904411,11.216857,11.404237,green
F040-026,F040,train,Batch 6,10,no,floor,yes,damp,143,2024-10-27,10,0,1,1,2,143,74.49142857142859,78.24,28.226428571428578,11.010333,13.898286,13.021172,red
F040-027,F040,train,Batch 7,8,no,floor,no,dry,10,2025-02-04,8,0,1,0,0,10,70.8442857142857,78.23,27.91,10.170879,13.168857,10.410584,green
F040-028,F040,train,Batch 8,10,no,floor,no,dry,20,2025-11-20,10,0,1,0,0,20,82.76428571428572,88.91,26.20214285714286,11.291847,15.552857,11.94599,green
F040-029,F040,train,Batch 9,13,no,floor,no,dry,138,2024-10-17,13,0,1,0,0,138,70.14928571428571,78.51,28.16142857142857,12.112065,13.029857,12.73925,amber
F040-030,F040,train,Batch 10,16,no,floor,yes,damp,121,2025-08-08,16,0,1,1,2,121,81.2092857142857,88.91,26.431428571428572,9.977763,15.241857,13.321376,red
F040-031,F040,train,Batch 1,6,no,floor,no,damp,95,2024-11-29,6,0,1,0,2,95,70.14928571428571,78.51,28.16142857142857,12.781481,13.029857,12.917321,amber
F040-032,F040,train,Batch 2,2,no,floor,yes,damp,136,2025-03-09,2,0,1,1,2,136,82.88642857142858,85.73,24.794999999999998,14.850857,15.577286,15.343406,red
F040-033,F040,train,Batch 3,13,no,raised,no,dry,160,2024-10-28,13,0,0,0,0,160,75.43071428571427,81.64,28.13,10.619716,13.086143,12.436,amber
F040-034,F040,train,Batch 4,11,no,raised,no,damp,46,2025-01-25,11,0,0,0,2,46,72.135,77.97,28.569285714285716,12.816479,12.427,12.692463,amber
F040-035,F040,train,Batch 5,10,no,raised,no,dry,131,2024-11-20,10,0,0,0,0,131,73.74642857142858,81.64,28.010714285714283,10.065448,12.749286,11.848438,green
F040-036,F040,train,Batch 6,12,no,floor,no,damp,117,2024-09-25,12,0,1,0,2,117,60.44642857142857,71.7,26.49785714285714,11.526622,11.089286,11.254246,green
F040-037,F040,train,Batch 7,11,no,floor,no,dry,5,2025-08-23,11,0,1,0,0,5,80.03499999999998,83.94,24.977142857142855,10.47825,15.007,10.66307,green
F040-038,F040,train,Batch 8,10,no,raised,no,dry,32,2025-06-26,10,0,0,0,0,32,81.43357142857143,85.66,24.945,9.277395,14.286714,10.449935,green
F040-039,F040,train,Batch 9,14,yes,raised,no,damp,39,2025-07-01,14,1,0,0,2,39,81.38214285714285,87.52,25.326428571428572,12.812486,14.276429,13.21869,red
F040-040,F040,train,Batch 10,6,no,floor,no,dry,46,2024-12-12,6,0,1,0,0,46,65.07714285714287,80.0,27.072142857142858,11.804147,12.015429,11.871422,green
F040-041,F040,train,Batch 1,7,no,raised,no,damp,0,2025-01-04,7,0,0,0,2,0,75.20214285714285,81.58,27.287857142857142,12.534108,13.040429,12.534108,amber
F040-042,F040,train,Batch 2,15,no,floor,yes,dry,71,2025-06-11,15,0,1,1,0,71,82.48,87.52,24.687857142857144,11.157447,15.496,13.095026,red
F040-043,F040,train,Batch 3,13,no,floor,no,damp,149,2025-02-22,13,0,1,0,2,149,83.61785714285715,90.36,24.720714285714283,10.134335,15.723571,14.108828,red
F040-044,F040,train,Batch 4,24,no,raised,yes,dry,96,2025-03-24,24,0,0,1,0,96,87.01642857142856,90.66,25.314285714285717,10.546446,15.403286,13.220967,red
F040-045,F040,train,Batch 5,14,no,raised,no,dry,27,2025-01-30,14,0,0,0,0,27,70.72571428571429,78.51,27.957142857142856,10.927165,12.145143,11.172568,green
F040-046,F040,train,Batch 6,12,yes,raised,no,damp,95,2024-11-24,12,1,0,0,2,95,70.21714285714285,78.51,28.01071428571428,12.91947,12.043429,12.440353,amber
F040-047,F040,train,Batch 7,12,yes,floor,yes,damp,179,2024-11-21,12,1,1,1,2,179,80.79214285714284,87.53,27.043571428571425,12.959737,15.158429,14.663729,red
F040-048,F040,train,Batch 8,16,no,raised,no,damp,98,2025-09-04,16,0,0,0,2,98,82.97428571428573,88.91,26.115000000000002,11.287449,14.594857,13.133306,red
F040-049,F040,train,Batch 9,2,no,raised,no,damp,99,2024-12-13,2,0,0,0,2,99,74.04142857142858,78.24,28.189285714285717,14.189688,12.808286,13.413665,red
F040-050,F040,train,Batch 10,10,no,raised,yes,dry,137,2025-07-21,10,0,0,1,0,137,81.12357142857142,88.91,26.405714285714286,12.736704,14.224714,13.749613,red
F040-051,F040,train,Batch 1,14,no,floor,no,unsure,156,2024-09-10,14,0,1,0,1,156,70.70714285714284,78.23,27.902857142857147,11.849304,13.141429,12.789284,amber
F040-052,F040,train,Batch 2,15,no,raised,yes,damp,84,2025-03-22,15,0,0,1,2,84,85.29999999999998,88.69,26.00357142857143,10.158488,15.06,12.625981,amber
F040-053,F040,train,Batch 3,22,no,floor,yes,damp,170,2024-07-21,22,0,1,1,2,170,73.03285714285713,81.58,27.448571428571427,13.165406,13.606571,13.499579,red
F040-054,F040,train,Batch 4,6,no,floor,yes,damp,116,2025-03-02,6,0,1,1,2,116,87.19285714285716,90.66,25.372142857142855,14.175469,16.438571,15.577803,red
F040-055,F040,train,Batch 5,0,no,floor,no,damp,170,2024-09-25,0,0,1,0,2,170,73.81714285714285,78.24,28.365000000000002,16.400945,13.763429,14.403082,red
F040-056,F040,train,Batch 6,8,no,raised,no,unsure,174,2024-11-02,8,0,0,0,1,174,75.45071428571428,82.23,28.19785714285714,12.241326,13.090143,12.891036,amber
F040-057,F040,train,Batch 7,14,no,floor,no,damp,12,2025-06-27,14,0,1,0,2,12,86.75142857142858,90.36,24.902857142857147,12.247703,16.350286,12.638115,amber
F040-058,F040,train,Batch 8,18,no,raised,no,damp,120,2025-08-12,18,0,0,0,2,120,82.76428571428572,88.91,26.20214285714286,10.970856,14.552857,13.235112,red
F040-059,F040,train,Batch 9,9,no,raised,no,damp,97,2024-11-01,9,0,0,0,2,97,69.12214285714286,78.23,27.645,11.358405,11.824429,11.616768,green
F040-060,F040,train,Batch 10,14,no,raised,no,unsure,101,2024-11-15,14,0,0,0,1,101,72.81714285714285,78.51,28.025000000000002,10.212821,12.563429,11.550337,green
F040-061,F040,train,Batch 1,11,no,raised,no,damp,101,2025-04-23,11,0,0,0,2,101,81.0392857142857,85.66,25.20285714285714,10.641836,14.207857,12.670932,amber
F040-062,F040,train,Batch 2,18,no,raised,no,damp,149,2024-12-04,18,0,0,0,2,149,77.74571428571429,85.86,27.639285714285712,10.977561,13.549143,12.806207,amber
F040-063,F040,train,Batch 3,3,yes,raised,no,damp,77,2025-06-13,3,1,0,0,2,77,79.625,83.94,25.06714285714285,15.491318,13.925,14.749532,red
F040-064,F040,train,Batch 4,10,no,raised,no,unsure,45,2024-12-23,10,0,0,0,1,45,69.12214285714286,78.23,27.645,10.759709,11.824429,11.092658,green
F040-065,F040,train,Batch 5,12,yes,floor,yes,damp,147,2024-11-13,12,1,1,1,2,147,74.51214285714285,79.69,28.40285714285714,11.460507,13.902429,13.185095,red
F040-066,F040,train,Batch 6,9,no,raised,no,unsure,154,2024-10-10,9,0,0,0,1,154,72.97285714285715,78.24,28.48857142857143,10.743535,12.594571,12.081627,amber
F040-067,F040,train,Batch 7,13,yes,floor,yes,damp,150,2025-04-02,13,1,1,1,2,150,79.12071428571427,83.94,25.159285714285716,11.579954,14.824143,13.894667,red
F040-068,F040,train,Batch 8,11,no,raised,yes,damp,67,2025-04-22,11,0,0,1,2,67,87.01642857142856,90.66,25.314285714285717,11.327759,15.403286,13.071425,red
F040-069,F040,train,Batch 9,13,no,raised,no,damp,126,2025-03-20,13,0,0,0,2,126,82.66142857142857,85.66,24.782857142857143,11.303829,14.532286,13.402527,red
F040-070,F040,train,Batch 10,8,no,floor,yes,damp,66,2025-02-06,8,0,1,1,2,66,74.16142857142857,79.69,28.390000000000008,11.862596,13.832286,12.695874,amber
F040-071,F040,train,Batch 1,4,no,raised,yes,unsure,104,2025-02-25,4,0,0,1,1,104,83.63857142857141,88.69,26.22785714285714,13.227651,14.727714,14.097162,red
F040-072,F040,train,Batch 2,4,no,floor,yes,unsure,131,2024-11-18,4,0,1,1,1,131,73.40714285714284,81.64,28.105000000000008,14.281481,13.681429,13.88284,red
F040-073,F040,train,Batch 3,15,no,raised,no,unsure,140,2025-01-17,15,0,0,0,1,140,83.2942857142857,89.67,26.285,11.570959,14.658857,13.697276,red
F040-074,F040,train,Batch 4,8,yes,raised,no,damp,16,2025-02-13,8,1,0,0,2,16,69.66428571428571,78.51,28.151428571428568,12.839375,11.932857,12.726218,amber
F040-075,F040,train,Batch 5,16,yes,floor,no,unsure,142,2025-04-08,16,1,1,0,1,142,80.03499999999998,83.94,24.977142857142855,12.724794,15.007,14.30806,red
F040-076,F040,train,Batch 6,15,no,raised,no,damp,155,2024-10-23,15,0,0,0,2,155,73.88571428571429,81.64,28.015000000000004,12.001659,12.777143,12.56403,amber
F040-077,F040,train,Batch 7,6,no,raised,no,damp,143,2024-11-16,6,0,0,0,2,143,75.32857142857142,81.64,28.277142857142852,12.261664,13.065714,12.821513,amber
F040-078,F040,train,Batch 8,15,no,raised,no,dry,21,2025-01-27,15,0,0,0,0,21,69.72714285714285,77.15,28.16571428571429,10.892662,11.945429,11.061676,green
F040-079,F040,train,Batch 9,7,no,floor,yes,unsure,147,2025-02-25,7,0,1,1,1,147,83.33714285714287,90.36,24.73,12.870326,15.667429,14.845758,red
F040-080,F040,train,Batch 10,5,yes,raised,no,unsure,30,2025-02-22,5,1,0,0,1,30,73.70214285714287,78.24,28.172857142857143,13.721862,12.740429,13.50477,red
F041-001,F041,test,Batch 1,6,no,floor,no,damp,22,2025-03-17,6,0,1,0,2,22,75.32857142857142,81.64,28.277142857142852,11.941666,14.065714,12.297464,amber
F041-002,F041,test,Batch 2,10,no,floor,no,dry,17,2025-06-05,10,0,1,0,0,17,86.71142857142857,90.66,25.57785714285714,10.436363,16.342286,11.216473,green
F041-003,F041,test,Batch 3,5,no,floor,yes,damp,41,2025-06-26,5,0,1,1,2,41,80.42999999999999,85.31,25.357142857142858,12.563188,15.086,13.293327,red
F041-004,F041,test,Batch 4,0,no,raised,no,damp,79,2024-10-17,0,0,0,0,2,79,75.20214285714285,81.58,27.287857142857142,15.793339,13.040429,14.465647,red
F041-005,F041,test,Batch 5,6,no,floor,yes,unsure,3,2025-08-01,6,0,1,1,1,3,80.98571428571428,85.66,25.265000000000004,13.016174,15.197143,13.070022,red
F041-006,F041,test,Batch 6,9,no,raised,no,dry,152,2024-10-01,9,0,0,0,0,152,69.65928571428572,78.51,28.177142857142854,11.243908,11.931857,11.738014,green
F041-007,F041,test,Batch 7,11,no,floor,no,dry,72,2025-01-10,11,0,1,0,0,72,73.69285714285715,78.24,28.224285714285717,10.560232,13.738571,11.994262,green
F041-008,F041,test,Batch 8,13,no,raised,no,damp,49,2025-03-22,13,0,0,0,2,49,79.43285714285715,85.86,27.235714285714288,11.662697,13.886571,12.408235,amber
F041-009,F041,test,Batch 9,16,no,raised,no,dry,173,2024-07-19,16,0,0,0,0,173,72.85499999999999,81.58,27.45285714285714,10.983413,12.571,12.195483,amber
F041-010,F041,test,Batch 10,13,no,raised,no,unsure,101,2025-09-14,13,0,0,0,1,101,78.56142857142858,84.53,26.22714285714286,10.045199,13.712286,12.131802,amber
F041-011,F041,test,Batch 1,11,yes,raised,no,dry,37,2024-12-31,11,1,0,0,0,37,69.12214285714286,78.23,27.645,11.384294,11.824429,11.501075,green
F041-012,F041,test,Batch 2,3,no,raised,yes,unsure,137,2025-02-16,3,0,0,1,1,137,86.1857142857143,89.75,25.416428571428572,13.614885,15.237143,14.719178,red
F041-013,F041,test,Batch 3,10,no,raised,no,dry,61,2024-11-30,10,0,0,0,0,61,66.90071428571429,80.0,27.23142857142857,10.982634,11.380143,11.141042,green
F041-014,F041,test,Batch 4,12,no,raised,no,damp,125,2024-11-13,12,0,0,0,2,125,74.94785714285715,78.24,28.134285714285717,10.384161,12.989571,12.07021,amber
F041-015,F041,test,Batch 5,2,no,floor,yes,dry,101,2024-11-28,2,0,1,1,0,101,69.14500000000001,77.34,28.454285714285714,14.150176,12.829,13.398416,red
F041-016,F041,test,Batch 6,5,no,floor,no,damp,122,2024-12-16,5,0,1,0,2,122,74.14642857142856,78.56,28.33714285714286,12.729305,13.829286,13.431314,red
F041-017,F041,test,Batch 7,9,no,floor,no,unsure,180,2025-06-25,9,0,1,0,1,180,79.21000000000001,84.53,26.11428571428571,10.613285,14.842,13.898446,red
F041-018,F041,test,Batch 8,12,no,floor,no,damp,82,2025-02-07,12,0,1,0,2,82,77.68714285714285,85.86,27.78928571428571,10.006107,14.537429,12.249424,amber
F041-019,F041,test,Batch 9,1,yes,floor,no,unsure,86,2025-02-02,1,1,1,0,1,86,77.49857142857142,85.86,27.85928571428571,16.442329,14.499714,15.448444,red
F041-020,F041,test,Batch 10,10,yes,floor,no,damp,139,2024-10-21,10,1,1,0,2,139,69.14500000000001,77.34,28.454285714285714,11.475992,12.829,12.404143,amber
F041-021,F041,test,Batch 1,18,no,floor,yes,dry,144,2024-10-06,18,0,1,1,0,144,70.21714285714285,78.51,28.01071428571428,11.037909,13.043429,12.439378,amber
F041-022,F041,test,Batch 2,20,no,raised,no,dry,20,2025-07-31,20,0,0,0,0,20,82.54214285714285,87.52,24.740000000000002,10.190151,14.508429,10.853086,green
F041-023,F041,test,Batch 3,5,no,floor,yes,unsure,13,2025-01-18,5,0,1,1,1,13,68.05357142857142,80.0,27.29357142857143,12.144156,12.610714,12.192058,amber
F041-024,F041,test,Batch 4,2,no,floor,yes,damp,125,2025-04-19,2,0,1,1,2,125,81.94500000000001,84.22,24.768571428571427,13.910071,15.389,14.867136,red
F041-025,F041,test,Batch 5,11,no,raised,no,damp,168,2025-03-16,11,0,0,0,2,168,78.31714285714284,83.94,25.267857142857142,11.535204,13.663429,13.138615,red
F041-026,F041,test,Batch 6,9,no,raised,no,damp,106,2025-08-23,9,0,0,0,2,106,81.2092857142857,88.91,26.431428571428572,9.050376,14.241857,12.095685,amber
F041-027,F041,test,Batch 7,11,yes,raised,yes,unsure,111,2024-10-16,11,1,0,1,1,111,71.35857142857142,80.0,27.529999999999998,12.589307,12.271714,12.39765,amber
F041-028,F041,test,Batch 8,11,yes,raised,yes,unsure,24,2025-03-10,11,1,0,1,1,24,74.41857142857143,81.64,28.122857142857146,12.13409,12.883714,12.269974,amber
F041-029,F041,test,Batch 9,13,no,raised,yes,dry,24,2025-02-18,13,0,0,1,0,24,73.81714285714285,78.24,28.365000000000002,9.739383,12.763429,10.287549,green
F041-030,F041,test,Batch 10,9,no,raised,no,dry,37,2025-01-12,9,0,0,0,0,37,70.67642857142856,77.15,28.27285714285714,10.658,12.135286,11.049967,green
F041-031,F041,test,Batch 1,20,no,raised,no,damp,48,2025-05-24,20,0,0,0,2,48,86.49285714285715,90.36,24.87142857142857,11.602252,15.298571,12.820855,amber
F041-032,F041,test,Batch 2,4,no,floor,no,damp,59,2025-02-08,4,0,1,0,2,59,75.32857142857142,81.64,28.277142857142852,13.374871,14.065714,13.64319,red
F041-033,F041,test,Batch 3,10,no,floor,no,unsure,99,2025-09-13,10,0,1,0,1,99,79.63214285714287,85.68,26.06357142857143,11.619687,14.926429,13.477299,red
F041-034,F041,test,Batch 4,7,yes,raised,no,damp,111,2024-12-30,7,1,0,0,2,111,74.66,79.17,28.26928571428571,12.984302,12.932,12.952739,amber
F041-035,F041,test,Batch 5,11,no,floor,no,unsure,122,2024-09-23,11,0,1,0,1,122,60.48642857142857,80.0,26.486428571428572,9.605592,11.097286,10.557593,green
F041-036,F041,test,Batch 6,6,no,raised,no,damp,8,2025-06-26,6,0,0,0,2,8,86.51714285714287,90.2,25.26357142857142,12.724237,15.303429,12.890577,amber
F041-037,F041,test,Batch 7,2,yes,raised,yes,damp,160,2025-01-01,2,1,0,1,2,160,83.98000000000002,88.69,26.188571428571425,14.987312,14.796,14.846429,red
F041-038,F041,test,Batch 8,6,no,raised,no,damp,15,2025-02-07,6,0,0,0,2,15,73.21571428571428,78.05,28.141428571428573,12.645792,12.643143,12.645481,amber
F041-039,F041,test,Batch 9,6,yes,floor,no,dry,101,2025-01-22,6,1,1,0,0,101,77.85642857142857,85.86,27.577142857142857,14.025127,14.571286,14.335896,red
F041-040,F041,test,Batch 10,16,no,raised,no,damp,180,2024-11-06,16,0,0,0,2,180,79.06857142857145,85.86,27.321428571428573,9.900748,13.813714,12.940613,amber
F041-041,F041,test,Batch 1,6,no,floor,yes,damp,29,2025-12-01,6,0,1,1,2,29,76.82642857142856,81.58,26.73857142857143,13.827516,14.365286,13.942965,red
F041-042,F041,test,Batch 2,16,no,floor,no,dry,150,2024-09-09,16,0,1,0,0,150,69.12214285714286,78.23,27.645,8.644995,12.824429,11.627001,green
F041-043,F041,test,Batch 3,13,yes,raised,yes,damp,80,2025-03-14,13,1,0,1,2,80,83.63785714285714,89.67,26.459285714285716,13.033003,14.727571,13.857551,red
F041-044,F041,test,Batch 4,18,no,raised,yes,damp,64,2025-10-26,18,0,0,1,2,64,76.38142857142859,81.58,26.70214285714286,12.007669,13.276286,12.532056,amber
F041-045,F041,test,Batch 5,8,no,raised,no,dry,83,2025-02-03,8,0,0,0,0,83,76.81714285714284,85.86,28.01357142857143,11.628948,13.363429,12.494903,amber
F041-046,F041,test,Batch 6,12,no,raised,yes,damp,155,2025-03-29,12,0,0,1,2,155,78.31714285714284,83.94,25.267857142857142,9.640047,13.663429,12.557754,amber
F041-047,F041,test,Batch 7,10,yes,raised,yes,dry,169,2025-02-11,10,1,0,1,0,169,81.2042857142857,85.66,25.041428571428575,11.306126,14.240857,13.523167,red
F041-048,F041,test,Batch 8,3,no,raised,yes,damp,65,2025-01-23,3,0,0,1,2,65,73.40714285714284,81.64,28.105000000000008,14.404818,12.681429,13.684058,red
F041-049,F041,test,Batch 9,15,no,floor,no,dry,119,2024-11-13,15,0,1,0,0,119,72.135,77.97,28.569285714285716,10.967677,13.427,12.514695,amber
F041-050,F041,test,Batch 10,13,no,raised,no,damp,176,2025-07-08,13,0,0,0,2,176,77.43214285714285,81.58,26.841428571428573,11.523521,13.486429,13.033599,red
F041-051,F041,test,Batch 1,15,no,raised,yes,damp,35,2025-04-07,15,0,0,1,2,35,79.13642857142858,84.02,27.32214285714286,11.399076,13.827286,12.01337,amber
F041-052,F041,test,Batch 2,5,no,raised,no,dry,145,2024-08-26,5,0,0,0,0,145,61.981428571428566,71.7,26.548571428571428,12.882567,10.396286,11.138925,green
F041-053,F041,test,Batch 3,19,no,raised,yes,unsure,95,2025-03-12,19,0,0,1,1,95,85.49428571428571,88.69,25.845714285714283,11.903427,15.098857,13.651043,red
F041-054,F041,test,Batch 4,11,no,raised,no,dry,171,2024-08-23,11,0,0,0,0,171,70.24214285714285,78.23,27.80785714285714,9.568885,12.048429,11.452077,green
F041-055,F041,test,Batch 5,7,no,raised,no,dry,66,2025-03-11,7,0,0,0,0,66,80.00642857142854,87.53,27.298571428571428,11.88571,14.001286,12.780705,amber
F041-056,F041,test,Batch 6,7,no,raised,yes,damp,177,2024-11-14,7,0,0,1,2,177,79.43285714285715,85.86,27.235714285714288,12.54814,13.886571,13.580367,red
F041-057,F041,test,Batch 7,8,no,floor,yes,damp,116,2025-03-01,8,0,1,1,2,116,86.83357142857143,90.66,25.43857142857143,12.303436,16.366714,14.821252,red
F041-058,F041,test,Batch 8,8,yes,floor,yes,damp,16,2025-05-24,8,1,1,1,2,16,83.63857142857141,88.69,26.22785714285714,12.73978,15.727714,13.112754,red
F041-059,F041,test,Batch 9,12,yes,floor,yes,damp,56,2025-05-17,12,1,1,1,2,56,86.38214285714287,90.36,24.812857142857144,12.483323,16.276429,13.897813,red
F041-060,F041,test,Batch 10,17,no,raised,no,damp,30,2024-12-18,17,0,0,0,2,30,63.43285714285713,71.7,26.69785714285715,10.236618,10.686571,10.336147,green
F041-061,F041,test,Batch 1,14,no,raised,no,dry,16,2025-06-23,14,0,0,0,0,16,86.75142857142858,90.36,24.902857142857147,9.561519,15.350286,10.284112,green
F041-062,F041,test,Batch 2,7,no,floor,yes,damp,16,2025-02-20,7,0,1,1,2,16,69.55714285714286,78.51,28.282142857142855,13.379879,12.911429,13.321404,red
F041-063,F041,test,Batch 3,8,no,floor,yes,unsure,70,2025-03-30,8,0,1,1,1,70,83.52428571428571,88.69,26.235714285714284,12.333899,15.704857,13.823744,red
F041-064,F041,test,Batch 4,12,no,raised,no,damp,180,2025-06-09,12,0,0,0,2,180,81.18071428571429,88.91,26.410714285714285,10.911722,14.236143,13.494364,red
F041-065,F041,test,Batch 5,13,no,raised,no,unsure,137,2024-10-22,13,0,0,0,1,137,69.55714285714286,78.51,28.282142857142855,9.14618,11.911429,11.028522,green
F041-066,F041,test,Batch 6,6,yes,raised,no,damp,38,2025-05-29,6,1,0,0,2,38,86.22642857142857,90.2,25.14428571428572,14.439396,15.245286,14.658136,red
F041-067,F041,test,Batch 7,7,no,raised,no,dry,59,2025-01-28,7,0,0,0,0,59,73.63142857142857,81.64,28.07000000000001,10.922008,12.726286,11.622778,green
F041-068,F041,test,Batch 8,11,yes,raised,yes,damp,131,2025-03-30,11,1,0,1,2,131,81.1557142857143,87.52,25.33142857142857,13.464628,14.231143,13.973857,red
F041-069,F041,test,Batch 9,15,no,raised,no,dry,30,2025-11-24,15,0,0,0,0,30,78.56142857142858,84.53,26.22714285714286,9.450922,13.712286,10.393533,green
F041-070,F041,test,Batch 10,15,no,raised,no,unsure,168,2025-02-10,15,0,0,0,1,168,81.43357142857143,85.66,24.945,11.677429,14.286714,13.643272,red
F041-071,F041,test,Batch 1,11,yes,raised,yes,damp,180,2025-06-18,11,1,0,1,2,180,83.47500000000001,88.91,25.950714285714287,11.389369,14.695,13.957414,red
F041-072,F041,test,Batch 2,2,no,raised,yes,unsure,15,2025-04-19,2,0,0,1,1,15,78.09857142857143,85.86,27.517857142857142,13.522371,13.619714,13.533809,red
F041-073,F041,test,Batch 3,11,no,floor,yes,damp,103,2025-02-26,11,0,1,1,2,103,83.63857142857141,88.69,26.22785714285714,10.845666,15.727714,13.658371,red
F041-074,F041,test,Batch 4,15,no,raised,no,dry,158,2024-08-14,15,0,0,0,0,158,60.872857142857136,71.7,26.470714285714283,9.563683,10.174571,10.010837,green
F041-075,F041,test,Batch 5,13,no,floor,yes,damp,67,2024-11-09,13,0,1,1,2,67,64.50571428571428,75.06,26.87357142857143,10.973419,11.901143,11.370334,green
F041-076,F041,test,Batch 6,12,no,raised,no,dry,16,2025-12-02,12,0,0,0,0,16,80.50214285714286,85.68,26.052142857142858,10.701336,14.100429,11.125633,green
F041-077,F041,test,Batch 7,7,yes,raised,yes,damp,53,2025-10-24,7,1,0,1,2,53,82.75928571428572,88.91,25.957857142857144,13.023968,14.551857,13.569479,red
F041-078,F041,test,Batch 8,10,yes,raised,no,damp,38,2025-01-18,10,1,0,0,2,38,72.28857142857143,78.51,27.972142857142853,11.952557,12.457714,12.08967,amber
F041-079,F041,test,Batch 9,13,no,raised,yes,damp,75,2025-03-05,13,0,0,1,2,75,80.79214285714284,87.53,27.043571428571425,11.759161,14.158429,12.874193,amber
F041-080,F041,test,Batch 10,17,no,floor,no,damp,66,2025-01-30,17,0,1,0,2,66,75.43071428571427,81.64,28.13,10.602336,14.086143,12.076161,amber
F042-001,F042,test,Batch 1,11,no,raised,no,dry,26,2025-07-25,11,0,0,0,0,26,82.54214285714285,87.52,24.740000000000002,12.798253,14.508429,13.131398,red
F042-002,F042,test,Batch 2,4,no,raised,yes,damp,53,2024-11-23,4,0,0,1,2,53,64.50571428571428,75.06,26.87357142857143,13.064684,10.901143,12.292222,amber
F042-003,F042,test,Batch 3,10,no,raised,no,unsure,79,2024-11-15,10,0,0,0,1,79,71.74285714285713,80.0,27.467142857142854,10.467319,12.348571,11.374621,green
F042-004,F042,test,Batch 4,7,no,floor,yes,unsure,64,2025-04-10,7,0,1,1,1,64,84.74428571428571,88.69,26.12928571428571,13.476212,15.948857,14.498289,red
F042-005,F042,test,Batch 5,5,no,floor,yes,damp,69,2025-03-20,5,0,1,1,2,69,83.45642857142856,89.67,26.444999999999993,11.746063,15.691286,13.47129,red
F042-006,F042,test,Batch 6,9,no,raised,no,damp,108,2025-02-10,9,0,0,0,2,108,83.82428571428571,89.67,26.346428571428568,10.884938,14.764857,13.1874,red
F042-007,F042,test,Batch 7,12,yes,floor,no,damp,58,2025-10-17,12,1,1,0,2,58,83.49214285714287,88.91,25.952142857142857,10.866299,15.698429,12.718337,amber
F042-008,F042,test,Batch 8,10,no,floor,no,dry,145,2024-10-10,10,0,1,0,0,145,70.14928571428571,78.51,28.16142857142857,10.860676,13.029857,12.381934,amber
F042-009,F042,test,Batch 9,15,no,raised,no,unsure,34,2025-01-05,15,0,0,0,1,34,69.68,78.23,27.772142857142853,11.784771,11.936,11.822084,green
F042-010,F042,test,Batch 10,12,no,raised,no,dry,12,2025-06-18,12,0,0,0,0,12,87.03571428571426,90.66,25.40071428571429,9.793773,15.407143,10.327956,green
F042-011,F042,test,Batch 1,13,no,floor,yes,unsure,58,2025-03-13,13,0,1,1,1,58,79.43285714285715,85.86,27.235714285714288,9.740117,14.886571,11.712628,green
F042-012,F042,test,Batch 2,3,yes,raised,no,damp,111,2025-03-26,3,1,0,0,2,111,85.73071428571428,90.36,24.577857142857145,12.967146,15.146143,14.282102,red
F042-013,F042,test,Batch 3,11,no,raised,no,unsure,47,2025-11-02,11,0,0,0,1,47,80.28499999999998,85.68,26.07571428571429,10.75404,14.057,11.824432,green
F042-014,F042,test,Batch 4,11,no,raised,no,dry,30,2025-04-18,11,0,0,0,0,30,80.8785714285714,87.53,27.093571428571426,10.340665,14.175714,11.188975,green
F042-015,F042,test,Batch 5,10,no,raised,no,unsure,162,2025-06-30,10,0,0,0,1,162,82.38214285714285,88.91,26.270000000000003,10.605973,14.476429,13.473051,red
F042-016,F042,test,Batch 6,10,yes,floor,yes,damp,115,2024-12-19,10,1,1,1,2,115,74.16142857142857,79.69,28.390000000000008,13.407691,13.832286,13.66944,red
F042-017,F042,test,Batch 7,19,no,raised,no,dry,21,2025-07-03,19,0,0,0,0,21,82.66142857142857,85.66,24.782857142857143,9.443449,14.532286,10.260426,green
F042-018,F042,test,Batch 8,11,no,raised,no,dry,6,2025-06-02,11,0,0,0,0,6,83.52428571428571,88.69,26.235714285714284,10.981456,14.704857,11.163049,green
F042-019,F042,test,Batch 9,18,no,floor,no,unsure,25,2025-03-26,18,0,1,0,1,25,74.66,79.17,28.26928571428571,11.211012,13.932,11.722731,green
F042-020,F042,test,Batch 10,9,no,raised,no,damp,149,2024-11-16,9,0,0,0,2,149,73.76428571428572,77.92,28.446428571428577,10.501018,12.752857,12.102296,amber
F042-021,F042,test,Batch 1,14,yes,raised,no,unsure,120,2025-01-09,14,1,0,0,1,120,80.06714285714285,85.86,27.197142857142858,11.474647,14.013429,13.079463,red
F042-022,F042,test,Batch 2,6,yes,raised,yes,unsure,1,2025-08-01,6,1,0,1,1,1,81.0392857142857,85.66,25.20285714285714,13.797286,14.207857,13.800693,red
F042-023,F042,test,Batch 3,15,no,raised,no,damp,31,2025-05-25,15,0,0,0,2,31,86.83357142857143,90.66,25.43857142857143,11.175885,15.366714,12.129979,amber
F042-024,F042,test,Batch 4,10,yes,raised,no,damp,70,2025-02-16,10,1,0,0,2,70,76.81714285714284,85.86,28.01357142857143,12.255899,13.363429,12.745388,amber
F042-025,F042,test,Batch 5,7,no,floor,yes,damp,66,2024-12-14,7,0,1,1,2,66,70.67642857142856,77.15,28.27285714285714,11.554384,13.135286,12.223185,amber
F042-026,F042,test,Batch 6,3,no,raised,no,damp,146,2025-01-31,3,0,0,0,2,146,87.19285714285716,90.66,25.372142857142855,13.467291,15.438571,14.854647,red
F042-027,F042,test,Batch 7,5,no,raised,no,damp,36,2025-02-18,5,0,0,0,2,36,73.82714285714287,81.64,28.066428571428577,12.989811,12.765429,12.931655,amber
F042-028,F042,test,Batch 8,13,no,raised,yes,dry,135,2025-03-09,13,0,0,1,0,135,83.33714285714287,90.36,24.73,11.109309,14.667429,13.512276,red
F042-029,F042,test,Batch 9,9,no,floor,no,damp,32,2025-01-06,9,0,1,0,2,32,69.6592857142857,78.23,27.688571428571425,12.159658,12.931857,12.340408,amber
F042-030,F042,test,Batch 10,18,no,raised,no,dry,49,2024-12-03,18,0,0,0,0,49,60.18857142857142,71.7,26.484999999999996,11.114943,10.037714,10.75381,green
F042-031,F042,test,Batch 1,10,no,floor,no,unsure,26,2025-05-26,10,0,1,0,1,26,86.61928571428571,90.66,25.617142857142852,12.116138,16.323857,12.935808,amber
F042-032,F042,test,Batch 2,14,yes,raised,no,damp,57,2025-03-07,14,1,0,0,2,57,77.85642857142857,85.86,27.577142857142857,12.753873,13.571286,13.062949,red
F042-033,F042,test,Batch 3,18,yes,floor,no,damp,179,2025-03-01,18,1,1,0,2,179,80.61571428571428,83.94,24.84142857142857,12.640137,15.123143,14.564473,red
F042-034,F042,test,Batch 4,14,no,floor,no,dry,2,2025-02-15,14,0,1,0,0,2,69.72714285714285,77.15,28.16571428571429,10.895052,12.945429,10.928942,green
F042-035,F042,test,Batch 5,15,yes,floor,no,damp,152,2024-08-18,15,1,1,0,2,152,63.43285714285713,71.7,26.69785714285715,11.317042,11.686571,11.582449,green
F042-036,F042,test,Batch 6,12,no,floor,no,dry,13,2025-06-14,12,0,1,0,0,13,87.11214285714286,90.66,25.310714285714287,11.307188,16.422429,11.832378,green
F042-037,F042,test,Batch 7,16,no,raised,no,unsure,66,2025-09-29,16,0,0,0,1,66,81.07714285714287,88.91,26.435714285714283,10.501125,14.215429,12.072462,amber
F042-038,F042,test,Batch 8,18,no,floor,no,damp,178,2025-06-08,18,0,1,0,2,178,80.43714285714286,88.55,26.535714285714285,10.99509,15.087429,14.158958,red
F042-039,F042,test,Batch 9,8,yes,floor,no,damp,107,2024-10-15,8,1,1,0,2,107,66.90071428571429,80.0,27.23142857142857,13.443344,12.380143,12.816025,amber
F042-040,F042,test,Batch 10,4,yes,raised,no,dry,173,2025-02-11,4,1,0,0,0,173,80.76571428571428,85.66,25.272142857142853,15.451614,14.153143,14.460274,red
F042-041,F042,test,Batch 1,6,no,raised,no,damp,125,2024-10-08,6,0,0,0,2,125,70.24214285714285,78.23,27.80785714285714,12.715421,12.048429,12.283788,amber
F042-042,F042,test,Batch 2,1,no,floor,yes,damp,124,2025-02-22,1,0,1,1,2,124,87.19285714285716,90.66,25.372142857142855,15.13445,16.438571,15.97454,red
F042-043,F042,test,Batch 3,8,no,raised,yes,damp,47,2025-05-20,8,0,0,1,2,47,86.22642857142857,90.2,25.14428571428572,12.546616,15.245286,13.421175,red
F042-044,F042,test,Batch 4,10,no,raised,no,dry,103,2024-12-13,10,0,0,0,0,103,73.82714285714287,81.64,28.066428571428577,9.679162,12.765429,11.457259,green
F042-045,F042,test,Batch 5,15,no,raised,yes,damp,165,2025-07-07,15,0,0,1,2,165,80.28499999999998,85.68,26.07571428571429,11.206818,14.057,13.336361,red
F042-046,F042,test,Batch 6,7,no,raised,yes,unsure,141,2025-03-28,7,0,0,1,1,141,82.93428571428572,87.52,24.935000000000002,11.430244,14.586857,13.612035,red
F042-047,F042,test,Batch 7,11,no,raised,no,dry,19,2025-11-27,11,0,0,0,0,19,82.75928571428572,88.91,25.957857142857144,10.540375,14.551857,11.127796,green
F042-048,F042,test,Batch 8,10,no,raised,no,dry,30,2025-02-27,10,0,0,0,0,30,73.40714285714284,81.64,28.105000000000008,9.905623,12.681429,10.519629,green
F042-049,F042,test,Batch 9,13,no,floor,no,damp,18,2025-07-03,13,0,1,0,2,18,83.61785714285715,90.36,24.720714285714283,11.523518,15.723571,12.108552,amber
F042-050,F042,test,Batch 10,8,no,floor,no,damp,24,2025-06-03,8,0,1,0,2,24,87.11214285714286,90.66,25.310714285714287,11.206585,16.422429,12.152057,amber
F042-051,F042,test,Batch 1,8,yes,raised,no,dry,109,2024-11-18,8,1,0,0,0,109,69.60785714285714,78.51,28.26928571428571,13.457683,11.921571,12.540925,amber
F042-052,F042,test,Batch 2,14,yes,raised,no,dry,38,2024-12-11,14,1,0,0,0,38,61.981428571428566,71.7,26.548571428571428,11.926044,10.396286,11.510827,green
F042-053,F042,test,Batch 3,6,no,raised,yes,damp,76,2024-12-19,6,0,0,1,2,76,70.12214285714286,78.51,28.145714285714288,14.799757,12.024429,13.497627,red
F042-054,F042,test,Batch 4,15,no,raised,no,damp,175,2024-12-10,15,0,0,0,2,175,83.73142857142857,89.67,26.414285714285715,11.122795,14.746286,13.903376,red
F042-055,F042,test,Batch 5,5,no,raised,no,damp,108,2024-11-28,5,0,0,0,2,108,74.99642857142858,78.24,28.19857142857143,12.825309,12.999286,12.928552,amber
F042-056,F042,test,Batch 6,12,no,raised,no,damp,107,2024-10-24,12,0,0,0,2,107,69.68,78.23,27.772142857142853,8.921438,11.936,10.700114,green
F042-057,F042,test,Batch 7,21,no,floor,yes,unsure,67,2025-01-18,21,0,1,1,1,67,73.82714285714287,81.64,28.066428571428577,10.04694,13.765429,11.637851,green
F042-058,F042,test,Batch 8,8,no,raised,no,damp,135,2025-03-22,8,0,0,0,2,135,80.98571428571428,85.66,25.265000000000004,11.705014,14.197143,13.388067,red
F042-059,F042,test,Batch 9,11,no,floor,no,damp,161,2025-07-23,11,0,1,0,2,161,77.43214285714285,81.58,26.841428571428573,10.212536,14.486429,13.369192,red
F042-060,F042,test,Batch 10,5,no,raised,yes,damp,130,2025-03-26,5,0,0,1,2,130,80.76571428571428,85.66,25.272142857142853,12.956658,14.153143,13.748174,red
F042-061,F042,test,Batch 1,6,no,raised,no,damp,152,2024-09-13,6,0,0,0,2,152,70.62928571428571,78.23,27.86357142857143,12.292665,12.125857,12.172858,amber
F042-062,F042,test,Batch 2,5,yes,raised,yes,damp,34,2025-11-06,5,1,0,1,2,34,82.76428571428572,88.91,26.20214285714286,15.581375,14.552857,15.327607,red
F042-063,F042,test,Batch 3,17,no,raised,no,damp,0,2025-04-10,17,0,0,0,2,0,73.99785714285713,79.69,28.497142857142855,10.953961,12.799571,10.953961,green
F042-064,F042,test,Batch 4,7,no,floor,no,damp,88,2025-05-17,7,0,1,0,2,88,82.54142857142857,87.52,25.115,13.15666,15.508286,14.378788,red
F042-065,F042,test,Batch 5,7,no,raised,no,damp,102,2025-01-05,7,0,0,0,2,102,74.14642857142856,78.56,28.33714285714286,12.464697,12.829286,12.673455,amber
F042-066,F042,test,Batch 6,13,no,raised,no,damp,25,2025-02-04,13,0,0,0,2,25,69.66428571428571,78.51,28.151428571428568,10.229399,11.932857,10.549758,green
F042-067,F042,test,Batch 7,12,no,raised,no,unsure,133,2025-02-24,12,0,0,0,1,133,86.22142857142856,90.2,25.115000000000006,9.337554,15.244286,13.294422,red
F042-068,F042,test,Batch 8,12,no,raised,no,dry,83,2025-01-09,12,0,0,0,0,83,73.98642857142856,81.64,28.128571428571426,10.512938,12.797286,11.65342,green
F042-069,F042,test,Batch 9,10,no,raised,no,dry,82,2024-11-20,10,0,0,0,0,82,70.24214285714285,78.23,27.80785714285714,11.55288,12.048429,11.798211,green
F042-070,F042,test,Batch 10,8,no,raised,no,dry,162,2024-09-09,8,0,0,0,0,162,70.67642857142856,77.15,28.27285714285714,10.54326,12.135286,11.722568,green
F042-071,F042,test,Batch 1,17,no,floor,yes,dry,48,2025-01-31,17,0,1,1,0,48,74.57857142857142,78.24,28.18071428571429,10.430681,13.915714,11.579627,green
F042-072,F042,test,Batch 2,20,no,floor,no,dry,27,2025-01-02,20,0,1,0,0,27,66.50928571428572,80.0,27.219285714285714,10.694729,12.301857,11.01854,green
F042-073,F042,test,Batch 3,6,no,raised,no,damp,99,2024-12-15,6,0,0,0,2,99,73.70214285714287,78.24,28.172857142857143,11.610858,12.740429,12.245411,amber
F042-074,F042,test,Batch 4,18,no,raised,no,unsure,38,2025-01-17,18,0,0,0,1,38,72.81714285714285,78.51,28.025000000000002,10.064249,12.563429,10.742593,green
F042-075,F042,test,Batch 5,11,no,raised,no,damp,169,2024-07-19,11,0,0,0,2,169,75.20214285714285,81.58,27.287857142857142,8.92819,13.040429,12.034778,amber
F042-076,F042,test,Batch 6,10,no,raised,yes,unsure,179,2025-01-01,10,0,0,1,1,179,86.98571428571428,90.66,25.385,9.363244,15.397143,14.039532,red
F042-077,F042,test,Batch 7,0,no,raised,no,damp,93,2024-12-17,0,0,0,0,2,93,74.57857142857142,78.24,28.18071428571429,16.020986,12.915714,14.346325,red
F042-078,F042,test,Batch 8,10,no,floor,no,dry,155,2024-09-12,10,0,1,0,0,155,70.8442857142857,78.23,27.91,9.386629,13.168857,12.129454,amber
F042-079,F042,test,Batch 9,10,no,raised,no,dry,87,2024-11-28,10,0,0,0,0,87,73.31285714285715,78.51,28.01857142857143,11.227445,12.662571,11.967505,green
F042-080,F042,test,Batch 10,10,no,floor,no,dry,107,2024-11-11,10,0,1,0,0,107,70.72571428571429,78.51,27.957142857142856,12.538327,13.145143,12.896365,amber
F043-001,F043,train,Batch 1,5,no,raised,yes,unsure,81,2025-04-01,5,0,0,1,1,81,86.61928571428571,90.66,25.617142857142852,13.782986,15.323857,14.539313,red
F043-002,F043,train,Batch 2,7,no,raised,yes,unsure,71,2025-02-26,7,0,0,1,1,71,79.41857142857144,85.86,27.283571428571427,12.662472,13.883714,13.207874,red
F043-003,F043,train,Batch 3,13,no,raised,no,dry,17,2025-01-13,13,0,0,0,0,17,66.90071428571429,80.0,27.23142857142857,9.544529,11.380143,9.786994,green
F043-004,F043,train,Batch 4,12,no,raised,yes,damp,135,2025-03-09,12,0,0,1,2,135,83.33714285714287,90.36,24.73,10.962981,14.667429,13.464771,red
F043-005,F043,train,Batch 5,6,no,floor,yes,damp,115,2025-01-10,6,0,1,1,2,115,79.06857142857145,85.86,27.321428571428573,13.394436,14.813714,14.269376,red
F043-006,F043,train,Batch 6,3,no,floor,yes,dry,91,2025-02-16,3,0,1,1,0,91,80.8785714285714,87.53,27.093571428571426,14.890113,15.175714,15.041926,red
F043-007,F043,train,Batch 7,7,yes,raised,yes,damp,18,2025-12-02,7,1,0,1,2,18,79.66357142857143,85.68,26.12285714285714,13.102683,13.932714,13.2183,red
F043-008,F043,train,Batch 8,14,no,raised,no,dry,15,2025-06-15,14,0,0,0,0,15,87.03571428571426,90.66,25.40071428571429,11.494899,15.407143,11.9546,green
F043-009,F043,train,Batch 9,5,no,raised,no,unsure,130,2025-08-15,5,0,0,0,1,130,78.93857142857144,84.53,26.16785714285714,12.578001,13.787714,13.378268,red
F043-010,F043,train,Batch 10,0,no,floor,no,damp,15,2025-03-15,0,0,1,0,2,15,73.37142857142855,81.64,28.087857142857143,16.445693,13.674286,16.120044,red
F043-011,F043,train,Batch 1,18,no,floor,no,damp,157,2024-09-30,18,0,1,0,2,157,70.05642857142858,78.51,28.15857142857143,12.863263,13.011286,12.97128,amber
F043-012,F043,train,Batch 2,4,no,raised,no,damp,72,2025-05-26,4,0,0,0,2,72,80.42999999999999,85.31,25.357142857142858,14.339159,14.086,14.224937,red
F043-013,F043,train,Batch 3,4,no,raised,yes,damp,108,2025-01-21,4,0,0,1,2,108,80.06714285714285,85.86,27.197142857142858,13.676111,14.013429,13.876286,red
F043-014,F043,train,Batch 4,6,no,raised,yes,damp,5,2025-05-15,6,0,0,1,2,5,81.05857142857143,87.53,26.972142857142853,13.734951,14.211714,13.754408,red
F043-015,F043,train,Batch 5,6,no,raised,no,unsure,169,2024-12-20,6,0,0,0,1,169,83.22428571428573,88.69,26.26285714285714,13.671986,14.644857,14.406941,red
F043-016,F043,train,Batch 6,6,no,floor,yes,dry,133,2025-08-17,6,0,1,1,0,133,76.70642857142857,81.94,26.624285714285715,12.380349,14.341286,13.693964,red
F043-017,F043,train,Batch 7,10,no,raised,yes,damp,165,2025-01-11,10,0,0,1,2,165,86.83357142857143,90.66,25.43857142857143,10.604904,15.366714,14.16274,red
F043-018,F043,train,Batch 8,4,no,raised,yes,damp,21,2025-03-23,4,0,0,1,2,21,74.16142857142857,79.69,28.390000000000008,14.092834,12.832286,13.890462,red
F043-019,F043,train,Batch 9,18,yes,floor,no,damp,67,2025-01-17,18,1,1,0,2,67,73.55357142857144,78.24,28.14071428571429,12.510174,13.710714,13.023811,red
F043-020,F043,train,Batch 10,9,yes,raised,yes,unsure,107,2025-05-15,9,1,0,1,1,107,79.12071428571427,83.94,25.159285714285716,13.224979,13.824143,13.578502,red
F043-021,F043,train,Batch 1,10,no,raised,no,dry,44,2025-02-03,10,0,0,0,0,44,74.49142857142859,78.24,28.226428571428578,11.181182,12.898286,11.708263,green
F043-022,F043,train,Batch 2,17,no,floor,yes,damp,89,2025-04-21,17,0,1,1,2,89,84.09,90.36,24.682857142857138,10.245567,15.818,13.163742,red
F043-023,F043,train,Batch 3,8,no,raised,no,unsure,126,2024-11-10,8,0,0,0,1,126,74.99642857142858,78.24,28.19857142857143,12.423634,12.999286,12.797844,amber
F043-024,F043,train,Batch 4,21,no,raised,no,damp,127,2025-03-05,21,0,0,0,2,127,86.46428571428571,90.36,24.877857142857145,10.225787,15.292857,13.534413,red
F043-025,F043,train,Batch 5,3,no,floor,yes,damp,136,2024-10-14,3,0,1,1,2,136,70.21714285714285,78.51,28.01071428571428,13.700707,13.043429,13.255045,red
F043-026,F043,train,Batch 6,11,yes,floor,yes,unsure,134,2024-08-29,11,1,1,1,1,134,71.40142857142855,77.39,27.400714285714287,11.829244,13.280286,12.805259,amber
F043-027,F043,train,Batch 7,16,no,floor,no,dry,102,2024-10-26,16,0,1,0,0,102,70.09071428571428,80.0,27.528571428571432,8.992655,13.018143,11.297589,green
F043-028,F043,train,Batch 8,14,yes,raised,no,dry,139,2024-09-04,14,1,0,0,0,139,60.18857142857142,71.7,26.484999999999996,12.524284,10.037714,10.81852,green
F043-029,F043,train,Batch 9,16,no,raised,yes,dry,69,2025-09-27,16,0,0,1,0,69,81.12357142857142,88.91,26.405714285714286,10.189719,14.224714,11.954203,green
F043-030,F043,train,Batch 10,7,no,floor,yes,unsure,117,2025-02-19,7,0,1,1,1,117,85.54642857142858,88.69,25.76142857142857,11.991273,16.109286,14.556003,red
F043-031,F043,train,Batch 1,14,no,floor,yes,unsure,173,2025-03-03,14,0,1,1,1,173,81.78142857142856,84.22,24.79785714285714,11.177455,15.356286,14.367854,red
F043-032,F043,train,Batch 2,1,no,floor,no,damp,115,2025-03-23,1,0,1,0,2,115,85.62071428571429,90.36,24.57571428571428,14.318724,16.124143,15.431708,red
F043-033,F043,train,Batch 3,14,no,raised,no,dry,72,2024-12-13,14,0,0,0,0,72,73.31285714285715,78.51,28.01857142857143,10.269747,12.662571,11.349361,green
F043-034,F043,train,Batch 4,18,no,floor,no,damp,121,2025-01-10,18,0,1,0,2,121,78.65214285714286,84.02,27.396428571428576,9.744369,14.730429,12.911382,amber
F043-035,F043,train,Batch 5,14,yes,floor,no,damp,12,2025-04-10,14,1,1,0,2,12,74.66,79.17,28.250714285714285,12.108402,13.932,12.28194,amber
F043-036,F043,train,Batch 6,11,no,floor,no,unsure,77,2025-05-24,11,0,1,0,1,77,81.38214285714285,87.52,25.326428571428572,9.935534,15.276429,12.464905,amber
F043-037,F043,train,Batch 7,11,yes,floor,no,dry,20,2025-04-29,11,1,1,0,0,20,80.79214285714284,87.53,27.043571428571425,11.915656,15.158429,12.413481,amber
F043-038,F043,train,Batch 8,5,yes,floor,yes,damp,51,2025-01-03,5,1,1,1,2,51,73.31285714285715,78.51,28.01857142857143,15.662857,13.662571,14.970298,red
F043-039,F043,train,Batch 9,11,no,floor,no,damp,43,2025-01-30,11,0,1,0,2,43,73.81714285714285,78.24,28.365000000000002,9.572285,13.763429,10.834489,green
F043-040,F043,train,Batch 10,3,yes,floor,no,damp,133,2025-07-30,3,1,1,0,2,133,82.76428571428572,88.91,26.20214285714286,16.139542,15.552857,15.746527,red
F043-041,F043,train,Batch 1,10,no,raised,yes,damp,116,2025-02-01,10,0,0,1,2,116,83.45642857142856,89.67,26.444999999999993,11.74292,14.691286,13.569878,red
F043-042,F043,train,Batch 2,4,no,raised,yes,damp,173,2024-09-30,4,0,0,1,2,173,74.04142857142858,78.24,28.189285714285717,14.488028,12.808286,13.205601,red
F043-043,F043,train,Batch 3,11,no,raised,no,dry,57,2025-03-14,11,0,0,0,0,57,79.43285714285715,85.86,27.235714285714288,10.372793,13.886571,11.701405,green
F043-044,F043,train,Batch 4,9,no,floor,yes,damp,160,2025-02-10,9,0,1,1,2,160,83.89500000000001,90.36,24.712142857142855,11.168868,15.779,14.563782,red
F043-045,F043,train,Batch 5,12,no,raised,yes,dry,159,2024-10-19,12,0,0,1,0,159,73.88571428571429,81.64,28.015000000000004,10.962824,12.777143,12.294892,amber
F043-046,F043,train,Batch 6,12,no,floor,yes,damp,172,2025-01-04,12,0,1,1,2,172,86.83357142857143,90.66,25.43857142857143,11.142296,16.366714,15.120625,red
F043-047,F043,train,Batch 7,12,no,raised,no,unsure,76,2025-05-09,12,0,0,0,1,76,82.66142857142857,85.66,24.782857142857143,10.47666,14.532286,12.379481,amber
F043-048,F043,train,Batch 8,21,no,floor,no,damp,42,2025-06-17,21,0,1,0,2,42,81.26071428571427,85.66,25.032142857142862,11.335558,15.252143,12.492172,amber
F043-049,F043,train,Batch 9,8,yes,raised,yes,unsure,91,2025-09-01,8,1,0,1,1,91,79.74857142857145,82.18,26.606428571428573,12.978987,13.949714,13.494981,red
F043-050,F043,train,Batch 10,18,no,raised,no,damp,116,2025-02-13,18,0,0,0,2,116,83.63857142857141,88.69,26.22785714285714,10.270344,14.727714,13.032359,red
F043-051,F043,train,Batch 1,12,no,floor,no,damp,143,2024-09-15,12,0,1,0,2,143,70.09071428571428,80.0,27.528571428571432,10.255209,13.018143,12.178999,amber
F043-052,F043,train,Batch 2,11,no,floor,no,dry,9,2025-03-18,11,0,1,0,0,9,73.88571428571429,81.64,28.015000000000004,11.068931,13.777143,11.264617,green
F043-053,F043,train,Batch 3,13,no,raised,no,dry,35,2025-11-18,13,0,0,0,0,35,78.93857142857144,84.53,26.16785714285714,10.283905,13.787714,11.170307,green
F043-054,F043,train,Batch 4,13,no,floor,yes,damp,110,2025-09-06,13,0,1,1,2,110,77.88071428571429,84.53,26.353571428571428,10.638991,14.576143,13.001874,red
F043-055,F043,train,Batch 5,13,no,raised,no,damp,93,2025-04-15,13,0,0,0,2,93,85.29857142857144,90.36,24.544999999999995,12.086725,15.059714,13.690047,red
F043-056,F043,train,Batch 6,7,no,floor,yes,unsure,172,2025-01-29,7,0,1,1,1,172,83.89500000000001,90.36,24.712142857142855,13.036436,15.779,15.124864,red
F043-057,F043,train,Batch 7,11,no,raised,yes,damp,124,2025-08-15,11,0,0,1,2,124,81.22214285714287,88.91,25.97857142857143,11.545153,14.244429,13.283975,red
F043-058,F043,train,Batch 8,14,yes,raised,yes,damp,8,2025-07-05,14,1,0,1,2,8,86.26642857142859,90.36,24.694285714285716,12.123594,15.253286,12.325437,amber
F043-059,F043,train,Batch 9,18,no,floor,no,dry,3,2025-02-03,18,0,1,0,0,3,69.12214285714286,78.23,27.645,10.036799,12.824429,10.105626,green
F043-060,F043,train,Batch 10,11,no,raised,no,dry,34,2024-12-10,11,0,0,0,0,34,66.08428571428571,75.51,26.992142857142856,9.310029,11.216857,9.780503,green
F043-061,F043,train,Batch 1,16,no,floor,no,dry,68,2024-12-19,16,0,1,0,0,68,72.28857142857143,78.51,27.972142857142853,10.823885,13.457714,11.963244,green
F043-062,F043,train,Batch 2,8,yes,raised,yes,damp,149,2024-10-13,8,1,0,1,2,149,70.31785714285715,77.97,28.57928571428572,12.695736,12.063571,12.246205,amber
F043-063,F043,train,Batch 3,16,yes,raised,no,damp,127,2025-04-18,16,1,0,0,2,127,81.78142857142856,84.22,24.79785714285714,10.9327,14.356286,13.168186,red
F043-064,F043,train,Batch 4,10,no,raised,no,damp,135,2025-03-19,10,0,0,0,2,135,81.2192857142857,85.66,25.12285714285714,10.368405,14.243857,12.985682,amber
F043-065,F043,train,Batch 5,11,no,floor,no,unsure,109,2025-01-17,11,0,1,0,1,109,79.15428571428572,85.86,27.290714285714284,11.398958,14.830857,13.44713,red
F043-066,F043,train,Batch 6,0,no,raised,yes,dry,69,2025-02-01,0,0,0,1,0,69,74.09642857142858,79.69,28.462857142857143,17.2788,12.819286,15.328676,red
F043-067,F043,train,Batch 7,8,no,raised,no,damp,97,2025-03-01,8,0,0,0,2,97,83.2942857142857,89.67,26.285,11.836604,14.658857,13.401261,red
F043-068,F043,train,Batch 8,15,no,floor,yes,damp,147,2025-02-14,15,0,1,1,2,147,86.49285714285715,90.36,24.87142857142857,11.394045,16.298571,14.857829,red
F043-069,F043,train,Batch 9,10,no,raised,no,dry,26,2025-04-18,10,0,0,0,0,26,79.49928571428573,87.53,27.308571428571433,10.667157,13.899857,11.296893,green
F043-070,F043,train,Batch 10,13,no,floor,no,unsure,84,2025-03-03,13,0,1,0,1,84,83.72357142857142,89.67,26.41928571428571,10.511869,15.744714,13.14616,red
F043-071,F043,train,Batch 1,14,yes,floor,no,damp,127,2024-09-29,14,1,1,0,2,127,72.24571428571429,80.0,27.539285714285715,11.324371,13.449143,12.711775,amber
F043-072,F043,train,Batch 2,5,no,raised,no,dry,84,2025-05-28,5,0,0,0,0,84,82.54214285714285,87.52,24.740000000000002,14.277953,14.508429,14.393978,red
F043-073,F043,train,Batch 3,12,no,raised,no,dry,152,2024-12-12,12,0,0,0,0,152,79.53785714285716,87.53,27.275000000000002,10.281868,13.907571,12.88596,amber
F043-074,F043,train,Batch 4,10,no,raised,no,dry,69,2025-01-01,10,0,0,0,0,69,70.31785714285715,77.97,28.57928571428572,10.640997,12.063571,11.263082,green
F043-075,F043,train,Batch 5,3,no,raised,yes,unsure,47,2025-07-10,3,0,0,1,1,47,80.93928571428572,83.94,24.810000000000002,12.508516,14.187857,13.052741,red
F043-076,F043,train,Batch 6,15,no,floor,yes,damp,173,2024-12-18,15,0,1,1,2,173,83.63857142857141,88.69,26.22785714285714,12.355175,15.727714,14.929997,red
F043-077,F043,train,Batch 7,3,no,raised,no,damp,39,2025-04-26,3,0,0,0,2,39,83.81857142857143,89.67,26.320714285714285,14.503869,14.763714,14.575969,red
F043-078,F043,train,Batch 8,18,yes,floor,yes,damp,109,2025-03-14,18,1,1,1,2,109,86.74642857142855,90.66,25.40357142857143,11.712096,16.349286,14.479591,red
F043-079,F043,train,Batch 9,5,no,raised,no,damp,152,2025-01-24,5,0,0,0,2,152,86.83357142857143,90.66,25.43857142857143,13.54116,15.366714,14.852329,red
F043-080,F043,train,Batch 10,15,yes,raised,yes,unsure,100,2025-04-04,15,1,0,1,1,100,86.26642857142859,90.36,24.694285714285716,13.000867,15.253286,14.274388,red
F044-001,F044,validation,Batch 1,10,yes,floor,no,damp,152,2025-07-17,10,1,1,0,2,152,82.75928571428572,88.91,25.957857142857144,12.055034,15.551857,14.56656,red
F044-002,F044,validation,Batch 2,6,no,raised,no,damp,3,2025-02-27,6,0,0,0,2,3,69.65928571428572,78.51,28.177142857142854,12.559639,11.931857,12.544139,amber
F044-003,F044,validation,Batch 3,14,no,raised,yes,damp,55,2024-12-29,14,0,0,1,2,55,73.21571428571428,78.05,28.141428571428573,11.661174,12.643143,12.022208,amber
F044-004,F044,validation,Batch 4,13,no,floor,yes,damp,123,2025-08-26,13,0,1,1,2,123,77.29785714285713,84.53,26.512142857142855,12.694003,14.459571,13.826092,red
F044-005,F044,validation,Batch 5,8,no,floor,yes,damp,75,2024-12-28,8,0,1,1,2,75,72.97285714285715,78.24,28.48857142857143,13.417117,13.594571,13.499587,red
F044-006,F044,validation,Batch 6,9,no,raised,no,unsure,15,2025-05-16,9,0,0,0,1,15,83.37642857142858,89.67,26.362142857142857,11.058498,14.675286,11.483482,green
F044-007,F044,validation,Batch 7,12,no,floor,no,damp,15,2025-04-10,12,0,1,0,2,15,75.45071428571428,82.23,28.19785714285714,12.033459,14.090143,12.275126,amber
F044-008,F044,validation,Batch 8,7,no,floor,no,damp,31,2025-11-12,7,0,1,0,2,31,83.23357142857144,88.91,26.002142857142854,12.275678,15.646714,13.043136,red
F044-009,F044,validation,Batch 9,6,no,floor,yes,damp,95,2025-09-18,6,0,1,1,2,95,79.21000000000001,84.53,26.11428571428571,12.801727,14.842,13.917575,red
F044-010,F044,validation,Batch 10,5,yes,floor,yes,unsure,17,2025-06-16,5,1,1,1,1,17,86.1857142857143,89.75,25.416428571428572,14.644479,16.237143,14.854853,red
F044-011,F044,validation,Batch 1,1,no,raised,no,damp,169,2025-02-05,1,0,0,0,2,169,82.66142857142857,85.66,24.782857142857143,16.107166,14.532286,14.917424,red
F044-012,F044,validation,Batch 2,15,yes,floor,no,damp,162,2024-08-20,15,1,1,0,2,162,66.50928571428572,80.0,27.219285714285714,11.335795,12.301857,12.051415,amber
F044-013,F044,validation,Batch 3,9,yes,raised,yes,damp,59,2025-05-26,9,1,0,1,2,59,82.66142857142857,85.66,24.782857142857143,12.411065,14.532286,13.234934,red
F044-014,F044,validation,Batch 4,13,yes,raised,yes,damp,111,2024-12-01,13,1,0,1,2,111,74.04142857142858,78.24,28.189285714285717,13.767572,12.808286,13.188673,red
F044-015,F044,validation,Batch 5,10,no,floor,no,dry,73,2025-01-28,10,0,1,0,0,73,74.09642857142858,79.69,28.462857142857143,9.905135,13.819286,11.688981,green
F044-016,F044,validation,Batch 6,2,no,raised,yes,damp,11,2025-04-13,2,0,0,1,2,11,75.46785714285714,82.23,28.179285714285708,14.636951,13.093571,14.501765,red
F044-017,F044,validation,Batch 7,10,no,raised,no,dry,157,2024-08-09,10,0,0,0,0,157,66.08428571428571,75.51,26.992142857142856,12.934474,11.216857,11.681078,green
F044-018,F044,validation,Batch 8,15,no,raised,no,damp,41,2025-05-25,15,0,0,0,2,41,86.36357142857143,90.2,25.183571428571423,11.909571,15.272714,12.882915,amber
F044-019,F044,validation,Batch 9,6,no,raised,no,damp,112,2024-11-12,6,0,0,0,2,112,70.14928571428571,78.51,28.16142857142857,13.725687,12.029857,12.696727,amber
F044-020,F044,validation,Batch 10,1,no,floor,yes,unsure,160,2024-12-14,1,0,1,1,1,160,82.25357142857145,88.87,26.704999999999995,17.100041,15.450714,15.885472,red
F044-021,F044,validation,Batch 1,9,no,raised,no,damp,2,2024-12-30,9,0,0,0,2,2,76.62857142857142,81.58,26.99285714285714,12.008912,13.325714,12.030677,amber
F044-022,F044,validation,Batch 2,13,yes,raised,no,unsure,12,2025-08-13,13,1,0,0,1,12,80.9592857142857,84.22,24.856428571428577,13.767587,14.191857,13.807962,red
F044-023,F044,validation,Batch 3,8,no,raised,yes,damp,63,2025-01-30,8,0,0,1,2,63,74.41857142857143,81.64,28.122857142857146,12.369533,12.883714,12.579548,amber
F044-024,F044,validation,Batch 4,13,yes,raised,yes,unsure,46,2025-02-19,13,1,0,1,1,46,75.43071428571427,81.64,28.13,12.699508,13.086143,12.822618,amber
F044-025,F044,validation,Batch 5,8,no,raised,no,unsure,72,2025-02-15,8,0,0,0,1,72,76.85357142857143,85.86,27.990000000000002,12.301492,13.370714,12.783912,amber
F044-026,F044,validation,Batch 6,13,no,raised,no,unsure,118,2024-11-07,13,0,0,0,1,118,70.12214285714286,78.51,28.145714285714288,11.19978,12.024429,11.715959,green
F044-027,F044,validation,Batch 7,9,no,raised,no,dry,63,2025-05-15,9,0,0,0,0,63,85.29857142857144,90.36,24.544999999999995,12.140845,15.059714,13.333041,red
F044-028,F044,validation,Batch 8,12,yes,raised,yes,damp,27,2025-03-24,12,1,0,1,2,27,74.66,79.17,28.26928571428571,12.973449,12.932,12.965097,amber
F044-029,F044,validation,Batch 9,7,no,floor,no,unsure,162,2024-08-18,7,0,1,0,1,162,65.07714285714287,80.0,27.072142857142858,13.643642,12.015429,12.437527,amber
F044-030,F044,validation,Batch 10,12,no,floor,no,unsure,49,2025-03-04,12,0,1,0,1,49,74.66,79.17,28.250714285714285,11.929584,13.932,12.600879,amber
F044-031,F044,validation,Batch 1,6,no,raised,no,unsure,31,2025-06-27,6,0,0,0,1,31,81.43357142857143,85.66,24.945,13.284609,14.286714,13.512751,red
F044-032,F044,validation,Batch 2,9,no,raised,no,dry,33,2025-07-19,9,0,0,0,0,33,82.48,87.52,24.687857142857144,11.030665,14.496,11.863828,green
F044-033,F044,validation,Batch 3,11,no,raised,no,damp,155,2024-10-27,11,0,0,0,2,155,73.74642857142858,81.64,28.010714285714283,11.374216,12.749286,12.3714,amber
F044-034,F044,validation,Batch 4,8,no,raised,yes,damp,139,2025-01-19,8,0,0,1,2,139,83.22428571428573,88.69,26.26285714285714,12.747926,14.644857,14.049203,red
F044-035,F044,validation,Batch 5,17,yes,raised,no,damp,171,2024-10-08,17,1,0,0,2,171,73.63142857142857,81.64,28.07000000000001,12.545356,12.726286,12.682771,amber
F044-036,F044,validation,Batch 6,15,yes,raised,no,dry,150,2024-10-13,15,1,0,0,0,150,72.135,77.97,28.569285714285716,12.563206,12.427,12.466024,amber
F044-037,F044,validation,Batch 7,4,yes,raised,yes,damp,56,2025-05-15,4,1,0,1,2,56,86.46428571428571,90.36,24.877857142857145,16.418913,15.292857,15.998995,red
F044-038,F044,validation,Batch 8,14,no,raised,yes,damp,120,2025-03-09,14,0,0,1,2,120,86.22142857142856,90.2,25.115000000000006,11.337631,15.244286,13.807108,red
F044-039,F044,validation,Batch 9,7,no,raised,no,damp,30,2025-04-22,7,0,0,0,2,30,81.90714285714286,87.53,26.756428571428568,11.518705,14.381429,12.151938,amber
F044-040,F044,validation,Batch 10,3,no,raised,yes,damp,139,2024-09-25,3,0,0,1,2,139,70.35142857142857,78.23,27.863571428571426,14.395463,12.070286,12.800413,amber
F044-041,F044,validation,Batch 1,8,no,raised,yes,damp,115,2024-12-29,8,0,0,1,2,115,75.51857142857143,82.23,28.140714285714278,12.980492,13.103714,13.056455,red
F044-042,F044,validation,Batch 2,13,no,raised,no,dry,40,2025-03-25,13,0,0,0,0,40,78.09857142857143,85.86,27.517857142857142,11.868353,13.619714,12.364809,amber
F044-043,F044,validation,Batch 3,10,no,raised,no,dry,6,2025-07-07,10,0,0,0,0,6,86.26642857142859,90.36,24.694285714285716,11.037726,15.253286,11.243321,green
F044-044,F044,validation,Batch 4,10,yes,raised,yes,damp,99,2025-03-03,10,1,0,1,2,99,83.98000000000002,88.69,26.188571428571425,12.565107,14.796,13.818345,red
F044-045,F044,validation,Batch 5,12,no,floor,no,damp,72,2024-11-06,12,0,1,0,2,72,63.43285714285713,71.7,26.69785714285715,12.175928,11.686571,11.955136,green
F044-046,F044,validation,Batch 6,15,yes,floor,no,damp,4,2025-01-25,15,1,1,0,2,4,66.50928571428572,80.0,27.219285714285714,12.179612,12.301857,12.18362,amber
F044-047,F044,validation,Batch 7,13,no,raised,no,dry,180,2024-08-30,13,0,0,0,0,180,70.72571428571429,78.51,27.957142857142856,10.122613,12.145143,11.693855,green
F044-048,F044,validation,Batch 8,18,no,raised,no,dry,7,2025-01-17,18,0,0,0,0,7,60.544285714285714,80.0,26.613571428571426,10.910082,10.108857,10.86468,green
F044-049,F044,validation,Batch 9,1,no,floor,yes,unsure,119,2024-10-28,1,0,1,1,1,119,72.81714285714285,78.51,28.025000000000002,16.939147,13.563429,14.815678,red
F044-050,F044,validation,Batch 10,10,yes,raised,yes,dry,169,2025-07-01,10,1,0,1,0,169,81.22214285714287,88.91,25.97857142857143,12.8906,14.244429,13.913349,red
F044-051,F044,validation,Batch 1,17,yes,floor,no,damp,94,2024-10-28,17,1,1,0,2,94,66.90071428571429,80.0,27.23142857142857,12.47666,12.380143,12.424239,amber
F044-052,F044,validation,Batch 2,8,yes,raised,no,dry,17,2025-01-16,8,1,0,0,0,17,71.74285714285713,80.0,27.467142857142854,12.732396,12.348571,12.681697,amber
F044-053,F044,validation,Batch 3,8,no,raised,yes,unsure,131,2025-04-19,8,0,0,1,1,131,80.03499999999998,83.94,24.977142857142855,12.064015,14.007,13.354824,red
F044-054,F044,validation,Batch 4,10,no,raised,no,damp,102,2025-02-16,10,0,0,0,2,102,83.82428571428571,89.67,26.346428571428568,9.45991,14.764857,12.497444,amber
F044-055,F044,validation,Batch 5,9,no,floor,no,damp,95,2025-01-12,9,0,1,0,2,95,74.14642857142856,78.56,28.33714285714286,11.547327,13.829286,12.795355,amber
F044-056,F044,validation,Batch 6,15,no,raised,no,unsure,98,2025-03-10,15,0,0,0,1,98,85.54642857142858,88.69,25.76142857142857,11.133708,15.109286,13.352469,red
F044-057,F044,validation,Batch 7,16,yes,raised,yes,damp,128,2025-01-15,16,1,0,1,2,128,82.25357142857145,88.87,26.704999999999995,12.280546,14.450714,13.703843,red
F044-058,F044,validation,Batch 8,2,no,floor,yes,damp,19,2025-07-12,2,0,1,1,2,19,81.15499999999999,85.66,25.083571428571425,14.857372,15.231,14.912084,red
F044-059,F044,validation,Batch 9,7,no,raised,no,damp,25,2025-01-14,7,0,0,0,2,25,69.68,78.23,27.772142857142853,12.579161,11.936,12.458206,amber
F044-060,F044,validation,Batch 10,14,yes,floor,no,damp,173,2024-08-20,14,1,1,0,2,173,69.97785714285715,78.23,27.793571428571422,12.107417,12.995571,12.785493,amber
F044-061,F044,validation,Batch 1,17,no,floor,yes,dry,80,2025-06-11,17,0,1,1,0,80,79.12071428571427,83.94,25.159285714285716,12.819798,14.824143,13.795078,red
F044-062,F044,validation,Batch 2,10,no,floor,no,damp,127,2024-09-06,10,0,1,0,2,127,69.75357142857142,77.39,27.245714285714286,11.079548,12.950714,12.301356,amber
F044-063,F044,validation,Batch 3,8,no,floor,no,damp,125,2025-01-05,8,0,1,0,2,125,79.43285714285715,85.86,27.235714285714288,12.807687,14.886571,14.153004,red
F044-064,F044,validation,Batch 4,13,no,raised,no,dry,52,2025-02-24,13,0,0,0,0,52,74.14642857142856,78.56,28.33714285714286,11.073826,12.829286,11.691144,green
F044-065,F044,validation,Batch 5,8,no,raised,yes,damp,15,2025-02-01,8,0,0,1,2,15,69.64214285714284,77.15,28.177142857142858,13.548816,11.928429,13.358416,red
F044-066,F044,validation,Batch 6,9,no,raised,yes,damp,168,2024-12-29,9,0,0,1,2,168,85.49428571428571,88.69,25.845714285714283,11.477807,15.098857,14.205917,red
F044-067,F044,validation,Batch 7,16,no,raised,yes,damp,155,2024-11-02,16,0,0,1,2,155,75.43071428571427,81.64,28.13,11.883921,13.086143,12.755757,amber
F044-068,F044,validation,Batch 8,13,no,raised,no,dry,80,2024-10-17,13,0,0,0,0,80,74.23857142857142,81.58,27.345,11.182436,12.847714,11.992732,green
F044-069,F044,validation,Batch 9,10,no,floor,yes,damp,107,2025-02-07,10,0,1,1,2,107,83.64999999999999,89.67,26.43571428571428,11.397089,15.73,13.953628,red
F044-070,F044,validation,Batch 10,5,no,floor,no,dry,156,2025-02-15,5,0,1,0,0,156,83.61785714285715,90.36,24.720714285714283,12.794267,15.723571,14.925243,red
F044-071,F044,validation,Batch 1,5,no,floor,no,unsure,149,2024-08-13,5,0,1,0,1,149,72.47714285714285,81.58,27.456428571428567,12.384831,13.495429,13.174575,red
F044-072,F044,validation,Batch 2,16,no,raised,no,dry,1,2025-12-08,16,0,0,0,0,1,82.38214285714285,88.91,26.270000000000003,10.947658,14.476429,10.976942,green
F044-073,F044,validation,Batch 3,10,yes,raised,yes,damp,177,2025-07-05,10,1,0,1,2,177,76.38142857142859,81.58,26.70214285714286,12.614392,13.276286,13.124858,red
F044-074,F044,validation,Batch 4,16,no,raised,no,dry,67,2024-12-20,16,0,0,0,0,67,72.28857142857143,78.51,27.972142857142853,10.288594,12.457714,11.216626,green
F044-075,F044,validation,Batch 5,5,no,raised,no,dry,121,2025-01-11,5,0,0,0,0,121,79.13642857142858,84.02,27.32214285714286,14.546976,13.827286,14.089848,red
F044-076,F044,validation,Batch 6,11,no,raised,no,damp,54,2025-04-30,11,0,0,0,2,54,86.86357142857142,90.66,25.509999999999998,10.312302,15.372714,12.146053,amber
F044-077,F044,validation,Batch 7,18,no,raised,no,dry,49,2025-10-29,18,0,0,0,0,49,81.22214285714287,88.91,25.97857142857143,10.697631,14.244429,11.886669,green
F044-078,F044,validation,Batch 8,5,no,raised,no,damp,78,2024-10-16,5,0,0,0,2,78,75.70357142857144,81.58,27.132857142857144,13.647042,13.140714,13.40504,red
F044-079,F044,validation,Batch 9,9,no,raised,no,damp,107,2024-11-09,9,0,0,0,2,107,72.81714285714285,78.51,28.025000000000002,12.194376,12.563429,12.412127,amber
F044-080,F044,validation,Batch 10,10,no,raised,no,dry,114,2024-11-30,10,0,0,0,0,114,73.70214285714287,78.24,28.172857142857143,11.240451,12.740429,12.160326,amber
F045-001,F045,train,Batch 1,13,yes,floor,no,dry,164,2024-10-05,13,1,1,0,0,164,74.94785714285715,78.24,28.134285714285717,11.618686,13.989571,13.385101,red
F045-002,F045,train,Batch 2,5,no,floor,no,dry,164,2024-08-13,5,0,1,0,0,164,60.544285714285714,80.0,26.613571428571426,12.1271,11.108857,11.368464,green
F045-003,F045,train,Batch 3,7,yes,raised,no,unsure,158,2024-07-31,7,1,0,0,1,158,74.23857142857142,81.58,27.345,13.890043,12.847714,13.127087,red
F045-004,F045,train,Batch 4,13,yes,raised,no,damp,35,2025-05-20,13,1,0,0,2,35,86.75428571428571,90.66,25.47714285714286,11.432418,15.350857,12.423714,amber
F045-005,F045,train,Batch 5,14,no,raised,no,dry,128,2025-07-26,14,0,0,0,0,128,79.74857142857145,82.18,26.606428571428573,9.730797,13.949714,12.497758,amber
F045-006,F045,train,Batch 6,20,no,raised,no,damp,24,2025-05-21,20,0,0,0,2,24,85.29999999999998,88.69,26.00357142857143,11.513897,15.06,12.156696,amber
F045-007,F045,train,Batch 7,14,no,floor,yes,damp,143,2025-03-16,14,0,1,1,2,143,80.42999999999999,85.31,25.357142857142858,11.417557,15.086,13.97184,red
F045-008,F045,train,Batch 8,6,no,raised,no,dry,39,2025-01-01,6,0,0,0,0,39,69.97785714285715,78.23,27.793571428571422,11.099563,11.995571,11.348181,green
F045-009,F045,train,Batch 9,10,no,floor,no,damp,33,2025-05-27,10,0,1,0,2,33,86.98571428571428,90.66,25.385,11.056743,16.397143,12.340724,amber
F045-010,F045,train,Batch 10,11,yes,floor,no,unsure,59,2025-10-15,11,1,1,0,1,59,83.23357142857144,88.91,26.002142857142854,12.748263,15.646714,13.874004,red
F045-011,F045,train,Batch 1,5,no,raised,yes,damp,30,2025-03-04,5,0,0,1,2,30,74.41857142857143,81.64,28.122857142857146,12.194427,12.883714,12.346896,amber
F045-012,F045,train,Batch 2,7,no,raised,no,unsure,164,2024-09-02,7,0,0,0,1,164,70.70714285714284,78.23,27.902857142857147,11.095132,12.141429,11.87467,green
F045-013,F045,train,Batch 3,8,no,raised,no,damp,65,2025-02-17,8,0,0,0,2,65,75.51857142857143,82.23,28.140714285714278,11.833016,13.103714,12.36445,amber
F045-014,F045,train,Batch 4,5,no,raised,no,damp,113,2025-02-16,5,0,0,0,2,113,83.63857142857141,88.69,26.22785714285714,14.241689,14.727714,14.538176,red
F045-015,F045,train,Batch 5,8,yes,raised,yes,dry,31,2024-12-10,8,1,0,1,0,31,71.40142857142855,77.39,27.400714285714287,13.393352,12.280286,13.139948,red
F045-016,F045,train,Batch 6,14,no,raised,no,dry,8,2025-06-28,14,0,0,0,0,8,86.22642857142857,90.2,25.14428571428572,11.330717,15.245286,11.58318,green
F045-017,F045,train,Batch 7,12,no,raised,no,dry,29,2025-02-14,12,0,0,0,0,29,74.35285714285715,78.24,28.287857142857142,10.193477,12.870571,10.768201,green
F045-018,F045,train,Batch 8,5,no,floor,yes,unsure,136,2024-09-03,5,0,1,1,1,136,63.43285714285713,71.7,26.69785714285715,15.147461,11.686571,12.800833,amber
F045-019,F045,train,Batch 9,7,yes,raised,yes,dry,4,2025-04-29,7,1,0,1,0,4,77.85642857142857,85.86,27.577142857142857,14.554392,13.571286,14.522162,red
F045-020,F045,train,Batch 10,11,yes,floor,no,damp,33,2025-01-13,11,1,1,0,2,33,70.02642857142857,77.15,28.074285714285715,11.917586,13.005286,12.179099,amber
F045-021,F045,train,Batch 1,2,no,raised,no,dry,167,2024-10-02,2,0,0,0,0,167,74.94785714285715,78.24,28.134285714285717,14.342163,12.989571,13.325908,red
F045-022,F045,train,Batch 2,14,no,raised,no,damp,40,2025-05-17,14,0,0,0,2,40,87.19285714285716,90.66,25.372142857142855,10.768712,15.438571,12.092471,amber
F045-023,F045,train,Batch 3,9,no,floor,no,damp,67,2025-06-01,9,0,1,0,2,67,80.57857142857144,85.31,25.376428571428573,10.065222,15.115714,12.226015,amber
F045-024,F045,train,Batch 4,4,no,raised,yes,damp,150,2025-02-21,4,0,0,1,2,150,83.61785714285715,90.36,24.720714285714283,13.469612,14.723571,14.364306,red
F045-025,F045,train,Batch 5,12,no,raised,no,dry,163,2024-09-18,12,0,0,0,0,163,69.475,78.51,28.14642857142857,10.809283,11.895,11.615874,green
F045-026,F045,train,Batch 6,11,no,raised,yes,damp,133,2025-02-03,11,0,0,1,2,133,85.54642857142858,88.69,25.76142857142857,11.866355,15.109286,14.038766,red
F045-027,F045,train,Batch 7,9,no,raised,no,dry,17,2025-01-31,9,0,0,0,0,17,69.72714285714285,77.15,28.16571428571429,10.971282,11.945429,11.099957,green
F045-028,F045,train,Batch 8,15,no,raised,no,damp,134,2024-10-26,15,0,0,0,2,134,69.14500000000001,77.34,28.454285714285714,11.222141,11.829,11.630333,green
F045-029,F045,train,Batch 9,23,yes,raised,yes,damp,157,2025-03-01,23,1,0,1,2,157,80.63071428571428,85.31,25.315,10.567735,14.126143,13.164411,red
F045-030,F045,train,Batch 10,12,yes,raised,no,damp,13,2025-11-19,12,1,0,0,2,13,79.80071428571429,82.18,26.620714285714286,11.889557,13.960143,12.102148,amber
F045-031,F045,train,Batch 1,4,no,raised,no,damp,7,2025-06-07,4,0,0,0,2,7,85.29999999999998,88.69,26.00357142857143,12.366389,15.06,12.519022,amber
F045-032,F045,train,Batch 2,9,no,raised,no,unsure,131,2025-02-20,9,0,0,0,1,131,86.74642857142855,90.66,25.40357142857143,11.311709,15.349286,13.994046,red
F045-033,F045,train,Batch 3,8,no,floor,no,damp,56,2025-07-03,8,0,1,0,2,56,80.03499999999998,83.94,24.977142857142855,11.780043,15.007,12.98341,amber
F045-034,F045,train,Batch 4,16,yes,raised,no,damp,51,2025-10-15,16,1,0,0,2,51,81.12357142857142,88.91,26.405714285714286,11.324438,14.224714,12.328601,amber
F045-035,F045,train,Batch 5,18,no,raised,no,dry,29,2025-04-07,18,0,0,0,0,29,79.15428571428572,85.86,27.290714285714284,10.09493,13.830857,10.896967,green
F045-036,F045,train,Batch 6,13,no,raised,no,dry,152,2024-09-01,13,0,0,0,0,152,68.05357142857142,80.0,27.29357142857143,9.280769,11.610714,10.954207,green
F045-037,F045,train,Batch 7,19,no,floor,yes,damp,96,2025-03-13,19,0,1,1,2,96,85.82714285714287,88.69,25.703571428571426,10.721048,16.165429,13.719111,red
F045-038,F045,train,Batch 8,10,no,floor,no,unsure,4,2025-03-01,10,0,1,0,1,4,70.12214285714286,78.51,28.145714285714288,11.111193,13.024429,11.173917,green
F045-039,F045,train,Batch 9,6,no,raised,yes,damp,2,2025-05-12,6,0,0,1,2,2,79.49928571428573,87.53,27.308571428571433,13.287412,13.899857,13.297535,red
F045-040,F045,train,Batch 10,14,no,raised,no,dry,41,2025-04-12,14,0,0,0,0,41,82.25357142857145,88.87,26.704999999999995,10.317709,14.450714,11.513863,green
F045-041,F045,train,Batch 1,13,no,floor,no,damp,110,2024-11-02,13,0,1,0,2,110,72.97857142857141,77.15,28.245,10.782405,13.595714,12.470813,amber
F045-042,F045,train,Batch 2,6,no,floor,yes,damp,74,2025-03-03,6,0,1,1,2,74,80.00642857142854,87.53,27.298571428571428,12.722329,15.001286,13.77124,red
F045-043,F045,train,Batch 3,8,no,raised,no,unsure,54,2025-04-17,8,0,0,0,1,54,83.98000000000002,88.69,26.188571428571425,10.605084,14.796,12.123754,amber
F045-044,F045,train,Batch 4,8,no,raised,no,unsure,88,2024-10-26,8,0,0,0,1,88,59.89357142857143,71.7,26.52571428571428,11.45678,9.978714,10.688637,green
F045-045,F045,train,Batch 5,12,no,raised,no,dry,129,2024-11-04,12,0,0,0,0,129,72.97285714285715,78.24,28.48857142857143,9.069974,12.594571,11.391634,green
F045-046,F045,train,Batch 6,7,yes,raised,no,unsure,146,2024-08-28,7,1,0,0,1,146,60.18857142857142,71.7,26.484999999999996,14.926191,10.037714,11.485759,green
F045-047,F045,train,Batch 7,12,no,floor,no,damp,113,2024-12-16,12,0,1,0,2,113,75.32857142857142,81.64,28.277142857142852,10.202896,14.065714,12.559303,amber
F045-048,F045,train,Batch 8,2,no,raised,yes,damp,22,2025-06-04,2,0,0,1,2,22,87.19285714285716,90.66,25.372142857142855,14.819918,15.438571,14.923548,red
F045-049,F045,train,Batch 9,7,yes,raised,yes,damp,24,2024-12-16,7,1,0,1,2,24,72.47714285714285,81.58,27.456428571428567,13.830485,12.495429,13.58848,red
F045-050,F045,train,Batch 10,6,no,raised,no,damp,152,2024-12-13,6,0,0,0,2,152,79.49928571428573,87.53,27.308571428571433,13.170843,13.899857,13.694443,red
F045-051,F045,train,Batch 1,19,no,raised,yes,damp,174,2024-11-24,19,0,0,1,2,174,80.43428571428569,87.53,27.237142857142857,10.3273,14.086857,13.204977,red
F045-052,F045,train,Batch 2,7,yes,raised,no,damp,130,2024-11-12,7,1,0,0,2,130,74.04142857142858,78.24,28.189285714285717,13.556451,12.808286,13.061514,red
F045-053,F045,train,Batch 3,6,no,raised,no,damp,28,2025-02-21,6,0,0,0,2,28,74.48857142857143,78.24,28.12714285714286,12.634676,12.897714,12.689417,amber
F045-054,F045,train,Batch 4,10,no,raised,no,damp,127,2025-01-09,10,0,0,0,2,127,80.00642857142854,87.53,27.298571428571428,10.792281,14.001286,12.887653,amber
F045-055,F045,train,Batch 5,9,yes,floor,no,unsure,87,2025-02-05,9,1,1,0,1,87,77.85642857142857,85.86,27.577142857142857,12.940319,14.571286,13.781368,red
F045-056,F045,train,Batch 6,6,no,raised,no,damp,7,2025-07-21,6,0,0,0,2,7,81.43357142857143,85.66,24.945,11.925356,14.286714,12.059161,amber
F045-057,F045,train,Batch 7,13,no,floor,no,dry,2,2025-12-24,13,0,1,0,0,2,77.45285714285713,84.53,26.44928571428571,8.967408,14.490571,9.058698,green
F045-058,F045,train,Batch 8,3,no,raised,no,damp,146,2024-10-07,3,0,0,0,2,146,69.65928571428572,78.51,28.177142857142854,14.046922,11.931857,12.558373,amber
F045-059,F045,train,Batch 9,8,no,raised,yes,unsure,168,2024-11-17,8,0,0,1,1,168,78.09857142857143,85.86,27.517857142857142,11.273994,13.619714,13.041267,red
F045-060,F045,train,Batch 10,14,no,raised,no,dry,72,2025-02-19,14,0,0,0,0,72,77.74571428571429,85.86,27.639285714285712,11.264094,13.549143,12.295082,amber
F045-061,F045,train,Batch 1,2,no,raised,no,dry,75,2024-12-07,2,0,0,0,0,75,72.97857142857141,77.15,28.245,15.807178,12.595714,14.314687,red
F045-062,F045,train,Batch 2,5,no,floor,no,dry,102,2024-10-09,5,0,1,0,0,102,60.872857142857136,71.7,26.470714285714283,11.608401,11.174571,11.359997,green
F045-063,F045,train,Batch 3,7,no,raised,yes,damp,29,2025-06-25,7,0,0,1,2,29,82.66142857142857,85.66,24.782857142857143,12.203791,14.532286,12.703677,amber
F045-064,F045,train,Batch 4,0,no,floor,no,damp,57,2025-05-21,0,0,1,0,2,57,85.29857142857144,90.36,24.544999999999995,15.679825,16.059714,15.823467,red
F045-065,F045,train,Batch 5,3,no,floor,yes,damp,147,2024-09-16,3,0,1,1,2,147,70.24214285714285,78.23,27.80785714285714,14.368934,13.048429,13.436337,red
F045-066,F045,train,Batch 6,7,no,floor,no,damp,76,2024-11-12,7,0,1,0,2,76,65.07714285714287,80.0,27.072142857142858,12.319184,12.015429,12.176668,amber
F045-067,F045,train,Batch 7,10,no,raised,no,unsure,77,2024-12-08,10,0,0,0,1,77,73.31285714285715,78.51,28.01857142857143,11.402195,12.662571,11.999091,green
F045-068,F045,train,Batch 8,6,no,raised,no,damp,83,2025-01-10,6,0,0,0,2,83,74.41857142857143,81.64,28.122857142857146,12.148219,12.883714,12.515422,amber
F045-069,F045,train,Batch 9,17,no,floor,no,damp,116,2024-11-09,17,0,1,0,2,116,70.12214285714286,78.51,28.145714285714288,10.384353,13.024429,12.020279,amber
F045-070,F045,train,Batch 10,11,no,raised,no,unsure,82,2025-01-24,11,0,0,0,1,82,74.27428571428572,78.56,28.309285714285718,9.608258,12.854857,11.215548,green
F045-071,F045,train,Batch 1,9,no,raised,no,damp,173,2024-10-03,9,0,0,0,2,173,73.55357142857144,78.24,28.14071428571429,10.711016,12.710714,12.237719,amber
F045-072,F045,train,Batch 2,10,no,raised,yes,damp,165,2025-02-09,10,0,0,1,2,165,82.66142857142857,85.66,24.782857142857143,9.628165,14.532286,13.29233,red
F045-073,F045,train,Batch 3,6,no,floor,no,damp,45,2024-12-28,6,0,1,0,2,45,70.35142857142857,78.23,27.863571428571426,12.198306,13.070286,12.470984,amber
F045-074,F045,train,Batch 4,18,yes,raised,no,dry,133,2024-09-09,18,1,0,0,0,133,60.44642857142857,71.7,26.49785714285714,11.961784,10.089286,10.707414,green
F045-075,F045,train,Batch 5,14,no,floor,no,damp,158,2024-07-30,14,0,1,0,2,158,75.20214285714285,81.58,27.287857142857142,9.780586,14.040429,12.898675,amber
F045-076,F045,train,Batch 6,4,no,raised,yes,damp,10,2025-08-18,4,0,0,1,2,10,80.03499999999998,83.94,24.977142857142855,13.905627,14.007,13.913733,red
F045-077,F045,train,Batch 7,15,no,raised,yes,damp,123,2025-01-19,15,0,0,1,2,123,81.90714285714286,87.53,26.756428571428568,12.87942,14.381429,13.842513,red
F045-078,F045,train,Batch 8,8,no,raised,no,dry,69,2024-11-22,8,0,0,0,0,69,66.90071428571429,80.0,27.23142857142857,12.332628,11.380143,11.916111,green
F045-079,F045,train,Batch 9,15,no,raised,no,dry,88,2025-05-14,15,0,0,0,0,88,81.61642857142859,87.52,25.32571428571428,9.129856,14.323286,11.828854,green
F045-080,F045,train,Batch 10,11,no,raised,yes,damp,152,2025-02-04,11,0,0,1,2,152,86.22642857142857,90.2,25.14428571428572,11.018628,15.245286,14.054343,red
F046-001,F046,train,Batch 1,11,yes,raised,yes,damp,111,2025-02-05,11,1,0,1,2,111,83.30214285714285,89.67,26.474999999999994,10.304259,14.660429,12.93307,amber
F046-002,F046,train,Batch 2,9,yes,floor,no,dry,163,2024-08-12,9,1,1,0,0,163,59.89357142857143,71.7,26.52571428571428,12.597807,10.978714,11.394965,green
F046-003,F046,train,Batch 3,10,no,floor,no,dry,28,2024-12-11,10,0,1,0,0,28,72.85499999999999,81.58,27.45285714285714,11.314705,13.571,11.784264,green
F046-004,F046,train,Batch 4,3,no,raised,no,dry,56,2024-11-17,3,0,0,0,0,56,67.82428571428571,76.4,27.097857142857144,14.665198,11.564857,13.509047,red
F046-005,F046,train,Batch 5,12,no,raised,no,dry,125,2024-11-07,12,0,0,0,0,125,72.135,77.97,28.569285714285716,9.584624,12.427,11.424022,green
F046-006,F046,train,Batch 6,13,no,raised,yes,damp,119,2025-08-08,13,0,0,1,2,119,81.12357142857142,88.91,26.405714285714286,9.579145,14.224714,12.501404,amber
F046-007,F046,train,Batch 7,5,no,raised,no,damp,34,2025-03-21,5,0,0,0,2,34,75.46785714285714,82.23,28.179285714285708,12.321296,13.093571,12.511841,amber
F046-008,F046,train,Batch 8,10,no,raised,no,unsure,76,2025-04-12,10,0,0,0,1,76,87.11214285714286,90.66,25.310714285714287,9.206742,15.422429,12.123021,amber
F046-009,F046,train,Batch 9,10,no,floor,no,damp,59,2025-04-27,10,0,1,0,2,59,86.83357142857143,90.66,25.43857142857143,12.027657,16.366714,13.71292,red
F046-010,F046,train,Batch 10,11,yes,floor,no,unsure,1,2025-01-12,11,1,1,0,1,1,66.08428571428571,75.51,26.992142857142856,12.954874,12.216857,12.948749,amber
F046-011,F046,train,Batch 1,0,yes,raised,yes,damp,94,2024-11-08,0,1,0,1,2,94,70.24214285714285,78.23,27.80785714285714,17.999261,12.048429,14.767248,red
F046-012,F046,train,Batch 2,16,no,raised,no,dry,25,2024-12-14,16,0,0,0,0,25,72.85499999999999,81.58,27.45285714285714,10.784967,12.571,11.120855,green
F046-013,F046,train,Batch 3,10,no,floor,no,unsure,49,2025-01-12,10,0,1,0,1,49,69.65928571428572,78.51,28.177142857142854,10.799759,12.931857,11.51453,green
F046-014,F046,train,Batch 4,12,no,floor,no,damp,40,2024-11-30,12,0,1,0,2,40,72.47714285714285,81.58,27.456428571428567,10.648439,13.495429,11.455471,green
F046-015,F046,train,Batch 5,11,no,raised,no,unsure,179,2024-12-08,11,0,0,0,1,179,83.76857142857143,89.67,26.266428571428573,11.211016,14.753714,13.956617,red
F046-016,F046,train,Batch 6,6,yes,raised,no,damp,29,2025-11-25,6,1,0,0,2,29,78.56142857142858,84.53,26.22714285714286,13.737713,13.712286,13.732254,red
F046-017,F046,train,Batch 7,8,no,floor,yes,damp,91,2025-09-10,8,0,1,1,2,91,82.76428571428572,88.91,26.20214285714286,10.280143,15.552857,13.082873,red
F046-018,F046,train,Batch 8,13,no,floor,no,damp,65,2025-01-19,13,0,1,0,2,65,73.55357142857144,78.24,28.14071428571429,11.446125,13.710714,12.393227,amber
F046-019,F046,train,Batch 9,3,no,raised,yes,unsure,115,2024-12-28,3,0,0,1,1,115,74.66,79.17,28.250714285714285,14.53947,12.932,13.548516,red
F046-020,F046,train,Batch 10,8,no,raised,yes,damp,124,2024-12-03,8,0,0,1,2,124,75.43071428571427,81.64,28.13,12.200954,13.086143,12.771176,amber
F046-021,F046,train,Batch 1,12,no,floor,no,dry,17,2024-12-24,12,0,1,0,0,17,71.40142857142855,77.39,27.400714285714287,11.422235,13.280286,11.667664,green
F046-022,F046,train,Batch 2,10,yes,raised,yes,unsure,26,2024-12-15,10,1,0,1,1,26,71.40142857142855,77.39,27.400714285714287,12.737546,12.280286,12.648471,amber
F046-023,F046,train,Batch 3,4,no,floor,no,damp,168,2025-02-17,4,0,1,0,2,168,80.98571428571428,85.66,25.265000000000004,13.478211,15.197143,14.773259,red
F046-024,F046,train,Batch 4,13,no,raised,no,dry,60,2024-11-07,13,0,0,0,0,60,73.575,81.58,27.358571428571427,8.512748,12.715,10.166205,green
F046-025,F046,train,Batch 5,9,no,raised,no,unsure,47,2025-11-13,9,0,0,0,1,47,76.82642857142856,81.58,26.73857142857143,11.834198,13.365286,12.330379,amber
F046-026,F046,train,Batch 6,14,no,floor,yes,damp,114,2025-04-08,14,0,1,1,2,114,81.15499999999999,85.66,25.083571428571425,9.831012,15.231,13.142603,red
F046-027,F046,train,Batch 7,10,no,raised,yes,dry,141,2025-07-20,10,0,0,1,0,141,81.80071428571429,88.91,26.36357142857143,10.223622,14.360143,13.082707,red
F046-028,F046,train,Batch 8,8,no,floor,no,damp,46,2025-10-19,8,0,1,0,2,46,81.07714285714287,88.91,26.435714285714283,10.903363,15.215429,12.276386,amber
F046-029,F046,train,Batch 9,12,no,floor,no,dry,53,2024-12-29,12,0,1,0,0,53,72.97857142857141,77.15,28.245,10.555054,13.595714,11.64068,green
F046-030,F046,train,Batch 10,0,no,raised,yes,damp,164,2024-12-12,0,0,0,1,2,164,83.64999999999999,89.67,26.43571428571428,15.072003,14.73,14.817196,red
F046-031,F046,train,Batch 1,11,yes,raised,no,dry,36,2025-01-09,11,1,0,0,0,36,70.8442857142857,78.23,27.91,10.595627,12.168857,11.00338,green
F046-032,F046,train,Batch 2,10,no,raised,no,dry,100,2024-11-09,10,0,0,0,0,100,69.72714285714285,77.15,28.16571428571429,10.074789,11.945429,11.132452,green
F046-033,F046,train,Batch 3,8,no,raised,no,dry,9,2025-12-21,8,0,0,0,0,9,76.82642857142856,81.58,26.73857142857143,11.86523,13.365286,11.973619,green
F046-034,F046,train,Batch 4,6,no,raised,no,unsure,168,2024-11-11,6,0,0,0,1,168,76.85357142857143,85.86,27.990000000000002,12.383033,13.370714,13.127155,red
F046-035,F046,train,Batch 5,15,no,raised,no,unsure,74,2025-04-14,15,0,0,0,1,74,87.11214285714286,90.66,25.310714285714287,9.599492,15.422429,12.279553,amber
F046-036,F046,train,Batch 6,10,no,raised,no,unsure,87,2025-03-31,10,0,0,0,1,87,87.19285714285716,90.66,25.372142857142855,10.206943,15.438571,12.904765,amber
F046-037,F046,train,Batch 7,11,yes,raised,yes,dry,13,2025-08-17,11,1,0,1,0,13,79.12071428571427,83.94,25.159285714285716,11.995733,13.824143,12.183459,amber
F046-038,F046,train,Batch 8,16,no,raised,no,dry,33,2024-11-29,16,0,0,0,0,33,76.62857142857142,81.58,26.99285714285714,9.823451,13.325714,10.665493,green
F046-039,F046,train,Batch 9,14,no,raised,no,unsure,118,2024-10-19,14,0,0,0,1,118,70.8442857142857,78.23,27.91,11.029089,12.168857,11.742513,green
F046-040,F046,train,Batch 10,5,no,raised,no,damp,119,2024-11-23,5,0,0,0,2,119,74.04142857142858,78.24,28.189285714285717,14.25987,12.808286,13.346762,red
F046-041,F046,train,Batch 1,11,yes,floor,no,dry,142,2024-08-28,11,1,1,0,0,142,63.43285714285713,71.7,26.69785714285715,12.225286,11.686571,11.851556,green
F046-042,F046,train,Batch 2,12,no,floor,yes,damp,3,2025-04-24,12,0,1,1,2,3,76.81714285714284,85.86,28.01357142857143,12.470383,14.363429,12.517122,amber
F046-043,F046,train,Batch 3,14,yes,raised,yes,damp,150,2024-09-27,14,1,0,1,2,150,72.81714285714285,78.51,28.025000000000002,12.472686,12.563429,12.53743,amber
F046-044,F046,train,Batch 4,5,no,raised,no,dry,10,2025-01-30,5,0,0,0,0,10,69.97785714285715,78.23,27.793571428571422,11.603331,11.995571,11.634693,green
F046-045,F046,train,Batch 5,10,yes,floor,no,dry,22,2024-12-17,10,1,1,0,0,22,72.85499999999999,81.58,27.45285714285714,13.63135,13.571,13.621241,red
F046-046,F046,train,Batch 6,14,no,raised,no,damp,123,2025-04-08,14,0,0,0,2,123,81.38214285714285,87.52,25.326428571428572,11.210675,14.276429,13.176447,red
F046-047,F046,train,Batch 7,6,no,raised,no,damp,15,2024-12-31,6,0,0,0,2,15,64.50571428571428,75.06,26.87357142857143,12.176703,10.901143,12.026821,amber
F046-048,F046,train,Batch 8,7,yes,floor,no,damp,156,2025-02-01,7,1,1,0,2,156,86.22142857142856,90.2,25.115000000000006,14.863653,16.244286,15.868019,red
F046-049,F046,train,Batch 9,9,no,raised,no,damp,157,2024-12-16,9,0,0,0,2,157,81.90714285714286,87.53,26.756428571428568,11.734254,14.381429,13.665976,red
F046-050,F046,train,Batch 10,6,no,raised,no,unsure,23,2025-04-05,6,0,0,0,1,23,76.85357142857143,85.86,27.990000000000002,12.744511,13.370714,12.853732,amber
F046-051,F046,train,Batch 1,11,yes,floor,no,damp,57,2025-06-06,11,1,1,0,2,57,81.0392857142857,85.66,25.20285714285714,12.44398,15.207857,13.489043,red
F046-052,F046,train,Batch 2,14,no,floor,no,dry,26,2025-07-17,14,0,1,0,0,26,82.35928571428572,87.52,25.172857142857143,10.581683,15.471857,11.534297,green
F046-053,F046,train,Batch 3,9,yes,raised,no,unsure,143,2024-08-28,9,1,0,0,1,143,61.981428571428566,71.7,26.548571428571428,12.968868,10.396286,11.177617,green
F046-054,F046,train,Batch 4,6,no,raised,no,unsure,173,2024-09-29,6,0,0,0,1,173,74.48857142857143,78.24,28.12714285714286,11.693377,12.897714,12.612849,amber
F046-055,F046,train,Batch 5,0,no,raised,yes,unsure,134,2025-04-12,0,0,0,1,1,134,81.38214285714285,84.22,24.82214285714286,15.833835,14.276429,14.786275,red
F046-056,F046,train,Batch 6,4,no,raised,yes,damp,152,2024-12-23,4,0,0,1,2,152,83.17142857142858,89.67,26.565714285714282,12.932383,14.634286,14.154742,red
F046-057,F046,train,Batch 7,17,no,floor,yes,dry,21,2025-06-01,17,0,1,1,0,21,86.71142857142857,90.66,25.57785714285714,9.035551,16.342286,10.208596,green
F046-058,F046,train,Batch 8,9,no,floor,no,dry,47,2025-03-13,9,0,1,0,0,47,77.49857142857142,85.86,27.85928571428571,9.91781,14.499714,11.402671,green
F046-059,F046,train,Batch 9,7,yes,floor,yes,damp,158,2024-09-15,7,1,1,1,2,158,72.97857142857141,77.15,28.245,14.12571,13.595714,13.737768,red
F046-060,F046,train,Batch 10,11,no,floor,no,dry,37,2025-03-06,11,0,1,0,0,37,74.28428571428572,79.69,28.390000000000004,11.153132,13.856857,11.870511,green
F046-061,F046,train,Batch 1,13,no,floor,no,dry,8,2025-05-14,13,0,1,0,0,8,81.90714285714286,87.53,26.756428571428568,10.220159,15.381429,10.553025,green
F046-062,F046,train,Batch 2,10,no,raised,yes,dry,22,2025-04-17,10,0,0,1,0,22,80.06714285714285,85.86,27.197142857142858,9.319472,14.013429,10.105754,green
F046-063,F046,train,Batch 3,14,no,raised,no,damp,150,2024-08-08,14,0,0,0,2,150,74.23857142857142,81.58,27.345,10.952949,12.847714,12.304855,amber
F046-064,F046,train,Batch 4,16,no,floor,no,dry,7,2025-01-03,16,0,1,0,0,7,71.40142857142855,77.39,27.400714285714287,10.714265,13.280286,10.859668,green
F046-065,F046,train,Batch 5,14,no,floor,no,dry,18,2025-04-12,14,0,1,0,0,18,77.68714285714285,85.86,27.78928571428571,10.886509,14.537429,11.395053,green
F046-066,F046,train,Batch 6,0,no,raised,yes,unsure,49,2025-10-31,0,0,0,1,1,49,80.28499999999998,85.68,26.07571428571429,16.231528,14.057,15.502533,red
F046-067,F046,train,Batch 7,10,no,raised,yes,unsure,126,2024-09-21,10,0,0,1,1,126,62.06642857142857,80.0,26.784999999999997,11.287988,10.413286,10.719377,green
F046-068,F046,train,Batch 8,16,no,raised,no,damp,178,2025-06-15,16,0,0,0,2,178,82.76428571428572,88.91,26.20214285714286,10.365171,14.552857,13.602754,red
F046-069,F046,train,Batch 9,9,no,raised,no,damp,78,2025-01-22,9,0,0,0,2,78,73.99785714285713,79.69,28.497142857142855,10.384797,12.799571,11.538949,green
F046-070,F046,train,Batch 10,6,no,floor,yes,unsure,75,2025-02-10,6,0,1,1,1,75,76.11357142857142,85.7,28.143571428571427,11.113736,14.222714,12.558598,amber
F046-071,F046,train,Batch 1,18,yes,floor,yes,dry,174,2024-08-17,18,1,1,1,0,174,69.6592857142857,78.23,27.688571428571425,12.771707,12.931857,12.894291,amber
F046-072,F046,train,Batch 2,10,no,raised,no,dry,48,2025-01-14,10,0,0,0,0,48,69.66214285714285,78.51,28.240000000000002,11.429693,11.932429,11.595435,green
F046-073,F046,train,Batch 3,15,yes,raised,yes,unsure,131,2024-08-27,15,1,0,1,1,131,74.23857142857142,81.58,27.345,13.624614,12.847714,13.108486,red
F046-074,F046,train,Batch 4,9,yes,raised,yes,dry,108,2025-05-04,9,1,0,1,0,108,82.54214285714285,87.52,24.740000000000002,13.751092,14.508429,14.200519,red
F046-075,F046,train,Batch 5,17,no,raised,yes,unsure,178,2024-10-12,17,0,0,1,1,178,75.32857142857142,81.64,28.277142857142852,9.69557,13.065714,12.301095,amber
F046-076,F046,train,Batch 6,6,no,floor,no,dry,151,2025-03-26,6,0,1,0,0,151,81.38214285714285,84.22,24.82214285714286,12.461661,15.276429,14.476677,red
F046-077,F046,train,Batch 7,6,yes,floor,yes,damp,139,2024-10-23,6,1,1,1,2,139,70.31785714285715,77.97,28.57928571428572,13.524502,13.063571,13.208308,red
F046-078,F046,train,Batch 8,13,no,raised,no,dry,149,2024-11-05,13,0,0,0,0,149,74.41857142857143,81.64,28.122857142857146,10.607772,12.883714,12.226189,amber
F046-079,F046,train,Batch 9,13,no,raised,no,dry,167,2024-09-16,13,0,0,0,0,167,69.65928571428572,78.51,28.177142857142854,10.200778,11.931857,11.501406,green
F046-080,F046,train,Batch 10,17,yes,raised,no,dry,150,2025-03-04,17,1,0,0,0,150,81.2192857142857,85.66,25.12285714285714,12.054531,14.243857,13.616605,red
F047-001,F047,validation,Batch 1,11,no,floor,yes,damp,148,2024-10-28,11,0,1,1,2,148,73.55357142857144,78.24,28.14071428571429,9.966543,13.710714,12.619963,amber
F047-002,F047,validation,Batch 2,14,yes,raised,yes,damp,29,2025-08-02,14,1,0,1,2,29,78.31714285714284,83.94,25.267857142857142,13.519374,13.663429,13.5503,red
F047-003,F047,validation,Batch 3,9,no,raised,no,damp,37,2025-04-15,9,0,0,0,2,37,81.90714285714286,87.53,26.756428571428568,11.776615,14.381429,12.467749,amber
F047-004,F047,validation,Batch 4,16,no,raised,no,dry,92,2024-10-12,16,0,0,0,0,92,67.82428571428571,76.4,27.097857142857144,10.016802,11.564857,10.845694,green
F047-005,F047,validation,Batch 5,13,no,floor,yes,unsure,101,2025-04-21,13,0,1,1,1,101,81.15499999999999,85.66,25.083571428571425,11.516262,15.231,13.629979,red
F047-006,F047,validation,Batch 6,12,yes,floor,no,unsure,6,2025-01-25,12,1,1,0,1,6,68.05357142857142,80.0,27.29357142857143,12.537504,12.610714,12.541075,amber
F047-007,F047,validation,Batch 7,15,yes,raised,no,dry,96,2024-10-13,15,1,0,0,0,96,63.43285714285713,71.7,26.69785714285715,11.462139,10.686571,11.035057,green
F047-008,F047,validation,Batch 8,5,no,floor,yes,damp,21,2025-05-22,5,0,1,1,2,21,84.30071428571429,88.69,26.17071428571428,12.956727,15.860143,13.42285,red
F047-009,F047,validation,Batch 9,12,no,raised,no,dry,75,2024-11-08,12,0,0,0,0,75,59.89357142857143,71.7,26.52571428571428,10.382933,9.978714,10.195077,green
F047-010,F047,validation,Batch 10,17,no,raised,no,damp,95,2025-09-04,17,0,0,0,2,95,81.80071428571429,88.91,26.36357142857143,11.09179,14.360143,12.879288,amber
F047-011,F047,validation,Batch 1,8,no,raised,no,damp,146,2025-03-28,8,0,0,0,2,146,82.48,87.52,24.687857142857144,12.379043,14.496,13.868924,red
F047-012,F047,validation,Batch 2,13,no,raised,yes,damp,135,2025-03-09,13,0,0,1,2,135,83.33714285714287,90.36,24.73,10.549725,14.667429,13.330606,red
F047-013,F047,validation,Batch 3,1,yes,raised,yes,damp,111,2025-01-24,1,1,0,1,2,111,79.61214285714286,87.53,27.315,15.964308,13.922429,14.732098,red
F047-014,F047,validation,Batch 4,23,no,raised,no,unsure,24,2025-12-01,23,0,0,0,1,24,77.88071428571429,84.53,26.353571428571428,9.485695,13.576143,10.227168,green
F047-015,F047,validation,Batch 5,12,no,floor,yes,damp,131,2024-12-09,12,0,1,1,2,131,74.75500000000001,79.17,28.256428571428575,11.379085,13.951,13.08772,red
F047-016,F047,validation,Batch 6,12,no,raised,no,dry,35,2025-01-10,12,0,0,0,0,35,70.8442857142857,78.23,27.91,9.926487,12.168857,10.493767,green
F047-017,F047,validation,Batch 7,16,no,floor,no,dry,24,2024-12-12,16,0,1,0,0,24,74.23857142857142,81.58,27.345,10.730321,13.847714,11.295409,green
F047-018,F047,validation,Batch 8,12,no,raised,no,dry,63,2024-11-14,12,0,0,0,0,63,64.66071428571426,75.06,26.78357142857143,10.246292,10.932143,10.526424,green
F047-019,F047,validation,Batch 9,14,no,raised,no,damp,96,2025-04-06,14,0,0,0,2,96,86.49285714285715,90.36,24.87142857142857,10.262582,15.298571,13.035755,red
F047-020,F047,validation,Batch 10,16,no,raised,no,dry,41,2025-02-13,16,0,0,0,0,41,73.82714285714287,81.64,28.066428571428577,11.118915,12.765429,11.595441,green
F047-021,F047,validation,Batch 1,5,yes,floor,no,damp,142,2024-09-12,5,1,1,0,2,142,70.035,80.0,27.38071428571428,14.573605,13.007,13.486782,red
F047-022,F047,validation,Batch 2,10,yes,raised,no,damp,19,2025-03-20,10,1,0,0,2,19,75.32857142857142,81.64,28.277142857142852,11.950517,13.065714,12.113821,amber
F047-023,F047,validation,Batch 3,15,yes,floor,no,damp,66,2025-04-19,15,1,1,0,2,66,86.75428571428571,90.66,25.47714285714286,11.795491,16.350857,13.72264,red
F047-024,F047,validation,Batch 4,5,no,raised,yes,damp,82,2025-03-06,5,0,0,1,2,82,83.30214285714285,89.67,26.474999999999994,12.897839,14.660429,13.770442,red
F047-025,F047,validation,Batch 5,8,no,raised,no,unsure,45,2025-07-14,8,0,0,0,1,45,80.03499999999998,83.94,24.977142857142855,10.968196,14.007,11.918463,green
F047-026,F047,validation,Batch 6,6,no,floor,yes,unsure,69,2024-11-28,6,0,1,1,1,69,70.09071428571428,80.0,27.528571428571432,14.013401,13.018143,13.578179,red
F047-027,F047,validation,Batch 7,4,no,raised,yes,damp,131,2024-12-02,4,0,0,1,2,131,74.28428571428572,79.69,28.390000000000004,13.898901,12.856857,13.206626,red
F047-028,F047,validation,Batch 8,14,no,floor,no,dry,171,2024-10-20,14,0,1,0,0,171,74.51214285714285,79.69,28.40285714285714,10.726441,13.902429,13.138577,red
F047-029,F047,validation,Batch 9,12,no,raised,no,dry,24,2024-12-20,12,0,0,0,0,24,66.08428571428571,75.51,26.992142857142856,12.121365,11.216857,11.957406,green
F047-030,F047,validation,Batch 10,9,no,raised,no,unsure,51,2025-07-08,9,0,0,0,1,51,80.03499999999998,83.94,24.977142857142855,10.801122,14.007,11.911094,green
F047-031,F047,validation,Batch 1,7,no,raised,yes,damp,141,2025-08-10,7,0,0,1,2,141,76.38142857142859,81.58,26.70214285714286,12.829065,13.276286,13.138176,red
F047-032,F047,validation,Batch 2,10,no,raised,yes,dry,115,2025-02-17,10,0,0,1,0,115,84.30071428571429,88.69,26.17071428571428,10.633841,14.860143,13.239223,red
F047-033,F047,validation,Batch 3,11,no,raised,no,dry,30,2025-11-10,11,0,0,0,0,30,82.76428571428572,88.91,26.20214285714286,10.101088,14.552857,11.085816,green
F047-034,F047,validation,Batch 4,15,no,floor,yes,unsure,74,2025-04-02,15,0,1,1,1,74,85.49428571428571,88.69,25.845714285714283,10.002902,16.098857,12.808623,amber
F047-035,F047,validation,Batch 5,6,no,raised,yes,damp,155,2024-07-30,6,0,0,1,2,155,76.62857142857142,81.58,26.99285714285714,13.387845,13.325714,13.342788,red
F047-036,F047,validation,Batch 6,4,no,floor,no,damp,80,2024-11-12,4,0,1,0,2,80,68.05357142857142,80.0,27.29357142857143,14.151953,12.610714,13.402013,red
F047-037,F047,validation,Batch 7,4,no,raised,no,damp,97,2024-12-02,4,0,0,0,2,97,69.14500000000001,77.34,28.454285714285714,13.161,11.829,12.42254,amber
F047-038,F047,validation,Batch 8,2,no,raised,yes,damp,14,2025-11-29,2,0,0,1,2,14,83.23357142857144,88.91,26.002142857142854,14.008245,14.646714,14.078552,red
F047-039,F047,validation,Batch 9,14,no,floor,no,damp,37,2025-11-13,14,0,1,0,2,37,79.66357142857143,85.68,26.12285714285714,11.639083,14.932714,12.512981,amber
F047-040,F047,validation,Batch 10,6,yes,floor,no,damp,46,2025-05-27,6,1,1,0,2,46,86.38214285714287,90.36,24.812857142857144,15.134408,16.276429,15.498044,red
F047-041,F047,validation,Batch 1,11,no,floor,no,damp,162,2024-10-24,11,0,1,0,2,162,74.67928571428571,81.64,28.17071428571429,11.112858,13.935857,13.204022,red
F047-042,F047,validation,Batch 2,8,no,floor,yes,unsure,115,2025-02-17,8,0,1,1,1,115,84.30071428571429,88.69,26.17071428571428,11.456007,15.860143,14.171018,red
F047-043,F047,validation,Batch 3,16,no,floor,yes,damp,71,2025-05-25,16,0,1,1,2,71,80.98571428571428,85.66,25.265000000000004,10.203125,15.197143,12.433433,amber
F047-044,F047,validation,Batch 4,7,no,raised,yes,damp,153,2025-02-08,7,0,0,1,2,153,86.49285714285715,90.36,24.87142857142857,11.858454,15.298571,14.337296,red
F047-045,F047,validation,Batch 5,10,no,floor,no,damp,105,2025-02-02,10,0,1,0,2,105,80.8785714285714,87.53,27.093571428571426,10.046516,15.175714,13.037546,red
F047-046,F047,validation,Batch 6,11,no,floor,no,damp,135,2025-04-12,11,0,1,0,2,135,80.9592857142857,84.22,24.856428571428577,9.834447,15.191857,13.452561,red
F047-047,F047,validation,Batch 7,10,no,raised,no,unsure,34,2024-12-05,10,0,0,0,1,34,72.85499999999999,81.58,27.45285714285714,11.30938,12.571,11.620661,green
F047-048,F047,validation,Batch 8,12,no,raised,no,dry,7,2025-04-25,12,0,0,0,0,7,77.74571428571429,85.86,27.639285714285712,9.769947,13.549143,9.984093,green
F047-049,F047,validation,Batch 9,10,no,raised,no,damp,160,2024-11-03,10,0,0,0,2,160,74.28428571428572,79.69,28.390000000000004,10.747943,12.856857,12.300953,amber
F047-050,F047,validation,Batch 10,11,no,raised,no,dry,15,2025-03-08,11,0,0,0,0,15,73.69285714285715,78.24,28.224285714285717,10.703458,12.738571,10.94259,green
F047-051,F047,validation,Batch 1,5,yes,raised,no,damp,39,2025-04-09,5,1,0,0,2,39,80.8785714285714,87.53,27.093571428571426,15.780526,14.175714,15.335235,red
F047-052,F047,validation,Batch 2,7,yes,raised,no,damp,34,2025-02-12,7,1,0,0,2,34,74.94785714285715,78.24,28.134285714285717,13.632802,12.989571,13.474097,red
F047-053,F047,validation,Batch 3,11,no,floor,no,unsure,54,2025-04-26,11,0,1,0,1,54,86.32285714285715,90.66,25.67285714285714,9.48388,16.264571,11.941012,green
F047-054,F047,validation,Batch 4,8,no,raised,no,unsure,152,2024-12-06,8,0,0,0,1,152,78.90142857142858,85.86,27.353571428571428,12.231588,13.780286,13.34391,red
F047-055,F047,validation,Batch 5,4,yes,floor,no,damp,48,2025-10-18,4,1,1,0,2,48,81.12357142857142,88.91,26.405714285714286,16.007945,15.224714,15.74973,red
F047-056,F047,validation,Batch 6,7,no,raised,yes,damp,93,2025-04-27,7,0,0,1,2,93,81.26071428571427,85.66,25.032142857142862,12.60183,14.252143,13.491837,red
F047-057,F047,validation,Batch 7,9,no,raised,no,unsure,66,2024-11-15,9,0,0,0,1,66,60.44642857142857,71.7,26.49785714285714,13.185523,10.089286,11.875659,green
F047-058,F047,validation,Batch 8,9,no,raised,no,dry,48,2024-12-06,9,0,0,0,0,48,60.48642857142857,80.0,26.486428571428572,8.55333,10.097286,9.062342,green
F047-059,F047,validation,Batch 9,11,no,raised,no,damp,83,2025-09-10,11,0,0,0,2,83,79.80071428571429,82.18,26.620714285714286,10.2022,13.960143,12.078388,amber
F047-060,F047,validation,Batch 10,9,no,floor,no,damp,123,2024-09-19,9,0,1,0,2,123,60.44642857142857,71.7,26.49785714285714,12.108107,11.089286,11.454835,green
F047-061,F047,validation,Batch 1,11,no,raised,no,dry,21,2025-05-07,11,0,0,0,0,21,83.45642857142856,89.67,26.444999999999993,10.542842,14.691286,11.208845,green
F047-062,F047,validation,Batch 2,9,no,floor,no,damp,10,2025-04-15,9,0,1,0,2,10,75.45071428571428,82.23,28.19785714285714,10.817221,14.090143,11.07891,green
F047-063,F047,validation,Batch 3,5,no,raised,no,damp,162,2025-06-27,5,0,0,0,2,162,81.18071428571429,88.91,26.410714285714285,14.303927,14.236143,14.253715,red
F047-064,F047,validation,Batch 4,12,no,raised,no,dry,62,2024-11-10,12,0,0,0,0,62,69.75357142857142,77.39,27.245714285714286,10.624637,11.950714,11.159702,green
F047-065,F047,validation,Batch 5,9,no,raised,yes,dry,116,2025-02-07,9,0,0,1,0,116,83.73142857142857,89.67,26.414285714285715,11.499546,14.746286,13.511392,red
F047-066,F047,validation,Batch 6,6,no,floor,yes,damp,60,2025-04-29,6,0,1,1,2,60,87.01642857142856,90.66,25.314285714285717,12.191337,16.403286,13.84861,red
F047-067,F047,validation,Batch 7,20,yes,raised,no,unsure,50,2025-03-23,20,1,0,0,1,50,79.13642857142858,84.02,27.32214285714286,12.737439,13.827286,13.108815,red
F047-068,F047,validation,Batch 8,8,yes,raised,no,damp,69,2025-06-16,8,1,0,0,2,69,81.38214285714285,84.22,24.82214285714286,12.308433,14.276429,13.169028,red
F047-069,F047,validation,Batch 9,8,no,raised,no,unsure,106,2024-10-25,8,0,0,0,1,106,69.68,78.23,27.772142857142853,10.994577,11.936,11.546813,green
F047-070,F047,validation,Batch 10,13,no,raised,no,unsure,84,2025-02-20,13,0,0,0,1,84,79.61214285714286,87.53,27.315,9.861365,13.922429,11.905764,green
F047-071,F047,validation,Batch 1,8,no,raised,no,damp,134,2025-08-17,8,0,0,0,2,134,76.38142857142859,81.58,26.70214285714286,11.114575,13.276286,12.568608,amber
F047-072,F047,validation,Batch 2,15,no,raised,no,dry,119,2024-09-19,15,0,0,0,0,119,64.66071428571426,75.06,26.78357142857143,9.052413,10.932143,10.234842,green
F047-073,F047,validation,Batch 3,13,yes,floor,no,unsure,30,2024-12-13,13,1,1,0,1,30,67.82428571428571,76.4,27.097857142857144,10.762756,12.564857,11.161379,green
F047-074,F047,validation,Batch 4,2,no,raised,no,damp,151,2024-11-23,2,0,0,0,2,151,75.51857142857143,82.23,28.140714285714278,15.368721,13.103714,13.747264,red
F047-075,F047,validation,Batch 5,5,no,raised,no,damp,33,2024-12-01,5,0,0,0,2,33,75.87571428571428,81.58,27.164285714285718,14.305203,13.175143,14.033505,red
F047-076,F047,validation,Batch 6,9,no,raised,no,damp,174,2025-02-15,9,0,0,0,2,174,81.1557142857143,87.52,25.33142857142857,11.168441,14.231143,13.512724,red
F047-077,F047,validation,Batch 7,12,no,floor,no,unsure,80,2025-04-05,12,0,1,0,1,80,86.75428571428571,90.66,25.47714285714286,9.924035,16.350857,13.051217,red
F047-078,F047,validation,Batch 8,8,no,raised,no,dry,95,2024-11-20,8,0,0,0,0,95,73.31285714285715,78.51,28.01857142857143,11.069287,12.662571,11.940672,green
F047-079,F047,validation,Batch 9,21,no,raised,no,damp,79,2024-10-23,21,0,0,0,2,79,71.40142857142855,77.39,27.400714285714287,9.637431,12.280286,10.912044,green
F047-080,F047,validation,Batch 10,5,no,raised,no,damp,95,2024-09-28,5,0,0,0,2,95,76.62857142857142,81.58,26.99285714285714,14.140603,13.325714,13.694931,red
F048-001,F048,train,Batch 1,10,no,raised,no,unsure,94,2025-01-21,10,0,0,0,1,94,75.45071428571428,82.23,28.19785714285714,10.734312,13.090143,12.01381,amber
F048-002,F048,train,Batch 2,11,yes,raised,no,unsure,169,2024-08-28,11,1,0,0,1,169,70.70714285714284,78.23,27.902857142857147,12.821222,12.141429,12.307672,amber
F048-003,F048,train,Batch 3,15,no,floor,no,damp,133,2024-10-31,15,0,1,0,2,133,72.97285714285715,78.24,28.48857142857143,10.650964,13.594571,12.622861,amber
F048-004,F048,train,Batch 4,15,no,raised,yes,dry,54,2025-06-19,15,0,0,1,0,54,82.35928571428572,87.52,25.172857142857143,11.33195,14.471857,12.469764,amber
F048-005,F048,train,Batch 5,8,no,raised,yes,unsure,109,2025-02-22,8,0,0,1,1,109,84.24571428571429,88.69,26.153571428571418,12.644624,14.849143,13.96029,red
F048-006,F048,train,Batch 6,18,no,raised,no,dry,167,2024-09-13,18,0,0,0,0,167,70.21714285714285,78.51,28.01071428571428,9.223479,12.043429,11.342218,green
F048-007,F048,train,Batch 7,13,no,floor,no,dry,134,2024-08-31,13,0,1,0,0,134,67.82428571428571,76.4,27.097857142857144,10.389258,12.564857,11.852633,green
F048-008,F048,train,Batch 8,17,no,raised,no,damp,96,2025-09-07,17,0,0,0,2,96,83.04428571428572,88.91,26.052142857142858,10.115429,14.608857,12.58983,amber
F048-009,F048,train,Batch 9,14,no,raised,no,unsure,132,2025-02-04,14,0,0,0,1,132,85.54642857142858,88.69,25.76142857142857,10.08128,15.109286,13.435608,red
F048-010,F048,train,Batch 10,8,no,raised,no,unsure,53,2025-06-03,8,0,0,0,1,53,81.87142857142858,85.66,24.78214285714285,10.822252,14.374286,12.090456,amber
F048-011,F048,train,Batch 1,13,no,floor,no,damp,23,2025-03-31,13,0,1,0,2,23,75.51857142857143,82.23,28.140714285714278,9.749953,14.103714,10.509327,green
F048-012,F048,train,Batch 2,12,no,raised,yes,unsure,121,2025-02-25,12,0,0,1,1,121,87.19285714285716,90.66,25.372142857142855,9.108435,15.438571,13.12917,red
F048-013,F048,train,Batch 3,12,no,floor,yes,damp,128,2025-03-12,12,0,1,1,2,128,84.62285714285714,90.36,24.603571428571424,8.425565,15.924571,13.34376,red
F048-014,F048,train,Batch 4,10,no,raised,no,dry,113,2024-10-25,10,0,0,0,0,113,70.02642857142857,77.15,28.074285714285715,11.083135,12.005286,11.645668,green
F048-015,F048,train,Batch 5,9,no,raised,no,damp,75,2025-03-03,9,0,0,0,2,75,80.43428571428569,87.53,27.237142857142857,10.585756,14.086857,12.212853,amber
F048-016,F048,train,Batch 6,16,no,raised,yes,dry,49,2025-01-02,16,0,0,1,0,49,72.97857142857141,77.15,28.245,10.15495,12.595714,10.973199,green
F048-017,F048,train,Batch 7,20,no,floor,yes,damp,57,2025-05-25,20,0,1,1,2,57,83.61785714285715,90.36,24.720714285714283,10.454632,15.723571,12.446897,amber
F048-018,F048,train,Batch 8,11,yes,raised,yes,dry,56,2025-03-22,11,1,0,1,0,56,80.43428571428569,87.53,27.237142857142857,12.125652,14.086857,12.857007,amber
F048-019,F048,train,Batch 9,9,no,raised,no,damp,134,2024-10-02,9,0,0,0,2,134,70.70714285714284,78.23,27.902857142857147,12.172924,12.141429,12.151739,amber
F048-020,F048,train,Batch 10,17,no,raised,yes,damp,158,2025-01-03,17,0,0,1,2,158,83.98000000000002,88.69,26.188571428571425,10.347048,14.796,13.60356,red
F048-021,F048,train,Batch 1,11,no,floor,no,unsure,90,2024-12-11,11,0,1,0,1,90,70.31785714285715,77.97,28.57928571428572,9.45939,13.063571,11.361077,green
F048-022,F048,train,Batch 2,12,no,raised,no,dry,58,2024-11-30,12,0,0,0,0,58,65.07714285714287,80.0,27.072142857142858,11.616305,11.015429,11.386004,green
F048-023,F048,train,Batch 3,8,no,floor,yes,unsure,151,2025-03-08,8,0,1,1,1,151,80.42999999999999,85.31,25.357142857142858,12.274619,15.086,14.28721,red
F048-024,F048,train,Batch 4,2,yes,raised,no,dry,39,2025-02-08,2,1,0,0,0,39,74.49142857142859,78.24,28.226428571428578,16.588349,12.898286,15.564457,red
F048-025,F048,train,Batch 5,9,no,floor,no,damp,124,2024-09-26,9,0,1,0,2,124,65.80071428571429,80.0,27.134285714285713,10.855305,12.160143,11.695857,green
F048-026,F048,train,Batch 6,17,yes,raised,yes,damp,166,2025-02-16,17,1,0,1,2,166,81.2192857142857,85.66,25.12285714285714,12.219904,14.243857,13.736368,red
F048-027,F048,train,Batch 7,8,no,floor,no,damp,170,2024-10-08,8,0,1,0,2,170,73.88571428571429,81.64,28.015000000000004,10.806918,13.777143,13.056801,red
F048-028,F048,train,Batch 8,10,no,raised,no,dry,11,2025-12-08,10,0,0,0,0,11,80.28499999999998,85.68,26.07571428571429,11.319989,14.057,11.559726,green
F048-029,F048,train,Batch 9,13,no,raised,yes,unsure,175,2025-02-01,13,0,0,1,1,175,81.87142857142858,85.66,24.78214285714285,11.620344,14.374286,13.733654,red
F048-030,F048,train,Batch 10,1,no,raised,no,unsure,59,2025-10-18,1,0,0,0,1,59,82.75928571428572,88.91,25.957857142857144,15.642198,14.551857,15.218716,red
F048-031,F048,train,Batch 1,5,no,floor,yes,damp,121,2025-03-03,5,0,1,1,2,121,86.20571428571428,89.75,25.45,12.340077,16.241143,14.817931,red
F048-032,F048,train,Batch 2,0,no,raised,yes,damp,130,2025-04-15,0,0,0,1,2,130,81.78142857142856,84.22,24.79785714285714,14.983138,14.356286,14.568454,red
F048-033,F048,train,Batch 3,6,no,raised,no,damp,134,2025-04-09,6,0,0,0,2,134,82.48,87.52,24.687857142857144,13.272207,14.496,14.095368,red
F048-034,F048,train,Batch 4,17,no,raised,no,dry,48,2025-01-14,17,0,0,0,0,48,69.66214285714285,78.51,28.240000000000002,10.950058,11.932429,11.273926,green
F048-035,F048,train,Batch 5,16,yes,raised,no,unsure,23,2025-06-22,16,1,0,0,1,23,85.73071428571428,90.36,24.577857142857145,12.243791,15.146143,12.750014,amber
F048-036,F048,train,Batch 6,9,no,raised,no,dry,154,2024-09-09,9,0,0,0,0,154,70.24214285714285,78.23,27.80785714285714,11.868751,12.048429,11.998638,green
F048-037,F048,train,Batch 7,8,no,floor,yes,damp,19,2025-06-09,8,0,1,1,2,19,87.01642857142856,90.66,25.314285714285717,11.949555,16.403286,12.601736,amber
F048-038,F048,train,Batch 8,7,no,floor,no,damp,65,2025-01-11,7,0,1,0,2,65,75.175,78.24,28.174999999999994,12.67363,14.035,13.242985,red
F048-039,F048,train,Batch 9,3,yes,floor,yes,damp,137,2024-11-13,3,1,1,1,2,137,73.37142857142855,81.64,28.087857142857143,16.65407,13.674286,14.62569,red
F048-040,F048,train,Batch 10,6,no,raised,yes,dry,100,2025-09-20,6,0,0,1,0,100,76.38142857142859,81.58,26.70214285714286,12.257369,13.276286,12.833466,amber
F048-041,F048,train,Batch 1,19,no,raised,no,damp,65,2025-06-20,19,0,0,0,2,65,81.38214285714285,84.22,24.82214285714286,10.896883,14.276429,12.310284,amber
F048-042,F048,train,Batch 2,12,no,raised,yes,damp,139,2025-03-16,12,0,0,1,2,139,81.0392857142857,85.66,25.20285714285714,11.413151,14.207857,13.330294,red
F048-043,F048,train,Batch 3,14,no,floor,yes,damp,126,2024-12-16,14,0,1,1,2,126,74.545,79.17,28.274285714285718,10.764925,13.909,12.808769,amber
F048-044,F048,train,Batch 4,9,no,floor,no,damp,23,2025-05-22,9,0,1,0,2,23,85.29999999999998,88.69,26.00357142857143,11.23093,16.06,12.073206,amber
F048-045,F048,train,Batch 5,17,no,floor,yes,damp,101,2025-04-29,17,0,1,1,2,101,81.1557142857143,87.52,25.33142857142857,11.764425,15.231143,13.737017,red
F048-046,F048,train,Batch 6,17,no,raised,no,damp,133,2025-02-03,17,0,0,0,2,133,85.54642857142858,88.69,25.76142857142857,12.257592,15.109286,14.167917,red
F048-047,F048,train,Batch 7,10,yes,floor,no,damp,20,2025-06-14,10,1,1,0,2,20,86.51714285714287,90.2,25.26357142857142,13.123255,16.303429,13.611469,red
F048-048,F048,train,Batch 8,9,no,raised,yes,damp,122,2025-04-23,9,0,0,1,2,122,81.78142857142856,84.22,24.79785714285714,11.485586,14.356286,13.31767,red
F048-049,F048,train,Batch 9,12,no,floor,no,damp,21,2025-05-13,12,0,1,0,2,21,83.73142857142857,89.67,26.414285714285715,11.738731,15.746286,12.382116,amber
F048-050,F048,train,Batch 10,4,no,raised,no,damp,12,2025-04-11,4,0,0,0,2,12,75.51857142857143,82.23,28.140714285714278,13.514714,13.103714,13.475603,red
F048-051,F048,train,Batch 1,19,no,raised,no,unsure,14,2025-02-27,19,0,0,0,1,14,72.97285714285715,78.24,28.48857142857143,10.446468,12.594571,10.683013,green
F048-052,F048,train,Batch 2,19,no,raised,no,dry,5,2025-02-02,19,0,0,0,0,5,69.6592857142857,78.23,27.688571428571425,9.48413,11.931857,9.584023,green
F048-053,F048,train,Batch 3,3,yes,raised,yes,damp,73,2025-04-09,3,1,0,1,2,73,86.61928571428571,90.66,25.617142857142852,15.925154,15.323857,15.651117,red
F048-054,F048,train,Batch 4,11,yes,raised,no,damp,120,2024-09-13,11,1,0,0,2,120,69.75357142857142,77.39,27.245714285714286,11.35124,11.950714,11.73018,green
F048-055,F048,train,Batch 5,6,yes,raised,yes,damp,6,2025-06-21,6,1,0,1,2,6,87.11214285714286,90.66,25.310714285714287,13.450033,15.422429,13.546228,red
F048-056,F048,train,Batch 6,9,yes,raised,no,unsure,110,2025-04-30,9,1,0,0,1,110,83.05071428571429,87.52,24.74428571428572,12.660275,14.610143,13.830489,red
F048-057,F048,train,Batch 7,13,no,floor,no,damp,150,2024-09-06,13,0,1,0,2,150,72.24571428571429,80.0,27.539285714285715,9.156208,13.449143,12.219196,amber
F048-058,F048,train,Batch 8,18,yes,floor,no,dry,163,2024-08-17,18,1,1,0,0,163,65.07714285714287,80.0,27.072142857142858,11.465156,12.015429,11.87396,green
F048-059,F048,train,Batch 9,12,no,raised,no,damp,122,2025-02-03,12,0,0,0,2,122,83.76857142857143,89.67,26.266428571428573,9.616937,14.753714,12.895234,amber
F048-060,F048,train,Batch 10,17,no,raised,yes,dry,179,2025-02-12,17,0,0,1,0,179,81.61642857142859,87.52,25.32571428571428,10.92044,14.323286,13.557655,red
F048-061,F048,train,Batch 1,6,no,floor,yes,damp,15,2025-06-02,6,0,1,1,2,15,85.82714285714287,88.69,25.703571428571426,13.65318,16.165429,13.948377,red
F048-062,F048,train,Batch 2,11,yes,raised,no,damp,161,2024-09-14,11,1,0,0,2,161,73.21571428571428,78.05,28.141428571428573,13.385627,12.643143,12.837235,amber
F048-063,F048,train,Batch 3,13,no,raised,no,unsure,155,2024-09-12,13,0,0,0,1,155,70.8442857142857,78.23,27.91,10.954293,12.168857,11.83508,green
F048-064,F048,train,Batch 4,8,no,raised,no,damp,162,2025-03-12,8,0,0,0,2,162,82.48,87.52,24.687857142857144,11.3988,14.496,13.693081,red
F048-065,F048,train,Batch 5,1,no,raised,yes,damp,27,2025-11-10,1,0,0,1,2,27,81.2092857142857,88.91,26.431428571428572,13.97555,14.241857,14.029207,red
F048-066,F048,train,Batch 6,6,no,raised,no,damp,107,2024-12-19,6,0,0,0,2,107,74.88714285714285,81.64,28.173571428571424,11.95112,12.977429,12.556671,amber
F048-067,F048,train,Batch 7,5,no,raised,yes,dry,79,2025-10-13,5,0,0,1,0,79,77.43214285714285,81.58,26.841428571428573,11.531886,13.486429,12.474535,amber
F048-068,F048,train,Batch 8,15,no,raised,yes,damp,180,2025-06-25,15,0,0,1,2,180,79.21000000000001,84.53,26.11428571428571,10.8089,13.842,13.165224,red
F048-069,F048,train,Batch 9,9,no,floor,yes,damp,81,2025-04-16,9,0,1,1,2,81,86.22642857142857,90.2,25.14428571428572,13.272041,16.245286,14.731439,red
F048-070,F048,train,Batch 10,19,yes,raised,yes,dry,23,2025-12-01,19,1,0,1,0,23,78.56142857142858,84.53,26.22714285714286,12.949298,13.712286,13.082377,red
F048-071,F048,train,Batch 1,14,no,floor,yes,dry,145,2025-07-28,14,0,1,1,0,145,79.66357142857143,85.68,26.12285714285714,9.967447,14.932714,13.449615,red
F048-072,F048,train,Batch 2,4,no,raised,no,unsure,159,2025-07-16,4,0,0,0,1,159,79.21000000000001,84.53,26.11428571428571,13.738959,13.842,13.814611,red
F048-073,F048,train,Batch 3,5,no,raised,no,damp,73,2025-04-01,5,0,0,0,2,73,84.74428571428571,88.69,26.12928571428571,14.361266,14.948857,14.629056,red
F048-074,F048,train,Batch 4,3,no,raised,yes,damp,48,2025-07-09,3,0,0,1,2,48,80.93928571428572,83.94,24.810000000000002,15.681342,14.187857,15.18897,red
F048-075,F048,train,Batch 5,5,no,raised,no,unsure,170,2024-10-08,5,0,0,0,1,170,73.88571428571429,81.64,28.015000000000004,13.628161,12.777143,12.983533,amber
F048-076,F048,train,Batch 6,8,no,floor,no,damp,98,2025-02-04,8,0,1,0,2,98,79.53785714285716,87.53,27.275000000000002,12.791402,14.907571,13.972432,red
F048-077,F048,train,Batch 7,4,yes,raised,yes,unsure,56,2025-02-22,4,1,0,1,1,56,74.75500000000001,79.17,28.256428571428575,15.376427,12.951,14.471959,red
F048-078,F048,train,Batch 8,15,no,raised,yes,damp,156,2024-11-27,15,0,0,1,2,156,77.74571428571429,85.86,27.639285714285712,11.624414,13.549143,13.024593,red
F048-079,F048,train,Batch 9,13,no,raised,no,dry,18,2025-03-25,13,0,0,0,0,18,74.28428571428572,79.69,28.390000000000004,9.843607,12.856857,10.263329,green
F048-080,F048,train,Batch 10,8,no,raised,no,damp,132,2024-12-06,8,0,0,0,2,132,74.14642857142856,78.56,28.33714285714286,12.051909,12.829286,12.57052,amber
F049-001,F049,train,Batch 1,3,yes,floor,yes,damp,89,2025-05-12,3,1,1,1,2,89,81.38214285714285,87.52,25.326428571428572,17.630826,15.276429,16.397874,red
F049-002,F049,train,Batch 2,20,no,raised,no,dry,0,2025-12-03,20,0,0,0,0,0,80.43714285714286,88.55,26.535714285714285,11.775835,14.087429,11.775835,green
F049-003,F049,train,Batch 3,4,yes,raised,yes,damp,137,2025-01-30,4,1,0,1,2,137,85.54642857142858,88.69,25.76142857142857,14.980798,15.109286,15.068261,red
F049-004,F049,train,Batch 4,10,no,floor,no,dry,10,2025-06-19,10,0,1,0,0,10,86.98571428571428,90.66,25.385,11.287232,16.397143,11.695798,green
F049-005,F049,train,Batch 5,5,no,raised,yes,dry,113,2025-08-22,5,0,0,1,0,113,83.23357142857144,88.91,26.002142857142854,13.771571,14.646714,14.305428,red
F049-006,F049,train,Batch 6,18,no,floor,no,damp,93,2024-10-31,18,0,1,0,2,93,70.035,80.0,27.38071428571428,11.000122,13.007,12.082423,amber
F049-007,F049,train,Batch 7,9,no,floor,yes,damp,32,2025-04-28,9,0,1,1,2,32,83.83642857142857,89.67,26.28714285714286,12.733466,15.767286,13.443597,red
F049-008,F049,train,Batch 8,14,no,raised,yes,unsure,147,2025-01-25,14,0,0,1,1,147,86.61928571428571,90.66,25.617142857142852,10.754571,15.323857,13.981594,red
F049-009,F049,train,Batch 9,2,no,floor,yes,damp,21,2025-05-10,2,0,1,1,2,21,83.37642857142858,89.67,26.362142857142857,14.87736,15.675286,15.005461,red
F049-010,F049,train,Batch 10,0,yes,floor,yes,damp,143,2024-10-08,0,1,1,1,2,143,69.475,78.51,28.14642857142857,17.613007,12.895,14.327928,red
F049-011,F049,train,Batch 1,10,no,floor,yes,damp,86,2025-09-17,10,0,1,1,2,86,83.04428571428572,88.91,26.052142857142858,10.791992,15.608857,13.256409,red
F049-012,F049,train,Batch 2,10,no,floor,yes,damp,154,2024-10-19,10,0,1,1,2,154,74.04142857142858,78.24,28.189285714285717,11.771929,13.808286,13.243987,red
F049-013,F049,train,Batch 3,15,no,raised,no,unsure,75,2025-09-18,15,0,0,0,1,75,79.80071428571429,82.18,26.620714285714286,9.655393,13.960143,11.655976,green
F049-014,F049,train,Batch 4,15,no,raised,no,unsure,151,2024-09-21,15,0,0,0,1,151,72.61214285714284,77.15,28.237857142857145,10.193108,12.522429,11.860605,green
F049-015,F049,train,Batch 5,13,no,raised,no,dry,58,2025-02-15,13,0,0,0,0,58,73.76428571428572,77.92,28.446428571428577,10.096364,12.752857,11.114533,green
F049-016,F049,train,Batch 6,7,no,raised,no,damp,94,2025-09-04,7,0,0,0,2,94,81.2092857142857,88.91,26.431428571428572,10.514639,14.241857,12.538964,amber
F049-017,F049,train,Batch 7,7,no,raised,yes,damp,51,2025-07-01,7,0,0,1,2,51,82.48,87.52,24.687857142857144,12.936827,14.496,13.47666,red
F049-018,F049,train,Batch 8,5,no,floor,yes,damp,39,2025-11-06,5,0,1,1,2,39,83.47500000000001,88.91,25.950714285714287,13.084726,15.695,13.809005,red
F049-019,F049,train,Batch 9,12,no,raised,no,damp,51,2025-02-26,12,0,0,0,2,51,74.38499999999999,78.56,28.30785714285715,11.702149,12.877,12.108918,amber
F049-020,F049,train,Batch 10,8,yes,raised,yes,damp,35,2025-11-03,8,1,0,1,2,35,81.80071428571429,88.91,26.36357142857143,12.61173,14.360143,13.054048,red
F049-021,F049,train,Batch 1,8,yes,floor,yes,unsure,92,2025-02-20,8,1,1,1,1,92,82.25357142857145,88.87,26.704999999999995,13.95776,15.450714,14.757149,red
F049-022,F049,train,Batch 2,14,no,raised,no,damp,113,2024-10-14,14,0,0,0,2,113,71.35857142857142,80.0,27.529999999999998,12.3985,12.271714,12.321158,amber
F049-023,F049,train,Batch 3,11,no,raised,no,dry,47,2024-12-18,11,0,0,0,0,47,72.24571428571429,80.0,27.539285714285715,9.857004,12.449143,10.69704,green
F049-024,F049,train,Batch 4,10,no,raised,no,unsure,63,2024-10-30,10,0,0,0,1,63,76.62857142857142,81.58,26.99285714285714,10.935946,13.325714,11.912034,green
F049-025,F049,train,Batch 5,6,no,raised,yes,damp,132,2024-12-07,6,0,0,1,2,132,74.38499999999999,78.56,28.30785714285715,15.479096,12.877,13.743162,red
F049-026,F049,train,Batch 6,13,no,raised,no,damp,106,2024-12-27,13,0,0,0,2,106,74.28428571428572,79.69,28.390000000000004,11.173285,12.856857,12.160864,amber
F049-027,F049,train,Batch 7,8,no,raised,no,damp,128,2025-01-31,8,0,0,0,2,128,83.52428571428571,88.69,26.235714285714284,13.406575,14.704857,14.258048,red
F049-028,F049,train,Batch 8,14,no,raised,no,dry,13,2025-01-12,14,0,0,0,0,13,62.06642857142857,80.0,26.784999999999997,11.904821,10.413286,11.751682,green
F049-029,F049,train,Batch 9,2,yes,floor,yes,damp,12,2025-12-01,2,1,1,1,2,12,83.23357142857144,88.91,26.002142857142854,15.825325,15.646714,15.808328,red
F049-030,F049,train,Batch 10,23,yes,raised,no,damp,147,2024-09-26,23,1,0,0,2,147,72.97857142857141,77.15,28.245,12.07122,12.595714,12.44164,amber
F049-031,F049,train,Batch 1,13,yes,raised,yes,unsure,140,2025-02-03,13,1,0,1,1,140,86.86357142857142,90.66,25.509999999999998,13.847588,15.372714,14.897785,red
F049-032,F049,train,Batch 2,6,yes,raised,no,damp,43,2025-01-13,6,1,0,0,2,43,72.28857142857143,78.51,27.972142857142853,15.016194,12.457714,14.245682,red
F049-033,F049,train,Batch 3,7,no,floor,no,damp,19,2025-04-30,7,0,1,0,2,19,80.79214285714284,87.53,27.043571428571425,12.40042,15.158429,12.804288,amber
F049-034,F049,train,Batch 4,16,no,floor,yes,dry,105,2025-05-12,16,0,1,1,0,105,80.9592857142857,84.22,24.856428571428577,11.156317,15.191857,13.509594,red
F049-035,F049,train,Batch 5,7,no,raised,no,damp,63,2025-06-12,7,0,0,0,2,63,82.76785714285714,87.52,25.042142857142856,12.968594,14.553571,13.61597,red
F049-036,F049,train,Batch 6,14,yes,floor,yes,damp,89,2025-02-02,14,1,1,1,2,89,77.74571428571429,85.86,27.639285714285712,11.735011,14.549143,13.208717,red
F049-037,F049,train,Batch 7,1,no,raised,no,damp,9,2025-03-14,1,0,0,0,2,9,73.69285714285715,78.24,28.224285714285717,15.482935,12.738571,15.284637,red
F049-038,F049,train,Batch 8,11,no,floor,no,damp,158,2025-07-14,11,0,1,0,2,158,80.28499999999998,85.68,26.07571428571429,9.716775,15.057,13.625674,red
F049-039,F049,train,Batch 9,7,no,raised,no,unsure,125,2024-12-13,7,0,0,0,1,125,74.14642857142856,78.56,28.33714285714286,12.443566,12.829286,12.693178,amber
F049-040,F049,train,Batch 10,11,no,raised,no,damp,76,2025-05-20,11,0,0,0,2,76,80.98571428571428,85.66,25.265000000000004,11.357708,14.197143,12.689916,amber
F049-041,F049,train,Batch 1,13,no,floor,yes,damp,91,2025-03-24,13,0,1,1,2,91,86.86357142857142,90.66,25.509999999999998,12.04529,16.372714,14.345548,red
F049-042,F049,train,Batch 2,8,yes,floor,yes,damp,112,2024-11-26,8,1,1,1,2,112,74.94785714285715,78.24,28.134285714285717,13.139639,13.989571,13.655343,red
F049-043,F049,train,Batch 3,13,yes,raised,no,dry,119,2024-11-10,13,1,0,0,0,119,69.14500000000001,77.34,28.454285714285714,10.934448,11.829,11.497159,green
F049-044,F049,train,Batch 4,11,no,raised,no,dry,46,2025-01-27,11,0,0,0,0,46,73.81714285714285,78.24,28.365000000000002,10.975616,12.763429,11.544881,green
F049-045,F049,train,Batch 5,8,no,floor,yes,damp,107,2025-08-18,8,0,1,1,2,107,80.43714285714286,88.55,26.535714285714285,12.235161,15.087429,13.918079,red
F049-046,F049,train,Batch 6,14,no,raised,no,damp,12,2025-05-13,14,0,0,0,2,12,83.64999999999999,89.67,26.43571428571428,10.661844,14.73,11.048981,green
F049-047,F049,train,Batch 7,7,yes,floor,no,damp,149,2024-11-19,7,1,1,0,2,149,74.14642857142856,78.56,28.33714285714286,15.108867,13.829286,14.19896,red
F049-048,F049,train,Batch 8,17,no,raised,no,damp,77,2025-09-24,17,0,0,0,2,77,82.76428571428572,88.91,26.20214285714286,11.638217,14.552857,13.018549,red
F049-049,F049,train,Batch 9,11,no,raised,no,unsure,5,2025-01-28,11,0,0,0,1,5,71.74285714285713,80.0,27.467142857142854,10.371102,12.348571,10.451804,green
F049-050,F049,train,Batch 10,15,yes,floor,yes,damp,81,2025-03-25,15,1,1,1,2,81,85.29999999999998,88.69,26.00357142857143,11.872854,16.06,13.928088,red
F049-051,F049,train,Batch 1,13,no,floor,no,damp,64,2024-12-31,13,0,1,0,2,64,70.12214285714286,78.51,28.145714285714288,11.947876,13.024429,12.392873,amber
F049-052,F049,train,Batch 2,16,no,raised,yes,damp,92,2025-03-24,16,0,0,1,2,92,86.75428571428571,90.66,25.47714285714286,10.647776,15.350857,13.165999,red
F049-053,F049,train,Batch 3,3,no,floor,yes,damp,58,2025-04-15,3,0,1,1,2,58,84.30071428571429,88.69,26.17071428571428,14.070776,15.860143,14.756597,red
F049-054,F049,train,Batch 4,6,no,raised,yes,damp,59,2025-01-22,6,0,0,1,2,59,74.04142857142858,78.24,28.189285714285717,13.719029,12.808286,13.365302,red
F049-055,F049,train,Batch 5,11,no,floor,no,damp,81,2025-03-25,11,0,1,0,2,81,85.29999999999998,88.69,26.00357142857143,10.899781,16.06,13.432641,red
F049-056,F049,train,Batch 6,5,no,raised,no,unsure,159,2025-07-20,5,0,0,0,1,159,77.45285714285713,84.53,26.44928571428571,12.893802,13.490571,13.331948,red
F049-057,F049,train,Batch 7,9,no,raised,yes,damp,37,2025-06-10,9,0,0,1,2,37,85.29857142857144,90.36,24.544999999999995,12.906677,15.059714,13.477941,red
F049-058,F049,train,Batch 8,13,no,raised,no,dry,1,2025-12-15,13,0,0,0,0,1,82.75928571428572,88.91,25.957857142857144,11.170993,14.551857,11.19905,green
F049-059,F049,train,Batch 9,6,no,floor,no,damp,113,2025-01-03,6,0,1,0,2,113,76.11357142857142,85.7,28.143571428571427,12.797035,14.222714,13.666732,red
F049-060,F049,train,Batch 10,11,no,floor,no,damp,94,2025-05-15,11,0,1,0,2,94,83.31285714285715,87.52,24.79928571428572,10.893223,15.662571,13.483549,red
F049-061,F049,train,Batch 1,14,no,raised,yes,damp,107,2025-09-02,14,0,0,1,2,107,80.50214285714286,85.68,26.052142857142858,11.511907,14.100429,13.039207,red
F049-062,F049,train,Batch 2,11,yes,raised,yes,damp,4,2025-08-20,11,1,0,1,2,4,81.38214285714285,84.22,24.82214285714286,13.309197,14.276429,13.340907,red
F049-063,F049,train,Batch 3,11,no,raised,yes,dry,79,2025-04-25,11,0,0,1,0,79,86.26642857142859,90.36,24.694285714285716,11.219485,15.253286,13.164933,red
F049-064,F049,train,Batch 4,2,yes,floor,yes,unsure,31,2025-05-08,2,1,1,1,1,31,83.52428571428571,88.69,26.235714285714284,16.209215,15.704857,16.094392,red
F049-065,F049,train,Batch 5,10,no,floor,no,unsure,7,2025-05-16,10,0,1,0,1,7,82.25357142857145,88.87,26.704999999999995,9.7418,15.450714,10.065293,green
F049-066,F049,train,Batch 6,4,yes,raised,yes,damp,86,2025-04-24,4,1,0,1,2,86,84.09,90.36,24.682857142857138,16.650487,14.818,15.712946,red
F049-067,F049,train,Batch 7,13,yes,floor,no,damp,147,2024-11-30,13,1,1,0,2,147,76.11357142857142,85.7,28.143571428571427,12.692244,14.222714,13.773127,red
F049-068,F049,train,Batch 8,14,no,raised,no,dry,53,2024-12-07,14,0,0,0,0,53,66.50928571428572,80.0,27.219285714285714,10.609207,11.301857,10.856508,green
F049-069,F049,train,Batch 9,16,no,floor,no,damp,179,2024-08-16,16,0,1,0,2,179,70.35142857142857,78.23,27.863571428571426,11.282615,13.070286,12.668064,amber
F049-070,F049,train,Batch 10,10,no,raised,no,dry,27,2025-01-23,10,0,0,0,0,27,72.61214285714284,77.15,28.237857142857145,9.826312,12.522429,10.369536,green
F049-071,F049,train,Batch 1,4,no,raised,no,damp,27,2025-06-11,4,0,0,0,2,27,86.55785714285715,90.2,25.02071428571429,13.356803,15.311571,13.750657,red
F049-072,F049,train,Batch 2,11,no,raised,no,unsure,118,2025-08-10,11,0,0,0,1,118,81.18071428571429,88.91,26.410714285714285,11.493075,14.236143,13.210065,red
F049-073,F049,train,Batch 3,6,no,raised,no,dry,5,2025-08-10,6,0,0,0,0,5,82.63,87.52,25.035,13.06824,14.526,13.127732,red
F049-074,F049,train,Batch 4,12,no,raised,no,dry,151,2024-08-19,12,0,0,0,0,151,63.43285714285713,71.7,26.69785714285715,11.23509,10.686571,10.84242,green
F049-075,F049,train,Batch 5,15,no,raised,yes,dry,132,2024-08-31,15,0,0,1,0,132,71.40142857142855,77.39,27.400714285714287,10.314052,12.280286,11.625783,green
F049-076,F049,train,Batch 6,10,no,floor,yes,damp,136,2025-08-14,10,0,1,1,2,136,76.70642857142857,81.94,26.624285714285715,11.760014,14.341286,13.510224,red
F049-077,F049,train,Batch 7,11,yes,floor,no,unsure,161,2025-06-25,11,1,1,0,1,161,80.43714285714286,88.55,26.535714285714285,12.407957,15.087429,14.386989,red
F049-078,F049,train,Batch 8,21,no,raised,no,damp,23,2025-04-27,21,0,0,0,2,23,81.05857142857143,87.53,26.972142857142853,11.590219,14.211714,12.047455,amber
F049-079,F049,train,Batch 9,8,no,floor,no,damp,174,2025-02-14,8,0,1,0,2,174,80.57857142857144,85.31,25.376428571428573,12.298708,15.115714,14.454928,red
F049-080,F049,train,Batch 10,14,yes,floor,no,unsure,135,2024-12-24,14,1,1,0,1,135,79.41857142857144,85.86,27.283571428571427,12.542978,14.883714,14.123789,red
F050-001,F050,test,Batch 1,5,no,raised,no,damp,149,2024-12-17,5,0,0,0,2,149,79.61214285714286,87.53,27.315,13.560671,13.922429,13.817916,red
F050-002,F050,test,Batch 2,12,no,raised,yes,damp,89,2025-03-04,12,0,0,1,2,89,83.39714285714287,89.67,26.442857142857147,11.95129,14.679429,13.379963,red
F050-003,F050,test,Batch 3,11,no,raised,no,unsure,66,2024-12-12,11,0,0,0,1,66,69.64214285714284,77.15,28.177142857142858,10.56364,11.928429,11.141014,green
F050-004,F050,test,Batch 4,12,no,floor,no,damp,177,2025-01-22,12,0,1,0,2,177,84.62285714285714,90.36,24.603571428571424,10.564959,15.924571,14.698406,red
F050-005,F050,test,Batch 5,17,no,raised,yes,damp,92,2025-09-15,17,0,0,1,2,92,82.75928571428572,88.91,25.957857142857144,10.572127,14.551857,12.703038,amber
F050-006,F050,test,Batch 6,3,no,floor,no,damp,121,2025-04-15,3,0,1,0,2,121,82.76785714285714,87.52,25.042142857142856,15.369304,15.553571,15.486346,red
F050-007,F050,test,Batch 7,11,no,raised,yes,dry,143,2024-11-13,11,0,0,1,0,143,74.88714285714285,81.64,28.173571428571424,10.936907,12.977429,12.357692,amber
F050-008,F050,test,Batch 8,12,yes,raised,yes,damp,77,2025-04-12,12,1,0,1,2,77,87.01642857142856,90.66,25.314285714285717,14.338245,15.403286,14.842633,red
F050-009,F050,test,Batch 9,14,no,raised,no,dry,51,2025-04-26,14,0,0,0,0,51,85.54642857142858,88.69,25.76142857142857,10.474314,15.109286,12.079081,amber
F050-010,F050,test,Batch 10,11,yes,raised,yes,damp,56,2025-03-22,11,1,0,1,2,56,80.43428571428569,87.53,27.237142857142857,13.906305,14.086857,13.973635,red
F050-011,F050,test,Batch 1,10,no,raised,yes,damp,168,2024-12-30,10,0,0,1,2,168,85.54642857142858,88.69,25.76142857142857,11.434508,15.109286,14.203097,red
F050-012,F050,test,Batch 2,8,no,floor,yes,damp,51,2025-02-12,8,0,1,1,2,51,74.67928571428571,81.64,28.17071428571429,11.25298,13.935857,12.181873,amber
F050-013,F050,test,Batch 3,6,no,raised,yes,damp,84,2025-01-30,6,0,0,1,2,84,75.46785714285714,82.23,28.179285714285708,12.86182,13.093571,12.978487,amber
F050-014,F050,test,Batch 4,8,yes,raised,no,damp,167,2024-12-04,8,1,0,0,2,167,81.05857142857143,87.53,26.972142857142853,13.169595,14.211714,13.95258,red
F050-015,F050,test,Batch 5,3,no,raised,yes,damp,9,2025-06-09,3,0,0,1,2,9,85.98428571428573,90.66,25.713571428571424,14.178965,15.196857,14.252514,red
F050-016,F050,test,Batch 6,12,no,floor,no,unsure,14,2025-05-14,12,0,1,0,1,14,83.45642857142856,89.67,26.444999999999993,11.484156,15.691286,11.947438,green
F050-017,F050,test,Batch 7,15,no,floor,no,damp,64,2025-03-11,15,0,1,0,2,64,79.49928571428573,87.53,27.308571428571433,11.315168,14.899857,12.796913,amber
F050-018,F050,test,Batch 8,13,no,raised,no,damp,128,2024-09-01,13,0,0,0,2,128,73.03285714285713,81.58,27.448571428571427,11.130071,12.606571,12.098428,amber
F050-019,F050,test,Batch 9,10,no,raised,yes,damp,123,2025-08-05,10,0,0,1,2,123,81.18071428571429,88.91,26.410714285714285,10.946731,14.236143,13.055913,red
F050-020,F050,test,Batch 10,8,no,raised,yes,damp,180,2025-01-16,8,0,0,1,2,180,85.73071428571428,90.36,24.577857142857145,11.967776,15.146143,14.436953,red
F050-021,F050,test,Batch 1,14,no,raised,no,damp,102,2025-08-25,14,0,0,0,2,102,81.12357142857142,88.91,26.405714285714286,9.499166,14.224714,12.204944,amber
F050-022,F050,test,Batch 2,18,no,floor,yes,damp,175,2024-11-04,18,0,1,1,2,175,76.85357142857143,85.86,27.990000000000002,10.948428,14.370714,13.574609,red
F050-023,F050,test,Batch 3,6,no,floor,yes,damp,68,2025-10-18,6,0,1,1,2,68,77.88071428571429,84.53,26.353571428571428,12.927287,14.576143,13.640559,red
F050-024,F050,test,Batch 4,16,no,raised,yes,damp,125,2025-01-13,16,0,0,1,2,125,80.8785714285714,87.53,27.093571428571426,12.953826,14.175714,13.744551,red
F050-025,F050,test,Batch 5,7,no,raised,no,unsure,25,2025-06-13,7,0,0,0,1,25,86.55785714285715,90.2,25.02071428571429,12.416187,15.311571,12.960704,amber
F050-026,F050,test,Batch 6,13,no,raised,no,unsure,28,2025-01-09,13,0,0,0,1,28,69.12214285714286,78.23,27.645,10.604348,11.824429,10.858259,green
F050-027,F050,test,Batch 7,4,yes,floor,yes,damp,105,2025-04-29,4,1,1,1,2,105,82.35928571428572,87.52,25.172857142857143,14.880978,15.471857,15.225542,red
F050-028,F050,test,Batch 8,8,no,raised,no,dry,31,2024-12-07,8,0,0,0,0,31,73.03285714285713,81.58,27.448571428571427,10.597383,12.606571,11.054799,green
F050-029,F050,test,Batch 9,14,no,raised,yes,damp,92,2025-03-03,14,0,0,1,2,92,83.73142857142857,89.67,26.414285714285715,11.845023,14.746286,13.398478,red
F050-030,F050,test,Batch 10,19,yes,raised,no,damp,130,2025-01-11,19,1,0,0,2,130,81.66928571428572,87.53,26.825,12.764321,14.333857,13.802623,red
F050-031,F050,test,Batch 1,12,no,raised,no,unsure,74,2024-10-31,12,0,0,0,1,74,66.08428571428571,75.51,26.992142857142856,10.977392,11.216857,11.087608,green
F050-032,F050,test,Batch 2,9,no,floor,yes,dry,127,2024-10-16,9,0,1,1,0,127,72.97857142857141,77.15,28.245,12.508901,13.595714,13.218553,red
F050-033,F050,test,Batch 3,16,no,raised,no,dry,114,2024-11-04,16,0,0,0,0,114,70.72571428571429,78.51,27.957142857142856,11.217864,12.145143,11.786526,green
F050-034,F050,test,Batch 4,15,no,raised,no,unsure,175,2025-01-08,15,0,0,0,1,175,86.20571428571428,89.75,25.45,11.000872,15.241143,14.254756,red
F050-035,F050,test,Batch 5,8,yes,raised,yes,unsure,8,2025-06-07,8,1,0,1,1,8,85.49428571428571,88.69,25.845714285714283,12.991644,15.098857,13.127544,red
F050-036,F050,test,Batch 6,11,no,raised,yes,damp,81,2025-03-25,11,0,0,1,2,81,85.29999999999998,88.69,26.00357142857143,11.501995,15.06,13.248419,red
F050-037,F050,test,Batch 7,10,yes,floor,no,damp,25,2025-01-30,10,1,1,0,2,25,72.81714285714285,78.51,28.025000000000002,12.64595,13.563429,12.818494,amber
F050-038,F050,test,Batch 8,12,no,raised,no,dry,17,2025-11-17,12,0,0,0,0,17,81.07714285714287,88.91,26.435714285714283,10.596217,14.215429,11.074277,green
F050-039,F050,test,Batch 9,3,yes,raised,yes,damp,2,2025-02-19,3,1,0,1,2,2,72.98214285714285,77.15,28.216428571428573,15.286748,12.596429,15.242281,red
F050-040,F050,test,Batch 10,13,no,raised,no,damp,162,2024-11-13,13,0,0,0,2,162,75.46785714285714,82.23,28.179285714285708,9.407028,13.093571,12.137871,amber
F050-041,F050,test,Batch 1,13,yes,floor,no,damp,11,2025-05-22,13,1,1,0,2,11,83.63785714285714,89.67,26.459285714285716,11.82627,15.727571,12.167988,amber
F050-042,F050,test,Batch 2,12,no,raised,no,unsure,165,2024-10-14,12,0,0,0,1,165,73.63142857142857,81.64,28.07000000000001,10.302788,12.726286,12.11353,amber
F050-043,F050,test,Batch 3,8,no,floor,no,dry,163,2024-11-25,8,0,1,0,0,163,78.90142857142858,85.86,27.353571428571428,11.957561,14.780286,14.054594,red
F050-044,F050,test,Batch 4,3,no,raised,no,damp,49,2025-06-07,3,0,0,0,2,49,81.87142857142858,85.66,24.78214285714285,14.53772,14.374286,14.48293,red
F050-045,F050,test,Batch 5,19,no,floor,no,damp,108,2025-03-14,19,0,1,0,2,108,87.03571428571426,90.66,25.40071428571429,12.141931,16.407143,14.673037,red
F050-046,F050,test,Batch 6,12,no,raised,no,dry,38,2025-02-15,12,0,0,0,0,38,73.55357142857144,78.24,28.14071428571429,9.985946,12.710714,10.72552,green
F050-047,F050,test,Batch 7,7,no,floor,no,damp,171,2024-10-30,7,0,1,0,2,171,74.75500000000001,79.17,28.256428571428575,12.301717,13.951,13.554334,red
F050-048,F050,test,Batch 8,6,no,raised,no,damp,166,2025-03-18,6,0,0,0,2,166,78.31714285714284,83.94,25.267857142857142,13.287803,13.663429,13.569244,red
F050-049,F050,test,Batch 9,6,yes,raised,yes,damp,44,2025-11-01,6,1,0,1,2,44,83.47500000000001,88.91,25.950714285714287,14.564964,14.695,14.60488,red
F050-050,F050,test,Batch 10,5,no,floor,yes,damp,37,2025-02-21,5,0,1,1,2,37,73.37142857142855,81.64,28.087857142857143,13.105172,13.674286,13.256175,red
F050-051,F050,test,Batch 1,9,no,raised,no,damp,63,2025-06-18,9,0,0,0,2,63,82.54214285714285,87.52,24.740000000000002,11.696449,14.508429,12.844987,amber
F050-052,F050,test,Batch 2,17,no,raised,no,damp,138,2025-02-15,17,0,0,0,2,138,86.1857142857143,89.75,25.416428571428572,10.63232,15.237143,13.779087,red
F050-053,F050,test,Batch 3,10,no,floor,no,dry,33,2025-04-23,10,0,1,0,0,33,83.72357142857142,89.67,26.41928571428571,11.039791,15.744714,12.170985,amber
F050-054,F050,test,Batch 4,9,no,raised,yes,dry,19,2025-06-21,9,0,0,1,0,19,86.46428571428571,90.36,24.877857142857145,11.903618,15.292857,12.399921,amber
F050-055,F050,test,Batch 5,11,no,floor,yes,damp,75,2025-03-22,11,0,1,1,2,75,83.76857142857143,89.67,26.266428571428573,11.841503,15.753714,13.659659,red
F050-056,F050,test,Batch 6,9,no,floor,no,unsure,12,2025-04-05,9,0,1,0,1,12,74.14642857142856,78.56,28.33714285714286,12.180344,13.829286,12.337261,amber
F050-057,F050,test,Batch 7,11,no,raised,no,damp,77,2025-05-18,11,0,0,0,2,77,80.76571428571428,85.66,25.272142857142853,11.665412,14.153143,12.843565,amber
F050-058,F050,test,Batch 8,11,no,floor,no,dry,137,2024-09-27,11,0,1,0,0,137,70.35142857142857,78.23,27.863571428571426,11.339078,13.070286,12.517535,amber
F050-059,F050,test,Batch 9,11,no,raised,yes,damp,51,2025-07-07,11,0,0,1,2,51,80.61571428571428,83.94,24.84142857142857,11.143554,14.123143,12.175178,amber
F050-060,F050,test,Batch 10,9,yes,floor,yes,damp,62,2025-03-11,9,1,1,1,2,62,79.13642857142858,84.02,27.32214285714286,14.766195,14.827286,14.790845,red
F050-061,F050,test,Batch 1,6,no,raised,no,damp,166,2025-02-21,6,0,0,0,2,166,80.42999999999999,85.31,25.357142857142858,13.27533,14.086,13.882731,red
F050-062,F050,test,Batch 2,12,no,floor,no,damp,78,2024-10-15,12,0,1,0,2,78,76.62857142857142,81.58,26.99285714285714,12.311502,14.325714,13.274203,red
F050-063,F050,test,Batch 3,10,no,raised,no,damp,158,2024-10-31,10,0,0,0,2,158,75.32785714285714,81.64,28.215714285714284,11.996397,13.065571,12.779004,amber
F050-064,F050,test,Batch 4,6,no,raised,no,dry,132,2024-12-02,6,0,0,0,0,132,74.16142857142857,79.69,28.390000000000008,13.70663,12.832286,13.12333,red
F050-065,F050,test,Batch 5,5,no,raised,yes,unsure,89,2025-05-09,5,0,0,1,1,89,80.42999999999999,85.31,25.357142857142858,14.1922,14.086,14.136585,red
F050-066,F050,test,Batch 6,17,no,raised,yes,damp,179,2025-02-08,17,0,0,1,2,179,80.42999999999999,85.31,25.357142857142858,10.48612,14.086,13.276036,red
F050-067,F050,test,Batch 7,18,no,raised,no,dry,49,2024-11-29,18,0,0,0,0,49,63.43285714285713,71.7,26.69785714285715,11.103243,10.686571,10.963557,green
F050-068,F050,test,Batch 8,9,no,raised,no,dry,155,2024-09-15,9,0,0,0,0,155,69.72714285714285,77.15,28.16571428571429,10.83481,11.945429,11.640217,green
F050-069,F050,test,Batch 9,6,no,raised,yes,damp,88,2025-09-18,6,0,0,1,2,88,83.47500000000001,88.91,25.950714285714287,15.368107,14.695,15.018297,red
F050-070,F050,test,Batch 10,8,no,raised,no,unsure,66,2024-12-07,8,0,0,0,1,66,70.35142857142857,78.23,27.863571428571426,11.990742,12.070286,12.024393,amber
F050-071,F050,test,Batch 1,8,no,floor,no,unsure,60,2024-11-19,8,0,1,0,1,60,61.981428571428566,71.7,26.548571428571428,11.55089,11.396286,11.490058,green
F050-072,F050,test,Batch 2,4,no,raised,yes,damp,136,2024-09-14,4,0,0,1,2,136,65.80071428571429,80.0,27.134285714285713,14.286111,11.160143,12.166574,amber
F050-073,F050,test,Batch 3,8,yes,raised,no,unsure,68,2024-12-12,8,1,0,0,1,68,70.67642857142856,77.15,28.27285714285714,12.807791,12.135286,12.516875,amber
F050-074,F050,test,Batch 4,10,no,raised,no,damp,113,2024-12-22,10,0,0,0,2,113,73.76428571428572,77.92,28.446428571428577,11.274506,12.752857,12.176334,amber
F050-075,F050,test,Batch 5,4,no,raised,no,dry,163,2024-08-09,4,0,0,0,0,163,60.872857142857136,71.7,26.470714285714283,13.112204,10.174571,10.929804,green
F050-076,F050,test,Batch 6,6,no,raised,no,damp,86,2025-02-28,6,0,0,0,2,86,83.64999999999999,89.67,26.43571428571428,13.105685,14.73,13.936721,red
F050-077,F050,test,Batch 7,14,no,raised,no,dry,10,2025-07-10,14,0,0,0,0,10,83.89500000000001,90.36,24.712142857142855,11.395099,14.779,11.66566,green
F050-078,F050,test,Batch 8,5,no,raised,yes,damp,82,2025-04-13,5,0,0,1,2,82,86.51714285714287,90.2,25.26357142857142,13.164908,15.303429,14.223623,red
F050-079,F050,test,Batch 9,0,no,raised,yes,damp,121,2025-02-22,0,0,0,1,2,121,86.86357142857142,90.66,25.509999999999998,16.790543,15.372714,15.889976,red
F050-080,F050,test,Batch 10,16,no,raised,no,dry,12,2025-07-05,16,0,0,0,0,12,85.29857142857144,90.36,24.544999999999995,11.957567,15.059714,12.252775,amber
F051-001,F051,validation,Batch 1,12,no,raised,no,damp,140,2025-03-29,12,0,0,0,2,140,82.93428571428572,87.52,24.935000000000002,9.082769,14.586857,12.872866,amber
F051-002,F051,validation,Batch 2,9,no,raised,no,dry,32,2025-11-25,9,0,0,0,0,32,77.29785714285713,84.53,26.512142857142855,12.585693,13.459571,12.790243,amber
F051-003,F051,validation,Batch 3,16,no,raised,no,damp,136,2024-11-07,16,0,0,0,2,136,73.69285714285715,78.24,28.224285714285717,11.368357,12.738571,12.29742,amber
F051-004,F051,validation,Batch 4,14,yes,raised,yes,unsure,75,2025-04-06,14,1,0,1,1,75,86.56071428571428,90.66,25.628571428571426,12.998905,15.312143,14.073956,red
F051-005,F051,validation,Batch 5,15,no,raised,no,damp,92,2024-10-24,15,0,0,0,2,92,60.544285714285714,80.0,26.613571428571426,11.924061,10.108857,10.952126,green
F051-006,F051,validation,Batch 6,18,no,floor,no,unsure,85,2024-11-17,18,0,1,0,1,85,70.24214285714285,78.23,27.80785714285714,10.415024,13.048429,11.751571,green
F051-007,F051,validation,Batch 7,22,no,raised,yes,damp,110,2025-02-07,22,0,0,1,2,110,83.45642857142856,89.67,26.444999999999993,9.640745,14.691286,12.671829,amber
F051-008,F051,validation,Batch 8,7,yes,raised,no,damp,84,2025-04-09,7,1,0,0,2,84,86.20571428571428,89.75,25.45,13.248712,15.241143,14.251731,red
F051-009,F051,validation,Batch 9,15,no,raised,no,dry,105,2024-11-10,15,0,0,0,0,105,73.31285714285715,78.51,28.01857142857143,10.18262,12.662571,11.628774,green
F051-010,F051,validation,Batch 10,12,no,raised,no,unsure,146,2024-08-28,12,0,0,0,1,146,60.18857142857142,71.7,26.484999999999996,11.304506,10.037714,10.412958,green
F051-011,F051,validation,Batch 1,10,no,floor,no,dry,53,2025-01-03,10,0,1,0,0,53,72.28857142857143,78.51,27.972142857142853,10.997443,13.457714,11.875849,green
F051-012,F051,validation,Batch 2,1,no,raised,no,damp,12,2024-12-29,1,0,0,0,2,12,71.40142857142855,77.39,27.400714285714287,14.703592,12.280286,14.472984,red
F051-013,F051,validation,Batch 3,10,no,floor,no,dry,50,2025-05-29,10,0,1,0,0,50,84.62285714285714,90.36,24.603571428571424,8.829068,15.924571,11.246927,green
F051-014,F051,validation,Batch 4,20,no,raised,no,damp,32,2025-06-29,20,0,0,0,2,32,81.15499999999999,85.66,25.083571428571425,10.882032,14.231,11.66593,green
F051-015,F051,validation,Batch 5,14,no,raised,no,damp,95,2025-05-11,14,0,0,0,2,95,82.76785714285714,87.52,25.042142857142856,10.572867,14.553571,12.749958,amber
F051-016,F051,validation,Batch 6,5,no,raised,no,unsure,175,2024-11-16,5,0,0,0,1,175,79.43285714285715,85.86,27.235714285714288,14.118213,13.886571,13.940457,red
F051-017,F051,validation,Batch 7,4,no,floor,yes,damp,134,2024-09-02,4,0,1,1,2,134,65.01571428571428,75.06,26.98,12.550933,12.003143,12.182472,amber
F051-018,F051,validation,Batch 8,10,no,raised,yes,dry,168,2024-10-18,10,0,0,1,0,168,74.67928571428571,81.64,28.17071428571429,11.172151,12.935857,12.500933,amber
F051-019,F051,validation,Batch 9,12,no,raised,no,unsure,102,2025-09-06,12,0,0,0,1,102,81.22214285714287,88.91,25.97857142857143,9.6721,14.244429,12.290147,amber
F051-020,F051,validation,Batch 10,4,no,raised,yes,damp,85,2025-03-20,4,0,0,1,2,85,84.74428571428571,88.69,26.12928571428571,13.787658,14.948857,14.377008,red
F051-021,F051,validation,Batch 1,4,no,raised,yes,damp,128,2025-04-21,4,0,0,1,2,128,80.61571428571428,83.94,24.84142857142857,12.758854,14.123143,13.653618,red
F051-022,F051,validation,Batch 2,13,yes,raised,yes,damp,21,2024-12-27,13,1,0,1,2,21,63.43285714285713,71.7,26.69785714285715,12.41236,10.686571,12.135297,amber
F051-023,F051,validation,Batch 3,6,no,raised,yes,damp,60,2025-10-13,6,0,0,1,2,60,83.04428571428572,88.91,26.052142857142858,11.306558,14.608857,12.605911,amber
F051-024,F051,validation,Batch 4,6,no,raised,no,unsure,148,2024-10-13,6,0,0,0,1,148,69.37785714285715,77.34,28.559285714285718,12.72782,11.875571,12.123848,amber
F051-025,F051,validation,Batch 5,5,no,raised,no,damp,138,2025-04-11,5,0,0,0,2,138,80.61571428571428,83.94,24.84142857142857,12.782777,14.123143,13.698734,red
F051-026,F051,validation,Batch 6,10,yes,floor,no,damp,8,2025-04-27,10,1,1,0,2,8,79.06857142857145,85.86,27.321428571428573,11.675624,14.813714,11.878009,green
F051-027,F051,validation,Batch 7,14,no,raised,yes,dry,103,2025-03-21,14,0,0,1,0,103,86.20571428571428,89.75,25.45,10.301098,15.241143,13.147216,red
F051-028,F051,validation,Batch 8,13,no,floor,no,dry,96,2024-12-14,13,0,1,0,0,96,74.57857142857142,78.24,28.18071428571429,9.792006,13.915714,12.062813,amber
F051-029,F051,validation,Batch 9,11,no,raised,no,dry,126,2024-09-02,11,0,0,0,0,126,73.575,81.58,27.358571428571427,9.482928,12.715,11.583976,green
F051-030,F051,validation,Batch 10,11,no,raised,no,unsure,159,2024-12-31,11,0,0,0,1,159,83.52428571428571,88.69,26.235714285714284,10.17919,14.704857,13.501921,red
F051-031,F051,validation,Batch 1,11,yes,raised,no,damp,60,2025-06-29,11,1,0,0,2,60,80.03499999999998,83.94,24.977142857142855,12.65795,14.007,13.18876,red
F051-032,F051,validation,Batch 2,3,no,raised,yes,damp,88,2025-02-23,3,0,0,1,2,88,81.90714285714286,87.53,26.756428571428568,13.920643,14.381429,14.160111,red
F051-033,F051,validation,Batch 3,7,no,raised,yes,damp,105,2024-11-22,7,0,0,1,2,105,69.60785714285714,78.51,28.26928571428571,12.357704,11.921571,12.103378,amber
F051-034,F051,validation,Batch 4,5,no,raised,no,unsure,28,2025-05-19,5,0,0,0,1,28,85.54642857142858,88.69,25.76142857142857,14.441189,15.109286,14.580227,red
F051-035,F051,validation,Batch 5,11,no,raised,no,dry,68,2025-06-20,11,0,0,0,0,68,80.61571428571428,83.94,24.84142857142857,9.904211,14.123143,11.729263,green
F051-036,F051,validation,Batch 6,16,no,raised,no,damp,180,2024-09-17,16,0,0,0,2,180,74.99642857142858,78.24,28.19857142857143,11.887819,12.999286,12.751284,amber
F051-037,F051,validation,Batch 7,10,no,raised,no,damp,158,2025-03-04,10,0,0,0,2,158,81.38214285714285,87.52,25.326428571428572,12.008285,14.276429,13.668504,red
F051-038,F051,validation,Batch 8,9,no,raised,yes,damp,160,2024-08-01,9,0,0,1,2,160,72.85499999999999,81.58,27.45285714285714,11.369342,12.571,12.254246,amber
F051-039,F051,validation,Batch 9,19,no,floor,yes,damp,178,2024-11-02,19,0,1,1,2,178,77.49857142857142,85.86,27.85928571428571,11.602058,14.499714,13.842293,red
F051-040,F051,validation,Batch 10,14,no,raised,no,dry,2,2025-12-09,14,0,0,0,0,2,82.97428571428573,88.91,26.115000000000002,10.458567,14.594857,10.526934,green
F051-041,F051,validation,Batch 1,7,no,floor,yes,unsure,141,2024-11-19,7,0,1,1,1,141,74.51214285714285,79.69,28.40285714285714,12.348748,13.902429,13.422623,red
F051-042,F051,validation,Batch 2,13,no,raised,no,damp,142,2024-09-22,13,0,0,0,2,142,70.35142857142857,78.23,27.863571428571426,11.887422,12.070286,12.014283,amber
F051-043,F051,validation,Batch 3,12,no,floor,no,damp,52,2025-04-22,12,0,1,0,2,52,84.74428571428571,88.69,26.12928571428571,8.995385,15.948857,11.440613,green
F051-044,F051,validation,Batch 4,5,no,raised,no,dry,82,2025-06-03,5,0,0,0,0,82,81.38214285714285,84.22,24.82214285714286,11.551825,14.276429,12.900692,amber
F051-045,F051,validation,Batch 5,12,yes,floor,yes,unsure,43,2025-04-12,12,1,1,1,1,43,83.64999999999999,89.67,26.43571428571428,12.574295,15.73,13.524667,red
F051-046,F051,validation,Batch 6,12,yes,floor,no,dry,7,2025-02-12,12,1,1,0,0,7,72.61214285714284,77.15,28.237857142857145,11.856873,13.522429,11.951251,green
F051-047,F051,validation,Batch 7,11,yes,raised,yes,damp,45,2025-06-25,11,1,0,1,2,45,81.38214285714285,87.52,25.326428571428572,12.69858,14.276429,13.19199,red
F051-048,F051,validation,Batch 8,6,no,raised,yes,damp,38,2025-11-15,6,0,0,1,2,38,78.93857142857144,84.53,26.16785714285714,12.517214,13.787714,12.862061,amber
F051-049,F051,validation,Batch 9,11,no,raised,yes,dry,28,2025-04-14,11,0,0,1,0,28,79.13642857142858,84.02,27.32214285714286,11.067382,13.827286,11.641747,green
F051-050,F051,validation,Batch 10,0,no,raised,yes,damp,109,2024-12-11,0,0,0,1,2,109,73.37142857142855,81.64,28.087857142857143,17.22707,12.674286,14.509949,red
F051-051,F051,validation,Batch 1,10,no,floor,yes,damp,101,2025-04-20,10,0,1,1,2,101,81.2042857142857,85.66,25.041428571428575,10.728176,15.240857,13.295929,red
F051-052,F051,validation,Batch 2,6,yes,floor,yes,damp,33,2025-07-01,6,1,1,1,2,33,80.76571428571428,85.66,25.272142857142853,13.340098,15.153143,13.776004,red
F051-053,F051,validation,Batch 3,6,yes,raised,yes,damp,72,2025-01-20,6,1,0,1,2,72,73.98642857142856,81.64,28.128571428571426,14.450581,12.797286,13.704634,red
F051-054,F051,validation,Batch 4,13,no,raised,yes,unsure,129,2025-02-23,13,0,0,1,1,129,86.20571428571428,89.75,25.45,10.699781,15.241143,13.691186,red
F051-055,F051,validation,Batch 5,10,no,raised,no,damp,69,2025-05-24,10,0,0,0,2,69,81.2192857142857,85.66,25.12285714285714,10.500264,14.243857,12.137319,amber
F051-056,F051,validation,Batch 6,13,yes,floor,no,unsure,150,2025-03-31,13,1,1,0,1,150,80.03499999999998,83.94,24.977142857142855,12.931399,15.007,14.41233,red
F051-057,F051,validation,Batch 7,11,yes,floor,no,damp,79,2025-04-30,11,1,1,0,2,79,84.62285714285714,90.36,24.603571428571424,12.224052,15.924571,14.008763,red
F051-058,F051,validation,Batch 8,8,no,raised,no,damp,84,2025-01-18,8,0,0,0,2,84,74.28428571428572,79.69,28.390000000000004,12.277315,12.856857,12.569065,amber
F051-059,F051,validation,Batch 9,17,no,floor,no,damp,179,2024-12-02,17,0,1,0,2,179,83.83642857142857,89.67,26.28714285714286,9.635139,15.767286,14.387569,red
F051-060,F051,validation,Batch 10,3,no,raised,yes,damp,53,2025-04-17,3,0,0,1,2,53,83.63857142857141,88.69,26.22785714285714,14.121994,14.727714,14.338258,red
F051-061,F051,validation,Batch 1,4,yes,floor,no,damp,77,2024-12-11,4,1,1,0,2,77,70.72571428571429,78.51,27.957142857142856,15.922637,13.145143,14.607256,red
F051-062,F051,validation,Batch 2,11,no,raised,no,damp,61,2025-10-24,11,0,0,0,2,61,78.56142857142858,84.53,26.22714285714286,11.527496,13.712286,12.398141,amber
F051-063,F051,validation,Batch 3,12,no,floor,no,dry,123,2024-10-15,12,0,1,0,0,123,70.02642857142857,77.15,28.074285714285715,9.961581,13.005286,11.913215,green
F051-064,F051,validation,Batch 4,8,yes,floor,yes,damp,10,2025-07-24,8,1,1,1,2,10,80.76571428571428,85.66,25.272142857142853,14.065099,15.153143,14.152094,red
F051-065,F051,validation,Batch 5,8,no,raised,no,damp,167,2025-06-23,8,0,0,0,2,167,81.2092857142857,88.91,26.431428571428572,12.358308,14.241857,13.773493,red
F051-066,F051,validation,Batch 6,8,no,raised,no,damp,153,2025-01-10,8,0,0,0,2,153,84.30071428571429,88.69,26.17071428571428,11.760049,14.860143,13.993881,red
F051-067,F051,validation,Batch 7,11,no,floor,yes,damp,139,2025-01-12,11,0,1,1,2,139,83.37642857142858,89.67,26.362142857142857,11.433206,15.675286,14.343234,red
F051-068,F051,validation,Batch 8,10,no,raised,yes,dry,73,2025-01-30,10,0,0,1,0,73,74.16142857142857,79.69,28.390000000000008,11.119445,12.832286,11.90006,green
F051-069,F051,validation,Batch 9,14,no,raised,yes,dry,131,2025-01-12,14,0,0,1,0,131,82.25357142857145,88.87,26.704999999999995,11.716566,14.450714,13.532979,red
F051-070,F051,validation,Batch 10,12,no,raised,yes,damp,134,2025-03-13,12,0,0,1,2,134,82.24642857142858,85.66,24.75714285714286,10.823758,14.449286,13.262399,red
F051-071,F051,validation,Batch 1,8,yes,floor,no,damp,143,2025-01-18,8,1,1,0,2,143,83.98000000000002,88.69,26.188571428571425,13.301563,15.796,15.038403,red
F051-072,F051,validation,Batch 2,20,yes,floor,no,damp,75,2024-12-24,20,1,1,0,2,75,69.14500000000001,77.34,28.454285714285714,11.898653,12.829,12.331021,amber
F051-073,F051,validation,Batch 3,9,yes,raised,yes,damp,58,2025-03-08,9,1,0,1,2,58,79.06857142857145,85.86,27.321428571428573,12.403141,13.813714,12.943779,amber
F051-074,F051,validation,Batch 4,10,no,raised,no,dry,21,2024-12-13,10,0,0,0,0,21,75.87571428571428,81.58,27.164285714285718,11.372341,13.175143,11.661768,green
F051-075,F051,validation,Batch 5,12,no,floor,no,dry,64,2024-11-19,12,0,1,0,0,64,59.89357142857143,71.7,26.52571428571428,10.590255,10.978714,10.750826,green
F051-076,F051,validation,Batch 6,13,no,floor,yes,damp,66,2025-01-06,13,0,1,1,2,66,72.97285714285715,78.24,28.48857142857143,12.990481,13.594571,13.246042,red
F051-077,F051,validation,Batch 7,9,no,floor,yes,damp,110,2024-09-16,9,0,1,1,2,110,75.20214285714285,81.58,27.287857142857142,12.295104,14.040429,13.342561,red
F051-078,F051,validation,Batch 8,6,no,floor,yes,unsure,97,2025-03-04,6,0,1,1,1,97,83.63857142857141,88.69,26.22785714285714,13.752677,15.727714,14.847638,red
F051-079,F051,validation,Batch 9,12,no,floor,no,dry,11,2025-02-13,12,0,1,0,0,11,72.81714285714285,78.51,28.025000000000002,11.327057,13.563429,11.522942,green
F051-080,F051,validation,Batch 10,12,no,floor,no,dry,74,2024-10-30,12,0,1,0,0,74,67.82428571428571,76.4,27.097857142857144,9.839832,12.564857,11.094051,green
F052-001,F052,train,Batch 1,3,no,raised,no,damp,136,2025-04-17,3,0,0,0,2,136,78.31714285714284,83.94,25.267857142857142,14.346706,13.663429,13.883415,red
F052-002,F052,train,Batch 2,10,no,raised,yes,damp,40,2025-07-21,10,0,0,1,2,40,79.12071428571427,83.94,25.159285714285716,11.873506,13.824143,12.42645,amber
F052-003,F052,train,Batch 3,10,no,floor,no,damp,97,2024-12-27,10,0,1,0,2,97,74.41857142857143,81.64,28.122857142857146,11.558,13.883714,12.847376,amber
F052-004,F052,train,Batch 4,12,no,raised,yes,damp,98,2025-01-05,12,0,0,1,2,98,74.16142857142857,79.69,28.390000000000008,11.538945,12.832286,12.260756,amber
F052-005,F052,train,Batch 5,13,no,floor,no,unsure,54,2025-01-19,13,0,1,0,1,54,73.81714285714285,78.24,28.365000000000002,11.571846,13.763429,12.366014,amber
F052-006,F052,train,Batch 6,4,no,floor,no,damp,95,2025-01-30,4,0,1,0,2,95,79.06857142857145,85.86,27.321428571428573,15.119415,14.813714,14.952224,red
F052-007,F052,train,Batch 7,10,no,raised,no,unsure,56,2024-12-24,10,0,0,0,1,56,70.67642857142856,77.15,28.27285714285714,12.391064,12.135286,12.295681,amber
F052-008,F052,train,Batch 8,14,yes,raised,yes,unsure,173,2024-09-19,14,1,0,1,1,173,70.31785714285715,77.97,28.57928571428572,13.776094,12.063571,12.46864,amber
F052-009,F052,train,Batch 9,0,yes,raised,yes,damp,170,2025-02-27,0,1,0,1,2,170,82.93428571428572,87.52,24.935000000000002,17.89122,14.586857,15.388235,red
F052-010,F052,train,Batch 10,6,no,raised,no,damp,49,2024-12-16,6,0,0,0,2,49,72.24571428571429,80.0,27.539285714285715,13.704738,12.449143,13.283809,red
F052-011,F052,train,Batch 1,10,no,floor,no,dry,14,2025-05-15,10,0,1,0,0,14,83.82428571428571,89.67,26.346428571428568,9.422857,15.764857,10.121227,green
F052-012,F052,train,Batch 2,16,no,raised,no,damp,69,2025-02-22,16,0,0,0,2,69,77.74571428571429,85.86,27.639285714285712,11.400375,13.549143,12.340021,amber
F052-013,F052,train,Batch 3,17,no,floor,yes,damp,133,2025-03-03,17,0,1,1,2,133,85.99071428571429,90.36,24.598571428571432,10.948225,16.198143,14.465099,red
F052-014,F052,train,Batch 4,12,no,raised,no,damp,106,2024-12-21,12,0,0,0,2,106,75.43071428571427,81.64,28.13,11.921931,13.086143,12.604855,amber
F052-015,F052,train,Batch 5,11,yes,raised,yes,damp,65,2025-06-25,11,1,0,1,2,65,79.625,83.94,25.06714285714285,11.842834,13.925,12.713642,amber
F052-016,F052,train,Batch 6,7,no,raised,no,dry,42,2024-12-11,7,0,0,0,0,42,59.89357142857143,71.7,26.52571428571428,12.812973,9.978714,11.975983,green
F052-017,F052,train,Batch 7,8,no,raised,no,damp,81,2025-01-03,8,0,0,0,2,81,73.55357142857144,78.24,28.14071428571429,12.225362,12.710714,12.463594,amber
F052-018,F052,train,Batch 8,7,no,raised,no,unsure,81,2025-04-01,7,0,0,0,1,81,86.61928571428571,90.66,25.617142857142852,13.045079,15.323857,14.163603,red
F052-019,F052,train,Batch 9,5,no,floor,yes,dry,94,2025-02-06,5,0,1,1,0,94,78.65214285714286,84.02,27.396428571428576,13.011665,14.730429,13.945159,red
F052-020,F052,train,Batch 10,3,no,floor,no,damp,51,2025-01-10,3,0,1,0,2,51,69.65928571428572,78.51,28.177142857142854,13.928579,12.931857,13.583484,red
F052-021,F052,train,Batch 1,10,no,floor,no,dry,61,2024-12-12,10,0,1,0,0,61,70.35142857142857,78.23,27.863571428571426,10.152833,13.070286,11.315446,green
F052-022,F052,train,Batch 2,10,yes,floor,yes,damp,126,2024-12-07,10,1,1,1,2,126,74.28428571428572,79.69,28.390000000000004,13.676539,13.856857,13.793757,red
F052-023,F052,train,Batch 3,3,yes,floor,yes,damp,80,2024-11-06,3,1,1,1,2,80,62.06642857142857,80.0,26.784999999999997,16.269687,11.413286,13.906646,red
F052-024,F052,train,Batch 4,7,no,raised,yes,damp,40,2025-02-28,7,0,0,1,2,40,74.51214285714285,79.69,28.40285714285714,13.991679,12.902429,13.68291,red
F052-025,F052,train,Batch 5,18,no,floor,no,unsure,10,2025-12-08,18,0,1,0,1,10,80.50214285714286,85.68,26.052142857142858,10.31575,15.100429,10.698312,green
F052-026,F052,train,Batch 6,6,no,raised,yes,damp,62,2025-02-16,6,0,0,1,2,62,74.75500000000001,79.17,28.256428571428575,13.4672,12.951,13.258916,red
F052-027,F052,train,Batch 7,9,no,raised,no,damp,33,2025-05-06,9,0,0,0,2,33,83.52428571428571,88.69,26.235714285714284,11.313415,14.704857,12.128812,amber
F052-028,F052,train,Batch 8,1,no,raised,yes,damp,164,2025-01-27,1,0,0,1,2,164,86.46428571428571,90.36,24.877857142857145,15.168442,15.292857,15.261137,red
F052-029,F052,train,Batch 9,6,no,raised,no,damp,33,2025-04-06,6,0,0,0,2,33,80.06714285714285,85.86,27.197142857142858,13.992937,14.013429,13.997863,red
F052-030,F052,train,Batch 10,18,no,floor,yes,unsure,171,2025-03-03,18,0,1,1,1,171,82.48,87.52,24.687857142857144,11.202532,15.496,14.463385,red
F052-031,F052,train,Batch 1,8,yes,floor,yes,unsure,13,2025-06-15,8,1,1,1,1,13,87.01642857142856,90.66,25.314285714285717,15.079493,16.403286,15.215409,red
F052-032,F052,train,Batch 2,9,no,floor,no,unsure,99,2025-03-14,9,0,1,0,1,99,86.61928571428571,90.66,25.617142857142852,11.744468,16.323857,14.317009,red
F052-033,F052,train,Batch 3,11,no,raised,no,dry,54,2025-01-18,11,0,0,0,0,54,72.97285714285715,78.24,28.48857142857143,11.537061,12.594571,11.920273,green
F052-034,F052,train,Batch 4,14,no,floor,no,dry,5,2025-04-10,14,0,1,0,0,5,73.90571428571427,77.92,28.40928571428572,11.476964,13.781143,11.570999,green
F052-035,F052,train,Batch 5,16,no,floor,no,unsure,155,2024-08-19,16,0,1,0,1,155,60.18857142857142,71.7,26.484999999999996,11.866368,11.037714,11.265438,green
F052-036,F052,train,Batch 6,3,no,floor,yes,unsure,156,2024-09-02,3,0,1,1,1,156,70.09071428571428,80.0,27.528571428571432,14.578964,13.018143,13.443516,red
F052-037,F052,train,Batch 7,24,no,floor,no,dry,80,2024-10-30,24,0,1,0,0,80,61.981428571428566,71.7,26.548571428571428,10.553003,11.396286,10.96333,green
F052-038,F052,train,Batch 8,4,no,raised,no,unsure,171,2024-11-18,4,0,0,0,1,171,79.41857142857144,85.86,27.283571428571427,15.336536,13.883714,14.23313,red
F052-039,F052,train,Batch 9,11,no,raised,no,unsure,4,2025-04-22,11,0,0,0,1,4,76.11357142857142,85.7,28.143571428571427,10.029882,13.222714,10.134555,green
F052-040,F052,train,Batch 10,7,no,raised,no,damp,41,2025-05-12,7,0,0,0,2,41,86.71142857142857,90.66,25.57785714285714,12.950721,15.342286,13.642876,red
F052-041,F052,train,Batch 1,16,no,floor,yes,damp,109,2025-03-26,16,0,1,1,2,109,86.26642857142859,90.36,24.694285714285716,11.690012,16.253286,14.413394,red
F052-042,F052,train,Batch 2,14,no,raised,yes,damp,86,2025-09-22,14,0,0,1,2,86,81.22214285714287,88.91,25.97857142857143,9.694329,14.244429,12.022262,amber
F052-043,F052,train,Batch 3,15,no,floor,no,damp,52,2024-11-24,15,0,1,0,2,52,64.50571428571428,75.06,26.87357142857143,12.204787,11.901143,12.098009,amber
F052-044,F052,train,Batch 4,11,yes,floor,no,damp,139,2024-08-27,11,1,1,0,2,139,66.08428571428571,75.51,26.992142857142856,13.261037,12.216857,12.544739,amber
F052-045,F052,train,Batch 5,0,no,raised,yes,damp,15,2025-03-19,0,0,0,1,2,15,74.41857142857143,81.64,28.122857142857146,16.516352,12.883714,16.089506,red
F052-046,F052,train,Batch 6,18,no,raised,no,dry,68,2025-04-05,18,0,0,0,0,68,84.30071428571429,88.69,26.17071428571428,10.710656,14.860143,12.505667,amber
F052-047,F052,train,Batch 7,10,no,raised,no,dry,67,2025-01-21,10,0,0,0,0,67,73.40714285714284,81.64,28.105000000000008,10.4458,12.681429,11.402287,green
F052-048,F052,train,Batch 8,11,no,raised,no,unsure,44,2025-02-02,11,0,0,0,1,44,74.94785714285715,78.24,28.134285714285717,11.435734,12.989571,11.912699,green
F052-049,F052,train,Batch 9,9,no,raised,no,damp,113,2025-04-19,9,0,0,0,2,113,81.61642857142859,87.52,25.32571428571428,12.35025,14.323286,13.553847,red
F052-050,F052,train,Batch 10,18,yes,raised,no,unsure,157,2024-07-28,18,1,0,0,1,157,76.62857142857142,81.58,26.99285714285714,12.307081,13.325714,13.050408,red
F052-051,F052,train,Batch 1,7,no,raised,yes,damp,9,2025-03-22,7,0,0,1,2,9,73.74642857142858,81.64,28.010714285714283,13.201139,12.749286,13.16849,red
F052-052,F052,train,Batch 2,13,no,raised,no,dry,7,2025-07-24,13,0,0,0,0,7,81.15499999999999,85.66,25.083571428571425,9.202295,14.231,9.487245,green
F052-053,F052,train,Batch 3,7,no,raised,yes,damp,17,2025-05-30,7,0,0,1,2,17,85.54642857142858,88.69,25.76142857142857,12.679382,15.109286,13.000347,red
F052-054,F052,train,Batch 4,15,no,raised,no,unsure,67,2025-02-07,15,0,0,0,1,67,73.90571428571427,77.92,28.40928571428572,11.394288,12.781143,11.987637,green
F052-055,F052,train,Batch 5,13,yes,raised,yes,dry,171,2024-11-08,13,1,0,1,0,171,76.85357142857143,85.86,27.990000000000002,13.310036,13.370714,13.356121,red
F052-056,F052,train,Batch 6,13,yes,raised,no,unsure,117,2025-03-13,13,1,0,0,1,117,86.55785714285715,90.2,25.02071428571429,12.147316,15.311571,14.118038,red
F052-057,F052,train,Batch 7,9,no,floor,no,damp,116,2024-11-09,9,0,1,0,2,116,70.12214285714286,78.51,28.145714285714288,11.053108,13.024429,12.274639,amber
F052-058,F052,train,Batch 8,14,yes,floor,yes,dry,108,2025-04-16,14,1,1,1,0,108,81.0392857142857,85.66,25.20285714285714,11.194186,15.207857,13.57602,red
F052-059,F052,train,Batch 9,4,no,raised,yes,damp,89,2024-10-11,4,0,0,1,2,89,72.85499999999999,81.58,27.45285714285714,14.309265,12.571,13.39897,red
F052-060,F052,train,Batch 10,16,yes,raised,yes,unsure,142,2025-01-15,16,1,0,1,1,142,83.2942857142857,89.67,26.285,11.127359,14.658857,13.577314,red
F052-061,F052,train,Batch 1,11,yes,raised,yes,damp,3,2025-02-27,11,1,0,1,2,3,69.65928571428572,78.51,28.177142857142854,13.325272,11.931857,13.290869,red
F052-062,F052,train,Batch 2,9,no,raised,yes,dry,116,2025-04-21,9,0,0,1,0,116,82.63,87.52,25.035,11.312856,14.526,13.303885,red
F052-063,F052,train,Batch 3,0,no,floor,no,damp,88,2025-01-21,0,0,1,0,2,88,74.75500000000001,79.17,28.256428571428575,16.648637,13.951,15.24669,red
F052-064,F052,train,Batch 4,3,no,raised,yes,damp,106,2025-01-10,3,0,0,1,2,106,76.11357142857142,85.7,28.143571428571427,13.833341,13.222714,13.475149,red
F052-065,F052,train,Batch 5,16,no,floor,yes,dry,25,2025-05-27,16,0,1,1,0,25,86.61928571428571,90.66,25.617142857142852,11.97115,16.323857,12.789736,amber
F052-066,F052,train,Batch 6,8,no,floor,no,damp,63,2025-05-28,8,0,1,0,2,63,81.2042857142857,85.66,25.041428571428575,12.603362,15.240857,13.680633,red
F052-067,F052,train,Batch 7,13,no,raised,no,dry,106,2024-10-12,13,0,0,0,0,106,63.680714285714295,80.0,26.958571428571425,11.003084,10.736143,10.846497,green
F052-068,F052,train,Batch 8,11,yes,raised,no,dry,163,2024-08-28,11,1,0,0,0,163,69.6592857142857,78.23,27.688571428571425,11.26883,11.931857,11.7614,green
F052-069,F052,train,Batch 9,8,no,raised,yes,damp,169,2025-02-14,8,0,0,1,2,169,81.0392857142857,85.66,25.20285714285714,11.718914,14.207857,13.599185,red
F052-070,F052,train,Batch 10,13,no,raised,yes,damp,166,2024-10-23,13,0,0,1,2,166,75.32785714285714,81.64,28.215714285714284,10.905641,13.065571,12.523988,amber
F052-071,F052,train,Batch 1,14,yes,raised,yes,unsure,58,2025-04-26,14,1,0,1,1,58,86.86357142857142,90.66,25.509999999999998,11.561563,15.372714,13.022285,red
F052-072,F052,train,Batch 2,9,no,raised,yes,damp,115,2025-04-09,9,0,0,1,2,115,81.0392857142857,85.66,25.20285714285714,10.817805,14.207857,12.907665,amber
F052-073,F052,train,Batch 3,15,no,raised,yes,damp,153,2024-12-11,15,0,0,1,2,153,79.53785714285716,87.53,27.275000000000002,11.603673,13.907571,13.263791,red
F052-074,F052,train,Batch 4,7,no,raised,yes,damp,128,2025-07-27,7,0,0,1,2,128,79.80071428571429,82.18,26.620714285714286,13.771515,13.960143,13.895226,red
F052-075,F052,train,Batch 5,5,no,raised,no,damp,51,2025-07-07,5,0,0,0,2,51,80.61571428571428,83.94,24.84142857142857,13.809243,14.123143,13.917924,red
F052-076,F052,train,Batch 6,6,no,raised,yes,dry,86,2025-04-06,6,0,0,1,0,86,86.74642857142855,90.66,25.40357142857143,12.775084,15.349286,14.092104,red
F052-077,F052,train,Batch 7,12,no,raised,no,dry,106,2024-10-30,12,0,0,0,0,106,70.70714285714284,78.23,27.902857142857147,11.557211,12.141429,11.899911,green
F052-078,F052,train,Batch 8,7,no,floor,yes,unsure,66,2024-12-19,7,0,1,1,1,66,73.31285714285715,78.51,28.01857142857143,13.954899,13.662571,13.83123,red
F052-079,F052,train,Batch 9,2,no,raised,no,damp,169,2024-10-29,2,0,0,0,2,169,74.27428571428572,78.56,28.309285714285718,15.442429,12.854857,13.487649,red
F052-080,F052,train,Batch 10,16,no,raised,yes,unsure,89,2024-10-12,16,0,0,1,1,89,72.47714285714285,81.58,27.456428571428567,12.184495,12.495429,12.347325,amber
F053-001,F053,train,Batch 1,4,yes,raised,no,dry,88,2024-10-25,4,1,0,0,0,88,60.18857142857142,71.7,26.484999999999996,15.373199,10.037714,12.600376,amber
F053-002,F053,train,Batch 2,8,no,floor,no,dry,115,2025-09-03,8,0,1,0,0,115,77.29785714285713,84.53,26.512142857142855,14.529012,14.459571,14.486204,red
F053-003,F053,train,Batch 3,14,yes,floor,no,dry,27,2024-12-21,14,1,1,0,0,27,63.43285714285713,71.7,26.69785714285715,12.973366,11.686571,12.714098,amber
F053-004,F053,train,Batch 4,14,no,raised,no,dry,16,2025-05-07,14,0,0,0,0,16,82.25357142857145,88.87,26.704999999999995,11.524784,14.450714,11.890019,green
F053-005,F053,train,Batch 5,9,no,raised,yes,dry,131,2025-01-06,9,0,0,1,0,131,80.43428571428569,87.53,27.237142857142857,11.415345,14.086857,13.190146,red
F053-006,F053,train,Batch 6,11,no,floor,no,dry,13,2025-05-23,11,0,1,0,0,13,83.76857142857143,89.67,26.266428571428573,10.846794,15.753714,11.350595,green
F053-007,F053,train,Batch 7,15,no,raised,no,unsure,38,2025-03-30,15,0,0,0,1,38,78.90142857142858,85.86,27.353571428571428,10.8669,13.780286,11.65767,green
F053-008,F053,train,Batch 8,7,no,raised,yes,unsure,19,2025-11-18,7,0,0,1,1,19,81.2092857142857,88.91,26.431428571428572,12.134647,14.241857,12.443216,amber
F053-009,F053,train,Batch 9,3,no,floor,no,damp,46,2024-12-02,3,0,1,0,2,46,63.43285714285713,71.7,26.69785714285715,14.313034,11.686571,13.47673,red
F053-010,F053,train,Batch 10,5,no,raised,yes,damp,51,2025-07-07,5,0,0,1,2,51,80.61571428571428,83.94,24.84142857142857,14.598833,14.123143,14.434135,red
F053-011,F053,train,Batch 1,12,no,raised,no,dry,36,2025-11-21,12,0,0,0,0,36,77.29785714285713,84.53,26.512142857142855,10.99571,13.459571,11.634298,green
F053-012,F053,train,Batch 2,0,no,floor,yes,damp,39,2024-12-27,0,0,1,1,2,39,71.35857142857142,80.0,27.529999999999998,17.011484,13.271714,15.9738,red
F053-013,F053,train,Batch 3,16,no,raised,no,unsure,142,2025-08-02,16,0,0,0,1,142,79.21000000000001,84.53,26.11428571428571,11.148567,13.842,13.017119,red
F053-014,F053,train,Batch 4,11,yes,raised,yes,damp,112,2025-04-13,11,1,0,1,2,112,80.76571428571428,85.66,25.272142857142853,12.676003,14.153143,13.572271,red
F053-015,F053,train,Batch 5,11,no,raised,yes,damp,51,2025-11-07,11,0,0,1,2,51,76.70642857142857,81.94,26.624285714285715,12.608026,13.341286,12.861903,amber
F053-016,F053,train,Batch 6,0,no,floor,no,damp,43,2025-05-16,0,0,1,0,2,43,87.01642857142856,90.66,25.314285714285717,17.465758,16.403286,17.145784,red
F053-017,F053,train,Batch 7,8,no,raised,yes,unsure,171,2025-07-04,8,0,0,1,1,171,79.21000000000001,84.53,26.11428571428571,11.366427,13.842,13.246604,red
F053-018,F053,train,Batch 8,9,no,raised,yes,unsure,168,2025-01-03,9,0,0,1,1,168,86.56071428571428,90.66,25.628571428571426,11.738007,15.312143,14.430772,red
F053-019,F053,train,Batch 9,17,no,raised,no,damp,131,2025-04-16,17,0,0,0,2,131,80.9592857142857,84.22,24.856428571428577,9.931913,14.191857,12.761979,amber
F053-020,F053,train,Batch 10,12,yes,floor,yes,damp,80,2025-04-26,12,1,1,1,2,80,85.73071428571428,90.36,24.577857142857145,12.677982,16.146143,14.36553,red
F053-021,F053,train,Batch 1,13,no,floor,yes,damp,135,2025-02-11,13,0,1,1,2,135,87.19285714285716,90.66,25.372142857142855,12.158103,16.438571,15.048907,red
F053-022,F053,train,Batch 2,12,no,raised,no,damp,91,2025-03-10,12,0,0,0,2,91,83.63857142857141,88.69,26.22785714285714,11.620838,14.727714,13.272309,red
F053-023,F053,train,Batch 3,12,no,raised,no,damp,133,2024-10-30,12,0,0,0,2,133,72.135,77.97,28.569285714285716,11.161913,12.427,12.009384,amber
F053-024,F053,train,Batch 4,8,no,raised,yes,damp,52,2025-10-31,8,0,0,1,2,52,79.21000000000001,84.53,26.11428571428571,13.324186,13.842,13.506279,red
F053-025,F053,train,Batch 5,3,no,floor,no,damp,146,2024-09-06,3,0,1,0,2,146,66.90071428571429,80.0,27.23142857142857,15.509382,12.380143,13.307073,red
F053-026,F053,train,Batch 6,16,no,floor,no,damp,177,2025-06-17,16,0,1,0,2,177,82.97428571428573,88.91,26.115000000000002,10.33818,15.594857,14.392241,red
F053-027,F053,train,Batch 7,9,no,floor,yes,damp,76,2025-05-24,9,0,1,1,2,76,81.1557142857143,87.52,25.33142857142857,12.055989,15.231143,13.545709,red
F053-028,F053,train,Batch 8,6,no,raised,no,dry,74,2024-11-08,6,0,0,0,0,74,60.18857142857142,71.7,26.484999999999996,13.670925,10.037714,11.998706,green
F053-029,F053,train,Batch 9,10,no,raised,no,unsure,44,2025-11-01,10,0,0,0,1,44,83.47500000000001,88.91,25.950714285714287,10.699264,14.695,11.925793,green
F053-030,F053,train,Batch 10,11,no,raised,no,unsure,6,2025-06-02,11,0,0,0,1,6,83.52428571428571,88.69,26.235714285714284,10.697816,14.704857,10.893242,green
F053-031,F053,train,Batch 1,9,no,raised,no,dry,43,2025-03-06,9,0,0,0,0,43,74.38499999999999,78.56,28.30785714285715,10.183824,12.877,10.994901,green
F053-032,F053,train,Batch 2,2,no,floor,yes,dry,158,2024-12-22,2,0,1,1,0,158,83.82428571428571,89.67,26.346428571428568,15.638278,15.764857,15.730931,red
F053-033,F053,train,Batch 3,12,no,floor,no,damp,91,2025-01-17,12,0,1,0,2,91,74.38499999999999,78.56,28.30785714285715,10.120845,13.877,12.117442,amber
F053-034,F053,train,Batch 4,9,no,raised,no,dry,30,2025-01-27,9,0,0,0,0,30,70.72571428571429,78.51,27.957142857142856,11.846759,12.145143,11.912762,green
F053-035,F053,train,Batch 5,18,yes,raised,yes,damp,59,2024-12-23,18,1,0,1,2,59,72.97857142857141,77.15,28.245,13.400731,12.595714,13.088068,red
F053-036,F053,train,Batch 6,17,no,raised,yes,damp,136,2025-04-14,17,0,0,1,2,136,80.03499999999998,83.94,24.977142857142855,12.954738,14.007,13.668216,red
F053-037,F053,train,Batch 7,19,yes,raised,yes,damp,87,2025-01-30,19,1,0,1,2,87,76.81714285714284,85.86,28.01357142857143,12.208271,13.363429,12.803957,amber
F053-038,F053,train,Batch 8,9,no,raised,yes,dry,48,2025-10-28,9,0,0,1,0,48,83.47500000000001,88.91,25.950714285714287,10.577749,14.695,11.935124,green
F053-039,F053,train,Batch 9,9,yes,raised,no,unsure,121,2024-12-31,9,1,0,0,1,121,77.765,85.86,27.712142857142855,12.923471,13.553,13.323331,red
F053-040,F053,train,Batch 10,18,yes,raised,yes,damp,113,2025-03-03,18,1,0,1,2,113,86.75428571428571,90.66,25.47714285714286,11.675724,15.350857,13.917638,red
F053-041,F053,train,Batch 1,11,no,floor,no,dry,66,2025-02-11,11,0,1,0,0,66,74.38499999999999,78.56,28.30785714285715,9.295693,13.877,11.233816,green
F053-042,F053,train,Batch 2,12,no,raised,yes,unsure,144,2025-02-01,12,0,0,1,1,144,86.83357142857143,90.66,25.43857142857143,11.021673,15.366714,14.058013,red
F053-043,F053,train,Batch 3,16,no,raised,yes,damp,72,2025-09-23,16,0,0,1,2,72,81.07714285714287,88.91,26.435714285714283,11.458731,14.215429,12.702521,amber
F053-044,F053,train,Batch 4,10,no,floor,no,damp,20,2025-05-18,10,0,1,0,2,20,83.22428571428573,88.69,26.26285714285714,10.190628,15.644857,11.027952,green
F053-045,F053,train,Batch 5,12,no,raised,no,unsure,123,2024-12-11,12,0,0,0,1,123,74.16142857142857,79.69,28.390000000000008,11.577983,12.832286,12.382246,amber
F053-046,F053,train,Batch 6,10,yes,raised,yes,damp,177,2025-01-11,10,1,0,1,2,177,86.22142857142856,90.2,25.115000000000006,12.395781,15.244286,14.592608,red
F053-047,F053,train,Batch 7,10,no,raised,no,dry,161,2025-01-07,10,0,0,0,0,161,85.82714285714287,88.69,25.703571428571426,12.363019,15.165429,14.432852,red
F053-048,F053,train,Batch 8,10,no,raised,no,dry,77,2024-11-03,10,0,0,0,0,77,60.872857142857136,71.7,26.470714285714283,11.890912,10.174571,11.078078,green
F053-049,F053,train,Batch 9,13,no,raised,no,damp,144,2024-11-04,13,0,0,0,2,144,73.63142857142857,81.64,28.07000000000001,12.085005,12.726286,12.533136,amber
F053-050,F053,train,Batch 10,7,yes,floor,yes,damp,34,2025-11-19,7,1,1,1,2,34,78.93857142857144,84.53,26.16785714285714,13.845707,14.787714,14.07813,red
F053-051,F053,train,Batch 1,18,no,raised,no,unsure,144,2025-08-06,18,0,0,0,1,144,76.70642857142857,81.94,26.624285714285715,11.726169,13.341286,12.854822,amber
F053-052,F053,train,Batch 2,10,no,raised,no,dry,34,2025-01-27,10,0,0,0,0,34,69.65928571428572,78.51,28.177142857142854,11.187238,11.931857,11.370959,green
F053-053,F053,train,Batch 3,4,no,raised,yes,damp,19,2025-06-05,4,0,0,1,2,19,86.75428571428571,90.66,25.47714285714286,14.581074,15.350857,14.693797,red
F053-054,F053,train,Batch 4,1,no,raised,no,damp,30,2025-03-14,1,0,0,0,2,30,74.16142857142857,79.69,28.390000000000008,16.203304,12.832286,15.457638,red
F053-055,F053,train,Batch 5,8,no,floor,no,damp,165,2024-08-26,8,0,1,0,2,165,69.6592857142857,78.23,27.688571428571425,12.436047,12.931857,12.806497,amber
F053-056,F053,train,Batch 6,5,no,raised,yes,damp,9,2025-04-08,5,0,0,1,2,9,74.14642857142856,78.56,28.33714285714286,13.17605,12.829286,13.150994,red
F053-057,F053,train,Batch 7,6,no,raised,yes,damp,2,2025-01-17,6,0,0,1,2,2,60.872857142857136,71.7,26.470714285714283,15.101105,10.174571,15.019677,red
F053-058,F053,train,Batch 8,8,yes,raised,yes,damp,172,2025-01-28,8,1,0,1,2,172,84.09,90.36,24.682857142857138,14.126046,14.818,14.65296,red
F053-059,F053,train,Batch 9,12,no,floor,no,damp,133,2025-07-29,12,0,1,0,2,133,82.38214285714285,88.91,26.270000000000003,11.446177,15.476429,14.146007,red
F053-060,F053,train,Batch 10,13,no,raised,yes,damp,119,2025-03-25,13,0,0,1,2,119,83.33714285714287,90.36,24.73,12.002829,14.667429,13.678974,red
F053-061,F053,train,Batch 1,9,no,raised,yes,damp,152,2024-12-28,9,0,0,1,2,152,83.82428571428571,89.67,26.346428571428568,10.925927,14.764857,13.683165,red
F053-062,F053,train,Batch 2,10,no,raised,no,dry,74,2025-02-18,10,0,0,0,0,74,77.85642857142857,85.86,27.577142857142857,12.067767,13.571286,12.759776,amber
F053-063,F053,train,Batch 3,11,no,raised,yes,damp,153,2024-11-23,11,0,0,1,2,153,75.45071428571428,82.23,28.19785714285714,12.039066,13.090143,12.796439,amber
F053-064,F053,train,Batch 4,14,no,raised,yes,dry,178,2025-06-28,14,0,0,1,0,178,78.93857142857144,84.53,26.16785714285714,11.653865,13.787714,13.303586,red
F053-065,F053,train,Batch 5,8,yes,floor,no,damp,106,2024-09-22,8,1,1,0,2,106,73.575,81.58,27.358571428571427,13.926346,13.715,13.802371,red
F053-066,F053,train,Batch 6,7,no,floor,yes,unsure,25,2025-04-25,7,0,1,1,1,25,81.05857142857143,87.53,26.972142857142853,14.399583,15.211714,14.552315,red
F053-067,F053,train,Batch 7,6,no,floor,no,damp,63,2024-11-13,6,0,1,0,2,63,64.50571428571428,75.06,26.87357142857143,14.7204,11.901143,13.568889,red
F053-068,F053,train,Batch 8,12,no,floor,no,unsure,135,2024-10-09,12,0,1,0,1,135,72.98214285714285,77.15,28.216428571428573,11.657736,13.596429,12.967027,amber
F053-069,F053,train,Batch 9,12,yes,raised,yes,unsure,76,2025-05-02,12,1,0,1,1,76,85.29857142857144,90.36,24.544999999999995,13.430445,15.059714,14.194866,red
F053-070,F053,train,Batch 10,9,no,raised,no,damp,63,2025-01-07,9,0,0,0,2,63,70.31785714285715,77.97,28.57928571428572,12.252897,12.063571,12.175568,amber
F053-071,F053,train,Batch 1,5,no,raised,yes,damp,76,2025-09-23,5,0,0,1,2,76,81.80071428571429,88.91,26.36357142857143,15.022294,14.360143,14.711625,red
F053-072,F053,train,Batch 2,5,no,floor,no,damp,65,2025-05-04,5,0,1,0,2,65,86.55785714285715,90.2,25.02071428571429,13.220886,16.311571,14.513479,red
F053-073,F053,train,Batch 3,17,no,raised,no,damp,49,2025-07-04,17,0,0,0,2,49,81.94500000000001,84.22,24.768571428571427,11.362019,14.389,12.376793,amber
F053-074,F053,train,Batch 4,6,yes,raised,no,damp,167,2024-12-16,6,1,0,0,2,167,83.39714285714287,89.67,26.442857142857147,14.941536,14.679429,14.744604,red
F053-075,F053,train,Batch 5,8,no,raised,no,dry,4,2025-08-02,8,0,0,0,0,4,80.42999999999999,85.31,25.357142857142858,13.571487,14.086,13.588355,red
F053-076,F053,train,Batch 6,12,no,raised,no,damp,94,2025-09-20,12,0,0,0,2,94,78.93857142857144,84.53,26.16785714285714,10.914081,13.787714,12.474807,amber
F053-077,F053,train,Batch 7,7,yes,floor,yes,unsure,151,2024-10-19,7,1,1,1,1,151,74.49142857142859,78.24,28.226428571428578,13.55035,13.898286,13.799428,red
F053-078,F053,train,Batch 8,8,no,raised,yes,damp,124,2025-02-04,8,0,0,1,2,124,83.52428571428571,88.69,26.235714285714284,12.139759,14.704857,13.792147,red
F053-079,F053,train,Batch 9,13,no,raised,yes,damp,160,2025-01-29,13,0,0,1,2,160,86.55785714285715,90.2,25.02071428571429,11.45415,15.311571,14.294766,red
F053-080,F053,train,Batch 10,9,yes,raised,yes,damp,166,2025-01-05,9,1,0,1,2,166,86.56071428571428,90.66,25.628571428571426,14.229026,15.312143,15.040561,red
F054-001,F054,validation,Batch 1,16,no,raised,no,dry,180,2024-07-28,16,0,0,0,0,180,60.544285714285714,80.0,26.613571428571426,11.08265,10.108857,10.32614,green
F054-002,F054,validation,Batch 2,21,no,raised,no,damp,105,2024-09-18,21,0,0,0,2,105,76.62857142857142,81.58,26.99285714285714,12.044591,13.325714,12.791663,amber
F054-003,F054,validation,Batch 3,5,no,raised,no,dry,26,2025-02-15,5,0,0,0,0,26,72.97285714285715,78.24,28.48857142857143,11.605233,12.594571,11.797958,green
F054-004,F054,validation,Batch 4,3,no,floor,yes,unsure,50,2025-04-05,3,0,1,1,1,50,83.64999999999999,89.67,26.43571428571428,15.194313,15.73,15.376854,red
F054-005,F054,validation,Batch 5,13,no,raised,yes,unsure,110,2025-03-07,13,0,0,1,1,110,86.83357142857143,90.66,25.43857142857143,12.602762,15.366714,14.261549,red
F054-006,F054,validation,Batch 6,5,yes,raised,yes,damp,73,2025-09-23,5,1,0,1,2,73,81.12357142857142,88.91,26.405714285714286,17.014692,14.224714,15.74318,red
F054-007,F054,validation,Batch 7,16,no,raised,no,unsure,159,2024-11-12,16,0,0,0,1,159,74.66,79.17,28.26928571428571,10.055491,12.932,12.167415,amber
F054-008,F054,validation,Batch 8,11,no,raised,yes,damp,126,2024-10-18,11,0,0,1,2,126,72.98214285714285,77.15,28.216428571428573,11.741622,12.596429,12.2973,amber
F054-009,F054,validation,Batch 9,11,yes,raised,yes,dry,121,2024-12-03,11,1,0,1,0,121,74.41857142857143,81.64,28.122857142857146,13.483221,12.883714,13.10243,red
F054-010,F054,validation,Batch 10,11,no,raised,no,damp,99,2025-04-28,11,0,0,0,2,99,80.63071428571428,85.31,25.315,11.690147,14.126143,13.058604,red
F054-011,F054,validation,Batch 1,11,no,floor,no,unsure,63,2024-12-22,11,0,1,0,1,63,73.31285714285715,78.51,28.01857142857143,12.350013,13.662571,12.88612,amber
F054-012,F054,validation,Batch 2,4,yes,floor,yes,unsure,82,2024-10-21,4,1,1,1,1,82,69.75357142857142,77.39,27.245714285714286,16.622152,12.950714,14.804537,red
F054-013,F054,validation,Batch 3,14,no,raised,no,damp,175,2024-11-26,14,0,0,0,2,175,81.05857142857143,87.53,26.972142857142853,11.371733,14.211714,13.551067,red
F054-014,F054,validation,Batch 4,8,no,floor,no,unsure,148,2024-09-12,8,0,1,0,1,148,69.6592857142857,78.23,27.688571428571425,12.141285,12.931857,12.701548,amber
F054-015,F054,validation,Batch 5,5,no,floor,yes,dry,6,2025-04-09,5,0,1,1,0,6,73.90571428571427,77.92,28.40928571428572,14.393064,13.781143,14.363221,red
F054-016,F054,validation,Batch 6,15,no,raised,no,unsure,73,2025-03-07,15,0,0,0,1,73,80.79214285714284,87.53,27.043571428571425,10.302081,14.158429,12.059584,amber
F054-017,F054,validation,Batch 7,11,no,floor,no,damp,117,2024-11-16,11,0,1,0,2,117,72.97285714285715,78.24,28.48857142857143,11.510128,13.594571,12.808335,amber
F054-018,F054,validation,Batch 8,9,no,floor,yes,unsure,150,2025-03-30,9,0,1,1,1,150,80.61571428571428,83.94,24.84142857142857,11.179348,15.123143,13.993227,red
F054-019,F054,validation,Batch 9,14,no,raised,no,unsure,33,2025-07-14,14,0,0,0,1,33,82.93428571428572,87.52,24.935000000000002,9.75574,14.586857,10.917276,green
F054-020,F054,validation,Batch 10,5,no,floor,no,damp,77,2024-10-30,5,0,1,0,2,77,64.50571428571428,75.06,26.87357142857143,16.189009,11.901143,14.158337,red
F054-021,F054,validation,Batch 1,9,no,raised,no,damp,17,2025-11-28,9,0,0,0,2,17,83.47500000000001,88.91,25.950714285714287,12.172508,14.695,12.505703,amber
F054-022,F054,validation,Batch 2,11,no,raised,yes,unsure,131,2025-02-05,11,0,0,1,1,131,85.54642857142858,88.69,25.76142857142857,11.810899,15.109286,14.00216,red
F054-023,F054,validation,Batch 3,14,yes,floor,no,dry,55,2025-05-25,14,1,1,0,0,55,84.09,90.36,24.682857142857138,13.701225,15.818,14.479486,red
F054-024,F054,validation,Batch 4,11,no,floor,no,damp,172,2024-07-20,11,0,1,0,2,172,72.85499999999999,81.58,27.45285714285714,10.558425,13.571,12.852463,amber
F054-025,F054,validation,Batch 5,13,no,raised,no,dry,16,2025-06-28,13,0,0,0,0,16,85.99071428571429,90.36,24.598571428571432,11.432412,15.198143,11.902476,green
F054-026,F054,validation,Batch 6,4,no,raised,no,unsure,102,2025-01-27,4,0,0,0,1,102,80.06714285714285,85.86,27.197142857142858,13.7083,14.013429,13.883012,red
F054-027,F054,validation,Batch 7,14,yes,floor,no,damp,10,2024-12-25,14,1,1,0,2,10,75.20214285714285,81.58,27.287857142857142,12.86904,14.040429,12.962699,amber
F054-028,F054,validation,Batch 8,9,no,floor,no,damp,121,2025-02-21,9,0,1,0,2,121,86.71142857142857,90.66,25.57785714285714,12.483149,16.342286,14.93437,red
F054-029,F054,validation,Batch 9,13,no,floor,no,unsure,11,2025-03-22,13,0,1,0,1,11,73.98642857142856,81.64,28.128571428571426,11.495236,13.797286,11.696874,green
F054-030,F054,validation,Batch 10,3,no,raised,no,unsure,144,2025-03-10,3,0,0,0,1,144,81.2192857142857,85.66,25.12285714285714,14.54831,14.243857,14.335557,red
F054-031,F054,validation,Batch 1,11,no,floor,no,damp,30,2025-06-10,11,0,1,0,2,30,86.46428571428571,90.36,24.877857142857145,10.485086,16.292857,11.769761,green
F054-032,F054,validation,Batch 2,8,no,raised,yes,damp,45,2025-01-07,8,0,0,1,2,45,72.98214285714285,77.15,28.216428571428573,13.373843,12.596429,13.130737,red
F054-033,F054,validation,Batch 3,3,no,floor,no,damp,157,2024-10-08,3,0,1,0,2,157,73.81714285714285,78.24,28.365000000000002,15.082885,13.763429,14.120038,red
F054-034,F054,validation,Batch 4,9,no,floor,no,dry,31,2025-11-24,9,0,1,0,0,31,77.88071428571429,84.53,26.353571428571428,11.094762,14.576143,11.887341,green
F054-035,F054,validation,Batch 5,12,no,floor,no,damp,91,2024-11-24,12,0,1,0,2,91,73.31285714285715,78.51,28.01857142857143,11.770489,13.662571,12.776232,amber
F054-036,F054,validation,Batch 6,11,no,raised,no,unsure,172,2024-09-12,11,0,0,0,1,172,69.66214285714285,78.51,28.240000000000002,10.57275,11.932429,11.608128,green
F054-037,F054,validation,Batch 7,5,no,raised,no,unsure,124,2024-11-25,5,0,0,0,1,124,73.40714285714284,81.64,28.105000000000008,14.121113,12.681429,13.193696,red
F054-038,F054,validation,Batch 8,8,no,floor,yes,unsure,103,2025-05-18,8,0,1,1,1,103,79.625,83.94,25.06714285714285,11.991461,14.925,13.681567,red
F054-039,F054,validation,Batch 9,12,no,floor,no,dry,176,2024-07-20,12,0,1,0,0,176,67.82428571428571,76.4,27.097857142857144,11.364664,12.564857,12.287981,amber
F054-040,F054,validation,Batch 10,7,no,raised,no,dry,27,2025-03-19,7,0,0,0,0,27,73.90571428571427,77.92,28.40928571428572,12.20463,12.781143,12.320788,amber
F054-041,F054,validation,Batch 1,11,no,floor,no,unsure,50,2024-11-24,11,0,1,0,1,50,66.08428571428571,75.51,26.992142857142856,10.985638,12.216857,11.405187,green
F054-042,F054,validation,Batch 2,11,no,floor,no,damp,137,2025-02-07,11,0,1,0,2,137,86.75428571428571,90.66,25.47714285714286,11.118141,16.350857,14.680122,red
F054-043,F054,validation,Batch 3,10,no,floor,no,damp,155,2024-09-26,10,0,1,0,2,155,69.475,78.51,28.14642857142857,12.143339,12.895,12.688434,amber
F054-044,F054,validation,Batch 4,8,no,floor,yes,damp,63,2025-04-27,8,0,1,1,2,63,86.98571428571428,90.66,25.385,12.641372,16.397143,14.175396,red
F054-045,F054,validation,Batch 5,13,no,raised,no,dry,30,2025-11-20,13,0,0,0,0,30,79.66357142857143,85.68,26.12285714285714,10.937797,13.932714,11.600271,green
F054-046,F054,validation,Batch 6,16,no,raised,no,damp,145,2025-03-28,16,0,0,0,2,145,82.54214285714285,87.52,24.740000000000002,9.876345,14.508429,13.12485,red
F054-047,F054,validation,Batch 7,1,no,raised,yes,unsure,43,2025-10-27,1,0,0,1,1,43,82.38214285714285,88.91,26.270000000000003,16.191986,14.476429,15.675329,red
F054-048,F054,validation,Batch 8,10,no,raised,no,unsure,144,2024-11-07,10,0,0,0,1,144,73.74642857142858,81.64,28.010714285714283,12.259356,12.749286,12.601722,amber
F054-049,F054,validation,Batch 9,5,no,raised,no,damp,113,2024-12-20,5,0,0,0,2,113,74.28428571428572,79.69,28.390000000000004,14.876685,12.856857,13.644544,red
F054-050,F054,validation,Batch 10,11,yes,floor,no,dry,55,2025-07-05,11,1,1,0,0,55,79.625,83.94,25.06714285714285,12.091887,14.925,13.133519,red
F054-051,F054,validation,Batch 1,11,no,raised,no,damp,87,2025-03-17,11,0,0,0,2,87,84.30071428571429,88.69,26.17071428571428,11.549196,14.860143,13.25657,red
F054-052,F054,validation,Batch 2,15,no,floor,no,damp,154,2024-08-28,15,0,1,0,2,154,66.50928571428572,80.0,27.219285714285714,9.994486,12.301857,11.662457,green
F054-053,F054,validation,Batch 3,4,no,raised,yes,damp,127,2024-12-05,4,0,0,1,2,127,74.09642857142858,79.69,28.462857142857143,13.543502,12.819286,13.070613,red
F054-054,F054,validation,Batch 4,15,no,raised,no,damp,46,2025-10-20,15,0,0,0,2,46,81.12357142857142,88.91,26.405714285714286,12.092913,14.224714,12.771709,amber
F054-055,F054,validation,Batch 5,3,no,raised,no,damp,126,2024-12-27,3,0,0,0,2,126,77.74571428571429,85.86,27.639285714285712,14.759984,13.549143,13.972862,red
F054-056,F054,validation,Batch 6,11,yes,floor,no,damp,20,2025-03-04,11,1,1,0,2,20,73.70214285714287,78.24,28.172857142857143,11.835877,13.740429,12.128261,amber
F054-057,F054,validation,Batch 7,14,no,raised,no,damp,64,2024-11-28,14,0,0,0,2,64,68.05357142857142,80.0,27.29357142857143,12.108651,11.610714,11.902827,green
F054-058,F054,validation,Batch 8,14,no,floor,yes,damp,22,2025-01-08,14,0,1,1,2,22,66.90071428571429,80.0,27.23142857142857,12.183845,12.380143,12.216727,amber
F054-059,F054,validation,Batch 9,11,no,raised,no,unsure,62,2025-01-31,11,0,0,0,1,62,74.41857142857143,81.64,28.122857142857146,12.172558,12.883714,12.459506,amber
F054-060,F054,validation,Batch 10,12,no,raised,no,damp,161,2024-12-06,12,0,0,0,2,161,80.00642857142854,87.53,27.298571428571428,11.88314,14.001286,13.447582,red
F054-061,F054,validation,Batch 1,4,no,floor,yes,unsure,104,2025-05-01,4,0,1,1,1,104,82.54142857142857,87.52,25.115,13.285504,15.508286,14.573939,red
F054-062,F054,validation,Batch 2,8,yes,raised,no,unsure,37,2025-04-30,8,1,0,0,1,37,83.2942857142857,89.67,26.285,15.043309,14.658857,14.941303,red
F054-063,F054,validation,Batch 3,5,yes,raised,yes,damp,116,2025-04-11,5,1,0,1,2,116,80.63071428571428,85.31,25.315,15.743642,14.126143,14.741357,red
F054-064,F054,validation,Batch 4,9,no,floor,yes,damp,52,2025-11-06,9,0,1,1,2,52,76.70642857142857,81.94,26.624285714285715,11.551442,14.341286,12.532507,amber
F054-065,F054,validation,Batch 5,12,no,raised,yes,dry,174,2024-10-04,12,0,0,1,0,174,73.88571428571429,81.64,28.015000000000004,11.083947,12.777143,12.379969,amber
F054-066,F054,validation,Batch 6,6,no,raised,yes,damp,153,2025-07-23,6,0,0,1,2,153,78.93857142857144,84.53,26.16785714285714,14.41787,13.787714,13.963799,red
F054-067,F054,validation,Batch 7,16,no,floor,yes,unsure,25,2025-05-17,16,0,1,1,1,25,84.24571428571429,88.69,26.153571428571418,11.675289,15.849143,12.460239,amber
F054-068,F054,validation,Batch 8,5,no,floor,no,damp,173,2024-08-04,5,0,1,0,2,173,60.544285714285714,80.0,26.613571428571426,12.00696,11.108857,11.321288,green
F054-069,F054,validation,Batch 9,11,no,floor,no,unsure,17,2025-02-10,11,0,1,0,1,17,70.21714285714285,78.51,28.01071428571428,10.469269,13.043429,10.809288,green
F054-070,F054,validation,Batch 10,9,no,raised,no,damp,11,2025-07-15,9,0,0,0,2,11,81.87142857142858,85.66,24.78214285714285,12.51892,14.374286,12.681433,amber
F054-071,F054,validation,Batch 1,13,no,raised,no,damp,90,2025-05-13,13,0,0,0,2,90,81.88428571428572,87.52,25.292857142857137,10.967268,14.376857,12.766281,amber
F054-072,F054,validation,Batch 2,9,yes,raised,no,damp,108,2024-11-23,9,1,0,0,2,108,70.31785714285715,77.97,28.57928571428572,13.560991,12.063571,12.672377,amber
F054-073,F054,validation,Batch 3,15,no,raised,yes,damp,108,2025-03-17,15,0,0,1,2,108,86.1857142857143,89.75,25.416428571428572,11.231664,15.237143,13.608637,red
F054-074,F054,validation,Batch 4,4,no,raised,yes,damp,37,2025-06-11,4,0,0,1,2,37,84.62285714285714,90.36,24.603571428571424,14.105583,14.924571,14.322885,red
F054-075,F054,validation,Batch 5,18,no,raised,no,damp,126,2024-11-21,18,0,0,0,2,126,73.88571428571429,81.64,28.015000000000004,12.685995,12.777143,12.745247,amber
F054-076,F054,validation,Batch 6,9,no,raised,yes,damp,44,2025-11-05,9,0,0,1,2,44,80.28499999999998,85.68,26.07571428571429,11.097304,14.057,12.00581,amber
F054-077,F054,validation,Batch 7,12,no,raised,no,unsure,80,2025-05-23,12,0,0,0,1,80,81.88428571428572,87.52,25.292857142857137,10.682287,14.376857,12.480002,amber
F054-078,F054,validation,Batch 8,8,no,floor,yes,damp,176,2024-12-29,8,0,1,1,2,176,86.86357142857142,90.66,25.509999999999998,12.108337,16.372714,15.388951,red
F054-079,F054,validation,Batch 9,8,no,raised,yes,damp,164,2025-02-16,8,0,0,1,2,164,81.2042857142857,85.66,25.041428571428575,13.594645,14.240857,14.076102,red
F054-080,F054,validation,Batch 10,23,no,floor,no,unsure,107,2025-05-09,23,0,1,0,1,107,81.38214285714285,84.22,24.82214285714286,11.722458,15.276429,13.819401,red
F055-001,F055,train,Batch 1,6,no,floor,no,damp,180,2024-07-21,6,0,1,0,2,180,63.43285714285713,71.7,26.69785714285715,13.525372,11.686571,12.096863,amber
F055-002,F055,train,Batch 2,20,no,raised,no,unsure,19,2024-12-21,20,0,0,0,1,19,72.47714285714285,81.58,27.456428571428567,10.836708,12.495429,11.079602,green
F055-003,F055,train,Batch 3,11,no,raised,no,unsure,153,2024-08-14,11,0,0,0,1,153,65.01571428571428,75.06,26.98,10.533248,11.003143,10.87184,green
F055-004,F055,train,Batch 4,12,no,raised,no,dry,15,2025-04-06,12,0,0,0,0,15,74.545,79.17,28.274285714285718,11.73892,12.909,11.876408,green
F055-005,F055,train,Batch 5,11,yes,raised,yes,damp,114,2025-03-05,11,1,0,1,2,114,87.11214285714286,90.66,25.310714285714287,14.314796,15.422429,14.994062,red
F055-006,F055,train,Batch 6,4,yes,floor,yes,damp,89,2025-05-11,4,1,1,1,2,89,81.1557142857143,87.52,25.33142857142857,15.149887,15.231143,15.192439,red
F055-007,F055,train,Batch 7,12,no,raised,no,dry,64,2025-01-03,12,0,0,0,0,64,69.55714285714286,78.51,28.282142857142855,11.031776,11.911429,11.395384,green
F055-008,F055,train,Batch 8,11,no,raised,no,dry,81,2025-05-03,11,0,0,0,0,81,82.88642857142858,85.73,24.794999999999998,9.291124,14.577286,11.885803,green
F055-009,F055,train,Batch 9,14,no,floor,no,damp,136,2025-07-29,14,0,1,0,2,136,83.04428571428572,88.91,26.052142857142858,10.533577,15.608857,13.974829,red
F055-010,F055,train,Batch 10,6,no,raised,no,damp,15,2025-01-30,6,0,0,0,2,15,70.8442857142857,78.23,27.91,14.090678,12.168857,13.864858,red
F055-011,F055,train,Batch 1,15,no,floor,no,unsure,83,2024-11-25,15,0,1,0,1,83,69.64214285714284,77.15,28.177142857142858,10.784649,12.928429,11.854951,green
F055-012,F055,train,Batch 2,9,no,raised,no,dry,21,2025-01-12,9,0,0,0,0,21,71.74285714285713,80.0,27.467142857142854,11.541132,12.348571,11.670761,green
F055-013,F055,train,Batch 3,9,no,floor,yes,unsure,131,2024-08-23,9,0,1,1,1,131,76.62857142857142,81.58,26.99285714285714,12.608416,14.325714,13.749292,red
F055-014,F055,train,Batch 4,6,no,raised,no,damp,1,2025-12-28,6,0,0,0,2,1,76.38142857142859,81.58,26.70214285714286,14.26896,13.276286,14.260723,red
F055-015,F055,train,Batch 5,9,no,floor,no,damp,14,2025-02-20,9,0,1,0,2,14,70.05642857142858,78.51,28.15857142857143,12.475636,13.011286,12.534621,amber
F055-016,F055,train,Batch 6,9,no,raised,no,damp,76,2025-05-07,9,0,0,0,2,76,83.33714285714287,90.36,24.73,13.186387,14.667429,13.881263,red
F055-017,F055,train,Batch 7,10,no,raised,no,dry,151,2024-10-09,10,0,0,0,0,151,69.14500000000001,77.34,28.454285714285714,10.805067,11.829,11.538073,green
F055-018,F055,train,Batch 8,13,no,floor,no,dry,1,2025-04-17,13,0,1,0,0,1,74.38499999999999,78.56,28.30785714285715,11.033062,13.877,11.056663,green
F055-019,F055,train,Batch 9,9,no,floor,yes,unsure,33,2025-07-06,9,0,1,1,1,33,81.1557142857143,87.52,25.33142857142857,11.493001,15.231143,12.391754,amber
F055-020,F055,train,Batch 10,10,yes,raised,no,damp,111,2024-11-10,10,1,0,0,2,111,69.66428571428571,78.51,28.151428571428568,11.768536,11.932857,11.867699,green
F055-021,F055,train,Batch 1,7,no,raised,no,unsure,63,2025-05-05,7,0,0,0,1,63,86.22142857142856,90.2,25.115000000000006,13.862058,15.244286,14.426621,red
F055-022,F055,train,Batch 2,22,yes,raised,yes,unsure,152,2025-04-01,22,1,0,1,1,152,78.31714285714284,83.94,25.267857142857142,12.775399,13.663429,13.413209,red
F055-023,F055,train,Batch 3,6,yes,raised,no,damp,79,2025-03-10,6,1,0,0,2,79,83.45642857142856,89.67,26.444999999999993,14.008044,14.691286,14.337562,red
F055-024,F055,train,Batch 4,10,no,raised,yes,damp,73,2025-03-28,10,0,0,1,2,73,83.63857142857141,88.69,26.22785714285714,11.712962,14.727714,13.086914,red
F055-025,F055,train,Batch 5,16,no,floor,no,damp,71,2025-10-06,16,0,1,0,2,71,82.75928571428572,88.91,25.957857142857144,11.561607,15.551857,13.343636,red
F055-026,F055,train,Batch 6,17,no,raised,no,damp,56,2025-10-27,17,0,0,0,2,56,79.21000000000001,84.53,26.11428571428571,11.416869,13.842,12.321227,amber
F055-027,F055,train,Batch 7,9,no,raised,no,dry,142,2024-09-27,9,0,0,0,0,142,69.64214285714284,77.15,28.177142857142858,11.159677,11.928429,11.692993,green
F055-028,F055,train,Batch 8,11,no,floor,no,damp,36,2025-04-19,11,0,1,0,2,36,83.64999999999999,89.67,26.43571428571428,11.814596,15.73,12.829397,amber
F055-029,F055,train,Batch 9,18,yes,floor,no,damp,26,2024-12-13,18,1,1,0,2,26,72.85499999999999,81.58,27.45285714285714,12.372691,13.571,12.606124,amber
F055-030,F055,train,Batch 10,11,no,raised,no,damp,133,2024-09-17,11,0,0,0,2,133,65.80071428571429,80.0,27.134285714285713,11.344033,11.160143,11.220847,green
F055-031,F055,train,Batch 1,14,no,raised,no,dry,88,2024-12-14,14,0,0,0,0,88,72.135,77.97,28.569285714285716,10.712592,12.427,11.603561,green
F055-032,F055,train,Batch 2,11,yes,raised,no,damp,176,2025-01-07,11,1,0,0,2,176,86.20571428571428,89.75,25.45,12.572548,15.241143,14.625516,red
F055-033,F055,train,Batch 3,12,no,raised,no,damp,148,2025-03-20,12,0,0,0,2,148,82.63,87.52,25.035,13.825207,14.526,14.321845,red
F055-034,F055,train,Batch 4,11,no,floor,yes,damp,178,2025-01-18,11,0,1,1,2,178,85.73071428571428,90.36,24.577857142857145,11.478247,16.146143,15.08709,red
F055-035,F055,train,Batch 5,13,no,raised,no,unsure,37,2025-03-28,13,0,0,0,1,37,78.09857142857143,85.86,27.517857142857142,10.362569,13.619714,11.226786,green
F055-036,F055,train,Batch 6,8,yes,raised,no,damp,179,2025-02-21,8,1,0,0,2,179,82.92928571428571,87.52,24.719285714285714,13.28058,14.585857,14.292173,red
F055-037,F055,train,Batch 7,2,no,floor,yes,damp,65,2024-12-18,2,0,1,1,2,65,72.98214285714285,77.15,28.216428571428573,16.10889,13.596429,15.058123,red
F055-038,F055,train,Batch 8,9,no,floor,no,damp,36,2024-11-27,9,0,1,0,2,36,75.70357142857144,81.58,27.132857142857144,11.865346,14.140714,12.45508,amber
F055-039,F055,train,Batch 9,7,no,raised,yes,unsure,117,2025-04-02,7,0,0,1,1,117,81.43357142857143,85.66,24.945,13.478551,14.286714,13.981881,red
F055-040,F055,train,Batch 10,14,no,raised,no,unsure,172,2025-06-22,14,0,0,0,1,172,82.97428571428573,88.91,26.115000000000002,11.805893,14.594857,13.929654,red
F055-041,F055,train,Batch 1,4,yes,floor,yes,damp,69,2025-05-12,4,1,1,1,2,69,83.89500000000001,90.36,24.712142857142855,16.252196,15.779,16.04527,red
F055-042,F055,train,Batch 2,13,no,raised,no,damp,83,2025-05-23,13,0,0,0,2,83,82.76785714285714,87.52,25.042142857142856,10.815605,14.553571,12.681819,amber
F055-043,F055,train,Batch 3,15,no,raised,no,dry,16,2025-03-26,15,0,0,0,0,16,74.09642857142858,79.69,28.462857142857143,11.661568,12.819286,11.806082,green
F055-044,F055,train,Batch 4,15,no,raised,no,dry,98,2024-10-12,15,0,0,0,0,98,61.981428571428566,71.7,26.548571428571428,11.164683,10.396286,10.735842,green
F055-045,F055,train,Batch 5,17,no,floor,yes,damp,73,2025-05-26,17,0,1,1,2,73,80.57857142857144,85.31,25.376428571428573,11.780899,15.115714,13.300717,red
F055-046,F055,train,Batch 6,1,no,raised,no,damp,174,2025-02-06,1,0,0,0,2,174,81.2042857142857,85.66,25.041428571428575,14.788816,14.240857,14.369392,red
F055-047,F055,train,Batch 7,16,no,raised,no,dry,28,2025-03-14,16,0,0,0,0,28,74.09642857142858,79.69,28.462857142857143,11.131938,12.819286,11.483093,green
F055-048,F055,train,Batch 8,13,no,floor,no,damp,105,2025-08-24,13,0,1,0,2,105,81.2092857142857,88.91,26.431428571428572,11.542566,15.241857,13.699763,red
F055-049,F055,train,Batch 9,10,no,floor,yes,damp,28,2025-07-30,10,0,1,1,2,28,80.61571428571428,83.94,24.84142857142857,12.266339,15.123143,12.860869,amber
F055-050,F055,train,Batch 10,8,no,raised,no,damp,115,2024-11-29,8,0,0,0,2,115,73.70214285714287,78.24,28.172857142857143,11.694117,12.740429,12.339135,amber
F055-051,F055,train,Batch 1,11,no,floor,no,dry,39,2025-04-21,11,0,1,0,0,39,83.83642857142857,89.67,26.28714285714286,9.46055,15.767286,11.210496,green
F055-052,F055,train,Batch 2,4,no,floor,yes,damp,27,2025-05-30,4,0,1,1,2,27,87.19285714285716,90.66,25.372142857142855,14.020367,16.438571,14.507596,red
F055-053,F055,train,Batch 3,5,no,raised,no,damp,65,2025-05-12,5,0,0,0,2,65,85.62071428571429,90.36,24.57571428571428,14.6742,15.124143,14.862376,red
F055-054,F055,train,Batch 4,24,yes,raised,no,damp,97,2025-03-28,24,1,0,0,2,97,86.1857142857143,89.75,25.416428571428572,12.655802,15.237143,14.086897,red
F055-055,F055,train,Batch 5,14,no,floor,no,unsure,76,2024-12-09,14,0,1,0,1,76,73.31285714285715,78.51,28.01857142857143,11.723458,13.662571,12.633252,amber
F055-056,F055,train,Batch 6,4,no,raised,no,damp,113,2025-01-11,4,0,0,0,2,113,78.09857142857143,85.86,27.517857142857142,13.486643,13.619714,13.567819,red
F055-057,F055,train,Batch 7,20,no,floor,no,damp,143,2025-01-20,20,0,1,0,2,143,84.30071428571429,88.69,26.17071428571428,12.644187,15.860143,14.88341,red
F055-058,F055,train,Batch 8,6,yes,raised,yes,damp,42,2025-03-29,6,1,0,1,2,42,79.43285714285715,85.86,27.235714285714288,15.269175,13.886571,14.860876,red
F055-059,F055,train,Batch 9,7,no,raised,yes,unsure,73,2025-10-12,7,0,0,1,1,73,78.56142857142858,84.53,26.22714285714286,13.417219,13.712286,13.551693,red
F055-060,F055,train,Batch 10,6,no,floor,no,damp,8,2025-03-17,6,0,1,0,2,8,73.55357142857144,78.24,28.14071428571429,12.867792,13.710714,12.922154,amber
F055-061,F055,train,Batch 1,2,no,floor,yes,damp,81,2025-03-17,2,0,1,1,2,81,83.2942857142857,89.67,26.285,15.272725,15.658857,15.462255,red
F055-062,F055,train,Batch 2,8,no,raised,no,damp,45,2025-10-19,8,0,0,0,2,45,80.43714285714286,88.55,26.535714285714285,12.433244,14.087429,12.950525,amber
F055-063,F055,train,Batch 3,5,no,raised,yes,dry,89,2025-06-03,5,0,0,1,0,89,78.31714285714284,83.94,25.267857142857142,12.351283,13.663429,13.038428,red
F055-064,F055,train,Batch 4,9,no,floor,yes,damp,92,2024-10-10,9,0,1,1,2,92,71.40142857142855,77.39,27.400714285714287,13.460926,13.280286,13.364204,red
F055-065,F055,train,Batch 5,16,no,raised,no,damp,109,2025-05-05,16,0,0,0,2,109,81.94500000000001,84.22,24.768571428571427,11.462759,14.389,13.209152,red
F055-066,F055,train,Batch 6,13,no,raised,no,dry,105,2025-08-18,13,0,0,0,0,105,79.74857142857145,82.18,26.606428571428573,10.809744,13.949714,12.64078,amber
F055-067,F055,train,Batch 7,5,no,raised,no,damp,175,2024-11-30,5,0,0,0,2,175,83.17142857142858,89.67,26.565714285714282,12.852932,14.634286,14.219901,red
F055-068,F055,train,Batch 8,4,no,floor,yes,damp,154,2024-10-28,4,0,1,1,2,154,73.74642857142858,81.64,28.010714285714283,14.840667,13.749286,14.051721,red
F055-069,F055,train,Batch 9,16,no,raised,no,dry,58,2024-12-02,16,0,0,0,0,58,66.50928571428572,80.0,27.219285714285714,11.749665,11.301857,11.578031,green
F055-070,F055,train,Batch 10,15,no,raised,no,dry,23,2025-04-10,15,0,0,0,0,23,77.85642857142857,85.86,27.577142857142857,10.69794,13.571286,11.199103,green
F055-071,F055,train,Batch 1,9,yes,raised,no,dry,46,2025-03-24,9,1,0,0,0,46,80.06714285714285,85.86,27.197142857142858,13.349155,14.013429,13.560669,red
F055-072,F055,train,Batch 2,6,no,floor,yes,damp,163,2025-07-03,6,0,1,1,2,163,83.23357142857144,88.91,26.002142857142854,14.08136,15.646714,15.244279,red
F055-073,F055,train,Batch 3,11,no,raised,no,damp,21,2025-07-30,11,0,0,0,2,21,82.54214285714285,87.52,24.740000000000002,12.112327,14.508429,12.497004,amber
F055-074,F055,train,Batch 4,17,no,raised,yes,unsure,86,2025-04-16,17,0,0,1,1,86,86.49285714285715,90.36,24.87142857142857,11.039564,15.298571,13.218568,red
F055-075,F055,train,Batch 5,12,yes,raised,yes,damp,168,2024-10-05,12,1,0,1,2,168,74.04142857142858,78.24,28.189285714285717,13.78486,12.808286,13.049106,red
F055-076,F055,train,Batch 6,10,no,raised,no,damp,28,2025-11-07,10,0,0,0,2,28,81.12357142857142,88.91,26.405714285714286,12.007133,14.224714,12.468635,amber
F055-077,F055,train,Batch 7,8,no,raised,no,damp,176,2024-12-22,8,0,0,0,2,176,85.54642857142858,88.69,25.76142857142857,12.577048,15.109286,14.525116,red
F055-078,F055,train,Batch 8,10,no,floor,no,damp,103,2025-08-20,10,0,1,0,2,103,79.74857142857145,82.18,26.606428571428573,11.754757,14.949714,13.595474,red
F055-079,F055,train,Batch 9,9,no,raised,no,dry,37,2025-03-04,9,0,0,0,0,37,73.99785714285713,79.69,28.497142857142855,12.606681,12.799571,12.657861,amber
F055-080,F055,train,Batch 10,10,no,floor,no,damp,130,2025-01-18,10,0,1,0,2,130,83.45642857142856,89.67,26.444999999999993,11.631434,15.691286,14.317166,red
F056-001,F056,train,Batch 1,10,no,floor,no,damp,63,2025-01-14,10,0,1,0,2,63,74.94785714285715,78.24,28.134285714285717,10.586138,13.989571,11.976252,green
F056-002,F056,train,Batch 2,9,no,raised,no,damp,65,2025-06-06,9,0,0,0,2,65,81.61642857142859,87.52,25.32571428571428,11.039785,14.323286,12.413018,amber
F056-003,F056,train,Batch 3,10,yes,floor,no,unsure,34,2024-12-15,10,1,1,0,1,34,61.981428571428566,71.7,26.548571428571428,11.628498,11.396286,11.571204,green
F056-004,F056,train,Batch 4,10,yes,raised,yes,damp,133,2024-12-20,10,1,0,1,2,133,77.74571428571429,85.86,27.639285714285712,11.499826,13.549143,12.872646,amber
F056-005,F056,train,Batch 5,9,no,raised,yes,dry,4,2025-03-14,9,0,0,1,0,4,74.94785714285715,78.24,28.134285714285717,10.223595,12.989571,10.314275,green
F056-006,F056,train,Batch 6,5,no,raised,no,damp,159,2024-11-04,5,0,0,0,2,159,74.28428571428572,79.69,28.390000000000004,13.224454,12.856857,12.954566,amber
F056-007,F056,train,Batch 7,15,no,floor,no,unsure,70,2025-10-01,15,0,1,0,1,70,82.76428571428572,88.91,26.20214285714286,9.5886,15.552857,12.224592,amber
F056-008,F056,train,Batch 8,14,no,raised,no,dry,9,2025-08-20,14,0,0,0,0,9,79.625,83.94,25.06714285714285,9.013283,13.925,9.368186,green
F056-009,F056,train,Batch 9,10,no,floor,no,unsure,44,2025-07-02,10,0,1,0,1,44,82.63,87.52,25.035,11.131115,15.526,12.480166,amber
F056-010,F056,train,Batch 10,13,yes,raised,yes,damp,57,2025-10-20,13,1,0,1,2,57,82.75928571428572,88.91,25.957857142857144,11.521959,14.551857,12.667609,amber
F056-011,F056,train,Batch 1,4,no,raised,yes,damp,26,2025-07-21,4,0,0,1,2,26,82.93428571428572,87.52,24.935000000000002,12.577802,14.586857,12.969169,amber
F056-012,F056,train,Batch 2,9,no,raised,yes,damp,123,2025-08-12,9,0,0,1,2,123,83.23357142857144,88.91,26.002142857142854,11.284914,14.646714,13.440512,red
F056-013,F056,train,Batch 3,5,no,raised,no,damp,141,2025-07-15,5,0,0,0,2,141,80.43714285714286,88.55,26.535714285714285,12.368002,14.087429,13.556437,red
F056-014,F056,train,Batch 4,5,no,floor,yes,damp,129,2025-08-07,5,0,1,1,2,129,83.49214285714287,88.91,25.952142857142857,12.117558,15.698429,14.476286,red
F056-015,F056,train,Batch 5,6,no,raised,no,damp,18,2025-03-07,6,0,0,0,2,18,73.55357142857144,78.24,28.14071428571429,12.193029,12.710714,12.265139,amber
F056-016,F056,train,Batch 6,4,no,raised,no,damp,88,2024-11-07,4,0,0,0,2,88,72.24571428571429,80.0,27.539285714285715,11.896078,12.449143,12.183503,amber
F056-017,F056,train,Batch 7,11,no,raised,no,dry,1,2024-12-31,11,0,0,0,0,1,76.62857142857142,81.58,26.99285714285714,11.145782,13.325714,11.163872,green
F056-018,F056,train,Batch 8,15,yes,raised,no,dry,105,2024-10-10,15,1,0,0,0,105,60.48642857142857,80.0,26.486428571428572,12.431738,10.097286,11.07043,green
F056-019,F056,train,Batch 9,11,no,floor,yes,damp,155,2025-01-23,11,0,1,1,2,155,87.11214285714286,90.66,25.310714285714287,10.863672,16.422429,14.894813,red
F056-020,F056,train,Batch 10,8,yes,floor,yes,damp,47,2025-06-28,8,1,1,1,2,47,82.76785714285714,87.52,25.042142857142856,13.733516,15.553571,14.323342,red
F056-021,F056,train,Batch 1,7,no,floor,yes,damp,109,2025-04-27,7,0,1,1,2,109,82.76785714285714,87.52,25.042142857142856,11.73237,15.553571,14.01288,red
F056-022,F056,train,Batch 2,8,no,raised,no,dry,21,2025-02-21,8,0,0,0,0,21,73.81714285714285,78.24,28.365000000000002,10.274749,12.763429,10.674289,green
F056-023,F056,train,Batch 3,8,no,raised,no,dry,124,2024-09-19,8,0,0,0,0,124,60.18857142857142,71.7,26.484999999999996,10.738414,10.037714,10.287037,green
F056-024,F056,train,Batch 4,8,no,raised,no,damp,75,2024-10-28,8,0,0,0,2,75,69.75357142857142,77.39,27.245714285714286,10.607042,11.950714,11.231498,green
F056-025,F056,train,Batch 5,14,no,raised,no,dry,2,2025-05-05,14,0,0,0,0,2,78.90142857142858,85.86,27.353571428571428,9.793185,13.780286,9.859086,green
F056-026,F056,train,Batch 6,12,no,raised,yes,damp,160,2025-03-16,12,0,0,1,2,160,81.78142857142856,84.22,24.79785714285714,9.76952,14.356286,13.147227,red
F056-027,F056,train,Batch 7,18,no,raised,yes,dry,55,2025-04-05,18,0,0,1,0,55,83.83642857142857,89.67,26.28714285714286,10.287118,14.767286,11.934311,green
F056-028,F056,train,Batch 8,2,no,raised,yes,damp,142,2024-12-14,2,0,0,1,2,142,79.06857142857145,85.86,27.321428571428573,14.581202,13.813714,14.048762,red
F056-029,F056,train,Batch 9,5,no,raised,no,unsure,175,2025-06-20,5,0,0,0,1,175,83.04428571428572,88.91,26.052142857142858,12.498826,14.608857,14.118014,red
F056-030,F056,train,Batch 10,8,no,floor,no,unsure,83,2025-04-28,8,0,1,0,1,83,83.89500000000001,90.36,24.712142857142855,10.979262,15.779,13.375575,red
F056-031,F056,train,Batch 1,10,no,raised,yes,damp,94,2025-03-21,10,0,0,1,2,94,86.86357142857142,90.66,25.509999999999998,10.010937,15.372714,12.923023,amber
F056-032,F056,train,Batch 2,1,no,raised,no,damp,166,2024-10-04,1,0,0,0,2,166,74.49142857142859,78.24,28.226428571428578,13.642639,12.898286,13.084926,red
F056-033,F056,train,Batch 3,7,no,raised,no,dry,148,2025-03-24,7,0,0,0,0,148,82.92928571428571,87.52,24.719285714285714,10.571038,14.585857,13.416261,red
F056-034,F056,train,Batch 4,10,yes,raised,no,dry,50,2025-05-08,10,1,0,0,0,50,87.11214285714286,90.66,25.310714285714287,11.721855,15.422429,12.98286,amber
F056-035,F056,train,Batch 5,10,no,floor,yes,unsure,73,2025-06-12,10,0,1,1,1,73,81.38214285714285,84.22,24.82214285714286,11.899452,15.276429,13.438485,red
F056-036,F056,train,Batch 6,11,no,floor,yes,damp,65,2025-04-05,11,0,1,1,2,65,83.63857142857141,88.69,26.22785714285714,10.849356,15.727714,12.889594,amber
F056-037,F056,train,Batch 7,8,no,floor,yes,damp,168,2025-03-04,8,0,1,1,2,168,82.92928571428571,87.52,24.719285714285714,9.197456,15.585857,14.010497,red
F056-038,F056,train,Batch 8,10,no,raised,no,damp,103,2025-01-05,10,0,0,0,2,103,74.38499999999999,78.56,28.30785714285715,10.993554,12.877,12.078668,amber
F056-039,F056,train,Batch 9,10,no,floor,no,dry,25,2025-02-25,10,0,1,0,0,25,74.04142857142858,78.24,28.189285714285717,11.284175,13.808286,11.758868,green
F056-040,F056,train,Batch 10,10,no,raised,no,dry,37,2025-11-21,10,0,0,0,0,37,76.70642857142857,81.94,26.624285714285715,10.254745,13.341286,11.073696,green
F056-041,F056,train,Batch 1,9,no,raised,no,dry,21,2025-04-11,9,0,0,0,0,21,77.74571428571429,85.86,27.639285714285712,11.145711,13.549143,11.531565,green
F056-042,F056,train,Batch 2,13,no,floor,no,dry,107,2024-11-23,13,0,1,0,0,107,69.37785714285715,77.34,28.559285714285718,7.943805,12.875571,10.853686,green
F056-043,F056,train,Batch 3,16,no,raised,no,unsure,85,2025-01-11,16,0,0,0,1,85,75.43071428571427,81.64,28.13,11.846668,13.086143,12.475746,amber
F056-044,F056,train,Batch 4,14,no,raised,no,dry,15,2025-05-16,14,0,0,0,0,15,83.37642857142858,89.67,26.362142857142857,9.170114,14.675286,9.816988,green
F056-045,F056,train,Batch 5,8,no,raised,yes,dry,8,2025-05-11,8,0,0,1,0,8,80.79214285714284,87.53,27.043571428571425,11.247015,14.158429,11.434781,green
F056-046,F056,train,Batch 6,4,no,raised,yes,damp,174,2024-08-11,4,0,0,1,2,174,70.035,80.0,27.38071428571428,13.958788,12.007,12.464831,amber
F056-047,F056,train,Batch 7,9,no,floor,no,unsure,54,2025-06-06,9,0,1,0,1,54,81.2042857142857,85.66,25.041428571428575,11.535859,15.240857,12.878446,amber
F056-048,F056,train,Batch 8,19,no,raised,no,unsure,125,2025-04-19,19,0,0,0,1,125,81.94500000000001,84.22,24.768571428571427,9.596523,14.389,12.697897,amber
F056-049,F056,train,Batch 9,11,no,raised,yes,dry,35,2025-05-04,11,0,0,1,0,35,83.52428571428571,88.69,26.235714285714284,10.497605,14.704857,11.561966,green
F056-050,F056,train,Batch 10,14,yes,raised,yes,damp,153,2024-12-23,14,1,0,1,2,153,83.64999999999999,89.67,26.43571428571428,10.646749,14.73,13.589013,red
F056-051,F056,train,Batch 1,20,yes,floor,no,unsure,136,2025-02-26,20,1,1,0,1,136,86.38214285714287,90.36,24.812857142857144,11.665098,16.276429,14.791772,red
F056-052,F056,train,Batch 2,14,no,raised,no,dry,1,2025-12-29,14,0,0,0,0,1,76.82642857142856,81.58,26.73857142857143,10.94973,13.365286,10.969776,green
F056-053,F056,train,Batch 3,22,no,floor,no,damp,158,2025-03-02,22,0,1,0,2,158,80.57857142857144,85.31,25.376428571428573,10.035787,15.115714,13.754155,red
F056-054,F056,train,Batch 4,11,yes,raised,yes,damp,131,2025-04-07,11,1,0,1,2,131,82.93428571428572,87.52,24.935000000000002,12.370896,14.586857,13.843055,red
F056-055,F056,train,Batch 5,12,no,raised,no,dry,40,2025-06-07,12,0,0,0,0,40,85.29857142857144,90.36,24.544999999999995,10.105153,15.059714,11.509616,green
F056-056,F056,train,Batch 6,8,no,floor,no,dry,60,2024-12-27,8,0,1,0,0,60,72.28857142857143,78.51,27.972142857142853,10.86302,13.457714,11.883953,green
F056-057,F056,train,Batch 7,14,yes,raised,no,damp,102,2024-12-27,14,1,0,0,2,102,75.32857142857142,81.64,28.277142857142852,11.336636,13.065714,12.326681,amber
F056-058,F056,train,Batch 8,4,no,raised,yes,damp,161,2024-11-16,4,0,0,1,2,161,76.11357142857142,85.7,28.143571428571427,13.532701,13.222714,13.303748,red
F056-059,F056,train,Batch 9,13,no,raised,no,dry,114,2024-10-16,13,0,0,0,0,114,69.6592857142857,78.23,27.688571428571425,9.204089,11.931857,10.876917,green
F056-060,F056,train,Batch 10,8,no,floor,no,damp,74,2025-03-02,8,0,1,0,2,74,79.61214285714286,87.53,27.315,10.403178,14.922429,12.483205,amber
F056-061,F056,train,Batch 1,9,yes,floor,yes,damp,90,2025-04-15,9,1,1,1,2,90,85.99071428571429,90.36,24.598571428571432,11.645166,16.198143,14.047469,red
F056-062,F056,train,Batch 2,5,no,raised,no,damp,84,2025-09-08,5,0,0,0,2,84,79.74857142857145,82.18,26.606428571428573,13.810693,13.949714,13.880678,red
F056-063,F056,train,Batch 3,18,no,floor,yes,damp,66,2025-04-07,18,0,1,1,2,66,84.30071428571429,88.69,26.17071428571428,11.023813,15.860143,13.069823,red
F056-064,F056,train,Batch 4,11,yes,raised,no,damp,180,2024-08-23,11,1,0,0,2,180,72.61214285714284,77.15,28.237857142857145,12.141366,12.522429,12.437402,amber
F056-065,F056,train,Batch 5,3,no,raised,no,damp,7,2025-02-24,3,0,0,0,2,7,69.66214285714285,78.51,28.240000000000002,15.485614,11.932429,15.284275,red
F056-066,F056,train,Batch 6,12,no,raised,no,damp,127,2025-04-16,12,0,0,0,2,127,82.48,87.52,24.687857142857144,10.077048,14.496,12.962475,amber
F056-067,F056,train,Batch 7,8,no,raised,yes,damp,116,2025-08-13,8,0,0,1,2,116,81.2092857142857,88.91,26.431428571428572,11.443608,14.241857,13.177546,red
F056-068,F056,train,Batch 8,9,no,floor,yes,damp,85,2025-02-28,9,0,1,1,2,85,83.17142857142858,89.67,26.565714285714282,10.55352,15.634286,13.13219,red
F056-069,F056,train,Batch 9,13,no,raised,yes,unsure,118,2025-03-05,13,0,0,1,1,118,86.74642857142855,90.66,25.40357142857143,11.316503,15.349286,13.840774,red
F056-070,F056,train,Batch 10,19,no,floor,no,unsure,153,2024-08-21,19,0,1,0,1,153,60.18857142857142,71.7,26.484999999999996,10.18021,11.037714,10.798101,green
F056-071,F056,train,Batch 1,10,no,floor,no,dry,79,2024-12-18,10,0,1,0,0,79,69.60785714285714,78.51,28.26928571428571,9.71868,12.921571,11.263391,green
F056-072,F056,train,Batch 2,8,no,floor,no,damp,130,2024-09-29,8,0,1,0,2,130,69.12214285714286,78.23,27.645,11.687721,12.824429,12.439693,amber
F056-073,F056,train,Batch 3,3,no,raised,no,unsure,97,2024-11-11,3,0,0,0,1,97,69.64214285714284,77.15,28.177142857142858,13.393969,11.928429,12.581473,amber
F056-074,F056,train,Batch 4,16,no,raised,no,unsure,115,2024-11-20,16,0,0,0,1,115,74.35285714285715,78.24,28.287857142857142,10.185308,12.870571,11.840688,green
F056-075,F056,train,Batch 5,6,no,raised,yes,damp,0,2025-06-26,6,0,0,1,2,0,87.19285714285716,90.66,25.372142857142855,12.888805,15.438571,12.888805,amber
F056-076,F056,train,Batch 6,8,yes,raised,no,damp,66,2025-04-21,8,1,0,0,2,66,87.19285714285716,90.66,25.372142857142855,12.312646,15.438571,13.635069,red
F056-077,F056,train,Batch 7,15,no,raised,no,damp,7,2025-04-20,15,0,0,0,2,7,76.81714285714284,85.86,28.01357142857143,11.370147,13.363429,11.483095,green
F056-078,F056,train,Batch 8,6,no,floor,no,dry,169,2024-08-02,6,0,1,0,0,169,61.981428571428566,71.7,26.548571428571428,12.549866,11.396286,11.678394,green
F056-079,F056,train,Batch 9,6,no,raised,no,damp,23,2025-06-19,6,0,0,0,2,23,86.38214285714287,90.36,24.812857142857144,12.288309,15.276429,12.809491,amber
F056-080,F056,train,Batch 10,13,no,raised,no,dry,101,2024-11-06,13,0,0,0,0,101,70.02642857142857,77.15,28.074285714285715,9.709808,12.005286,11.015954,green
F057-001,F057,test,Batch 1,11,no,raised,yes,dry,123,2025-02-19,11,0,0,1,0,123,86.71142857142857,90.66,25.57785714285714,11.299391,15.342286,13.89171,red
F057-002,F057,test,Batch 2,14,no,floor,yes,damp,165,2025-03-03,14,0,1,1,2,165,82.63,87.52,25.035,11.55611,15.526,14.522255,red
F057-003,F057,test,Batch 3,12,no,raised,no,damp,2,2025-04-16,12,0,0,0,2,2,74.38499999999999,78.56,28.30785714285715,10.456043,12.877,10.496058,green
F057-004,F057,test,Batch 4,11,no,raised,no,damp,54,2025-03-03,11,0,0,0,2,54,76.11357142857142,85.7,28.143571428571427,11.901334,13.222714,12.380165,amber
F057-005,F057,test,Batch 5,16,no,floor,yes,damp,92,2024-10-09,16,0,1,1,2,92,72.47714285714285,81.58,27.456428571428567,12.52605,13.495429,13.045095,red
F057-006,F057,test,Batch 6,11,yes,raised,yes,damp,81,2024-12-07,11,1,0,1,2,81,70.72571428571429,78.51,27.957142857142856,11.979223,12.145143,12.060664,amber
F057-007,F057,test,Batch 7,8,no,floor,no,unsure,87,2025-04-17,8,0,1,0,1,87,86.26642857142859,90.36,24.694285714285716,12.760642,16.253286,14.561713,red
F057-008,F057,test,Batch 8,14,no,floor,no,unsure,132,2024-09-10,14,0,1,0,1,132,60.44642857142857,71.7,26.49785714285714,10.131561,11.089286,10.770487,green
F057-009,F057,test,Batch 9,11,no,raised,no,damp,27,2024-12-05,11,0,0,0,2,27,76.62857142857142,81.58,26.99285714285714,10.90898,13.325714,11.395913,green
F057-010,F057,test,Batch 10,12,no,floor,yes,unsure,58,2025-05-25,12,0,1,1,1,58,83.33714285714287,90.36,24.73,11.712286,15.667429,13.228196,red
F057-011,F057,test,Batch 1,12,no,raised,yes,damp,169,2025-01-15,12,0,0,1,2,169,86.1857142857143,89.75,25.416428571428572,12.144719,15.237143,14.480889,red
F057-012,F057,test,Batch 2,13,yes,raised,no,damp,86,2025-02-25,13,1,0,0,2,86,81.90714285714286,87.53,26.756428571428568,11.036577,14.381429,12.747878,amber
F057-013,F057,test,Batch 3,4,no,raised,no,damp,7,2024-12-25,4,0,0,0,2,7,76.62857142857142,81.58,26.99285714285714,14.011324,13.325714,13.972474,red
F057-014,F057,test,Batch 4,17,no,raised,yes,damp,171,2025-07-07,17,0,0,1,2,171,77.88071428571429,84.53,26.353571428571428,11.498108,13.576143,13.076358,red
F057-015,F057,test,Batch 5,12,no,raised,yes,damp,152,2025-03-08,12,0,0,1,2,152,80.57857142857144,85.31,25.376428571428573,11.831131,14.115714,13.471989,red
F057-016,F057,test,Batch 6,10,yes,raised,yes,unsure,138,2025-08-04,10,1,0,1,1,138,79.66357142857143,85.68,26.12285714285714,14.244574,13.932714,14.031461,red
F057-017,F057,test,Batch 7,5,no,raised,no,damp,167,2024-10-26,5,0,0,0,2,167,74.09642857142858,79.69,28.462857142857143,13.77936,12.819286,13.058018,red
F057-018,F057,test,Batch 8,16,no,raised,yes,damp,121,2025-02-24,16,0,0,1,2,121,86.83357142857143,90.66,25.43857142857143,11.614235,15.366714,13.99771,red
F057-019,F057,test,Batch 9,3,no,floor,yes,damp,120,2024-12-27,3,0,1,1,2,120,76.11357142857142,85.7,28.143571428571427,15.387066,14.222714,14.651055,red
F057-020,F057,test,Batch 10,15,no,raised,no,damp,127,2024-12-07,15,0,0,0,2,127,74.16142857142857,79.69,28.390000000000008,10.755995,12.832286,12.111743,amber
F057-021,F057,test,Batch 1,11,no,raised,no,damp,46,2025-06-22,11,0,0,0,2,46,80.57857142857144,85.31,25.376428571428573,11.459591,14.115714,12.305339,amber
F057-022,F057,test,Batch 2,14,no,raised,yes,damp,155,2024-12-05,14,0,0,1,2,155,80.06714285714285,85.86,27.197142857142858,12.115174,14.013429,13.491765,red
F057-023,F057,test,Batch 3,12,no,floor,no,damp,135,2024-12-04,12,0,1,0,2,135,74.38499999999999,78.56,28.30785714285715,10.990367,13.877,12.939848,amber
F057-024,F057,test,Batch 4,18,no,raised,yes,damp,149,2025-07-23,18,0,0,1,2,149,80.28499999999998,85.68,26.07571428571429,12.266523,14.057,13.539727,red
F057-025,F057,test,Batch 5,7,no,raised,no,unsure,94,2025-03-09,7,0,0,0,1,94,84.24571428571429,88.69,26.153571428571418,12.283795,14.849143,13.677086,red
F057-026,F057,test,Batch 6,10,yes,raised,no,unsure,18,2025-11-26,10,1,0,0,1,18,83.49214285714287,88.91,25.952142857142857,12.356289,14.698429,12.682531,amber
F057-027,F057,test,Batch 7,14,yes,raised,yes,damp,141,2025-04-01,14,1,0,1,2,141,82.54214285714285,87.52,24.740000000000002,12.001046,14.508429,13.734101,red
F057-028,F057,test,Batch 8,9,no,raised,no,unsure,180,2025-01-29,9,0,0,0,1,180,81.43357142857143,85.66,24.945,11.749565,14.286714,13.7206,red
F057-029,F057,test,Batch 9,6,no,raised,yes,damp,69,2025-04-04,6,0,0,1,2,69,84.30071428571429,88.69,26.17071428571428,13.385106,14.860143,14.030133,red
F057-030,F057,test,Batch 10,13,no,raised,no,damp,66,2025-04-09,13,0,0,0,2,66,85.29999999999998,88.69,26.00357142857143,11.106718,15.06,12.779155,amber
F057-031,F057,test,Batch 1,9,no,floor,no,dry,39,2025-03-07,9,0,1,0,0,39,73.90571428571427,77.92,28.40928571428572,11.292952,13.781143,11.983357,green
F057-032,F057,test,Batch 2,9,no,raised,yes,damp,150,2025-02-24,9,0,0,1,2,150,82.66142857142857,85.66,24.782857142857143,11.714925,14.532286,13.725098,red
F057-033,F057,test,Batch 3,5,no,raised,yes,damp,121,2025-01-21,5,0,0,1,2,121,81.90714285714286,87.53,26.756428571428568,14.068256,14.381429,14.267175,red
F057-034,F057,test,Batch 4,3,no,raised,yes,damp,161,2024-10-26,3,0,0,1,2,161,74.88714285714285,81.64,28.173571428571424,14.783092,12.977429,13.449446,red
F057-035,F057,test,Batch 5,10,no,raised,no,dry,42,2024-12-03,10,0,0,0,0,42,65.01571428571428,75.06,26.98,12.039946,11.003143,11.733766,green
F057-036,F057,test,Batch 6,1,no,raised,yes,dry,36,2025-05-26,1,0,0,1,0,36,86.74642857142855,90.66,25.40357142857143,15.860042,15.349286,15.727663,red
F057-037,F057,test,Batch 7,14,yes,raised,no,unsure,25,2025-06-14,14,1,0,0,1,25,86.75142857142858,90.36,24.902857142857147,12.12479,15.350286,12.731388,amber
F057-038,F057,test,Batch 8,15,no,raised,no,damp,6,2025-05-14,15,0,0,0,2,6,81.05857142857143,87.53,26.972142857142853,10.502483,14.211714,10.683385,green
F057-039,F057,test,Batch 9,14,no,floor,no,damp,146,2025-03-21,14,0,1,0,2,146,82.76785714285714,87.52,25.042142857142856,12.078118,15.553571,14.524087,red
F057-040,F057,test,Batch 10,10,yes,raised,yes,damp,126,2025-04-08,10,1,0,1,2,126,82.35928571428572,87.52,25.172857142857143,11.897148,14.471857,13.570869,red
F057-041,F057,test,Batch 1,10,no,raised,no,dry,24,2025-05-26,10,0,0,0,0,24,86.32285714285715,90.66,25.67285714285714,11.18885,15.264571,11.927653,green
F057-042,F057,test,Batch 2,16,no,floor,yes,dry,138,2025-04-02,16,0,1,1,0,138,83.05071428571429,87.52,24.74428571428572,9.459713,15.610143,13.662691,red
F057-043,F057,test,Batch 3,5,no,raised,yes,dry,89,2024-12-28,5,0,0,1,0,89,73.88571428571429,81.64,28.015000000000004,14.506641,12.777143,13.600937,red
F057-044,F057,test,Batch 4,7,no,floor,no,dry,5,2025-08-26,7,0,1,0,0,5,78.31714285714284,83.94,25.267857142857142,12.678813,14.663429,12.759806,amber
F057-045,F057,test,Batch 5,18,no,raised,no,damp,125,2024-10-30,18,0,0,0,2,125,70.14928571428571,78.51,28.16142857142857,11.171286,12.029857,11.726897,green
F057-046,F057,test,Batch 6,18,no,floor,no,unsure,116,2024-11-20,18,0,1,0,1,116,74.99642857142858,78.24,28.19857142857143,11.546873,13.999286,13.066514,red
F057-047,F057,test,Batch 7,7,no,floor,yes,damp,77,2025-10-03,7,0,1,1,2,77,80.28499999999998,85.68,26.07571428571429,11.178685,15.057,13.015399,red
F057-048,F057,test,Batch 8,10,no,raised,no,unsure,136,2025-03-20,10,0,0,0,1,136,80.76571428571428,85.66,25.272142857142853,12.269805,14.153143,13.546787,red
F057-049,F057,test,Batch 9,7,no,floor,yes,unsure,9,2025-04-29,7,0,1,1,1,9,79.41857142857144,85.86,27.283571428571427,13.625685,14.883714,13.716585,red
F057-050,F057,test,Batch 10,9,no,raised,no,damp,124,2025-04-17,9,0,0,0,2,124,82.92928571428571,87.52,24.719285714285714,12.442409,14.585857,13.823178,red
F057-051,F057,test,Batch 1,8,no,floor,no,damp,178,2025-01-01,8,0,1,0,2,178,87.01642857142856,90.66,25.314285714285717,12.808214,16.403286,15.587635,red
F057-052,F057,test,Batch 2,13,no,floor,no,damp,53,2025-02-06,13,0,1,0,2,53,73.74642857142858,81.64,28.010714285714283,12.455235,13.749286,12.917258,amber
F057-053,F057,test,Batch 3,8,no,raised,no,damp,130,2025-01-12,8,0,0,0,2,130,81.90714285714286,87.53,26.756428571428568,12.667008,14.381429,13.801156,red
F057-054,F057,test,Batch 4,13,no,floor,no,dry,66,2024-11-08,13,0,1,0,0,66,66.08428571428571,75.51,26.992142857142856,10.783963,12.216857,11.390149,green
F057-055,F057,test,Batch 5,9,no,raised,yes,damp,111,2025-01-10,9,0,0,1,2,111,77.765,85.86,27.712142857142855,13.027411,13.553,13.344587,red
F057-056,F057,test,Batch 6,4,no,floor,no,damp,146,2024-12-04,4,0,1,0,2,146,77.49857142857142,85.86,27.85928571428571,15.911815,14.499714,14.918001,red
F057-057,F057,test,Batch 7,11,yes,raised,yes,damp,69,2025-10-06,11,1,0,1,2,69,83.49214285714287,88.91,25.952142857142857,13.898356,14.698429,14.248224,red
F057-058,F057,test,Batch 8,13,no,raised,no,damp,36,2024-11-30,13,0,0,0,2,36,74.23857142857142,81.58,27.345,11.018866,12.847714,11.49287,green
F057-059,F057,test,Batch 9,9,no,raised,yes,unsure,144,2025-07-16,9,0,0,1,1,144,81.2092857142857,88.91,26.431428571428572,12.695057,14.241857,13.77597,red
F057-060,F057,test,Batch 10,10,yes,floor,no,damp,149,2025-08-02,10,1,1,0,2,149,76.38142857142859,81.58,26.70214285714286,12.265499,14.276286,13.695365,red
F057-061,F057,test,Batch 1,14,no,raised,yes,damp,139,2025-03-09,14,0,0,1,2,139,81.87142857142858,85.66,24.78214285714285,10.121598,14.374286,13.038903,red
F057-062,F057,test,Batch 2,9,no,raised,yes,damp,16,2025-06-17,9,0,0,1,2,16,86.1857142857143,89.75,25.416428571428572,12.728084,15.237143,13.041281,red
F057-063,F057,test,Batch 3,17,no,floor,no,damp,42,2024-11-23,17,0,1,0,2,42,75.20214285714285,81.58,27.287857142857142,11.714866,14.040429,12.401632,amber
F057-064,F057,test,Batch 4,8,no,floor,yes,unsure,29,2025-07-19,8,0,1,1,1,29,83.31285714285715,87.52,24.79928571428572,12.156395,15.662571,12.909108,amber
F057-065,F057,test,Batch 5,13,no,floor,yes,damp,179,2025-03-05,13,0,1,1,2,179,78.31714285714284,83.94,25.267857142857142,11.252048,14.663429,13.895877,red
F057-066,F057,test,Batch 6,15,yes,floor,no,damp,113,2024-09-17,15,1,1,0,2,113,72.85499999999999,81.58,27.45285714285714,11.971404,13.571,12.947194,amber
F057-067,F057,test,Batch 7,3,no,raised,no,dry,139,2024-09-01,3,0,0,0,0,139,61.981428571428566,71.7,26.548571428571428,14.484286,10.396286,11.679955,green
F057-068,F057,test,Batch 8,14,no,raised,no,dry,28,2025-07-25,14,0,0,0,0,28,81.94500000000001,84.22,24.768571428571427,11.255483,14.389,11.9076,green
F057-069,F057,test,Batch 9,10,no,floor,yes,damp,63,2025-01-13,10,0,1,1,2,63,75.175,78.24,28.174999999999994,11.191331,14.035,12.352812,amber
F057-070,F057,test,Batch 10,13,no,raised,no,damp,41,2024-12-24,13,0,0,0,2,41,72.24571428571429,80.0,27.539285714285715,11.617041,12.449143,11.857864,green
F057-071,F057,test,Batch 1,12,yes,floor,no,damp,128,2025-08-03,12,1,1,0,2,128,82.38214285714285,88.91,26.270000000000003,12.943411,15.476429,14.604681,red
F057-072,F057,test,Batch 2,14,yes,raised,no,damp,59,2025-05-30,14,1,0,0,2,59,81.43357142857143,85.66,24.945,11.203674,14.286714,12.401108,amber
F057-073,F057,test,Batch 3,4,no,floor,no,damp,80,2024-11-09,4,0,1,0,2,80,65.80071428571429,80.0,27.134285714285713,13.621543,12.160143,12.910451,amber
F057-074,F057,test,Batch 4,7,no,raised,yes,damp,124,2025-03-17,7,0,0,1,2,124,84.09,90.36,24.682857142857138,12.854859,14.818,14.119477,red
F057-075,F057,test,Batch 5,4,yes,floor,no,damp,71,2025-01-01,4,1,1,0,2,71,72.97285714285715,78.24,28.48857142857143,16.902851,13.594571,15.425387,red
F057-076,F057,test,Batch 6,14,no,floor,no,damp,141,2025-07-18,14,0,1,0,2,141,81.18071428571429,88.91,26.410714285714285,11.371442,15.236143,14.04265,red
F057-077,F057,test,Batch 7,7,no,raised,no,damp,150,2024-08-14,7,0,0,0,2,150,69.75357142857142,77.39,27.245714285714286,12.869058,11.950714,12.213824,amber
F057-078,F057,test,Batch 8,11,no,floor,no,damp,62,2024-11-11,11,0,1,0,2,62,67.82428571428571,76.4,27.097857142857144,11.772804,12.564857,12.092393,amber
F057-079,F057,test,Batch 9,2,no,floor,no,damp,90,2025-01-09,2,0,1,0,2,90,74.51214285714285,79.69,28.40285714285714,15.137947,13.902429,14.486046,red
F057-080,F057,test,Batch 10,12,no,raised,yes,damp,105,2025-05-12,12,0,0,1,2,105,80.9592857142857,84.22,24.856428571428577,12.024801,14.191857,13.288494,red
F058-001,F058,train,Batch 1,14,yes,raised,no,damp,78,2024-11-27,14,1,0,0,2,78,70.70714285714284,78.23,27.902857142857147,13.014937,12.141429,12.59744,amber
F058-002,F058,train,Batch 2,11,no,raised,no,damp,60,2025-05-16,11,0,0,0,2,60,85.73071428571428,90.36,24.577857142857145,12.467242,15.146143,13.521307,red
F058-003,F058,train,Batch 3,3,no,raised,no,damp,79,2025-10-01,3,0,0,0,2,79,80.28499999999998,85.68,26.07571428571429,14.485079,14.057,14.278622,red
F058-004,F058,train,Batch 4,14,no,raised,yes,damp,118,2025-02-20,14,0,0,1,2,118,85.98428571428573,90.66,25.713571428571424,10.445772,15.196857,13.419656,red
F058-005,F058,train,Batch 5,5,no,raised,no,damp,129,2024-10-21,5,0,0,0,2,129,70.21714285714285,78.51,28.01071428571428,13.820352,12.043429,12.649889,amber
F058-006,F058,train,Batch 6,11,no,raised,no,dry,137,2025-07-19,11,0,0,0,0,137,80.43714285714286,88.55,26.535714285714285,10.578149,14.087429,12.966963,amber
F058-007,F058,train,Batch 7,14,yes,floor,yes,damp,134,2025-01-23,14,1,1,1,2,134,83.2942857142857,89.67,26.285,12.448208,15.658857,14.607789,red
F058-008,F058,train,Batch 8,8,no,raised,no,damp,152,2024-10-17,8,0,0,0,2,152,74.94785714285715,78.24,28.134285714285717,12.285893,12.989571,12.791296,amber
F058-009,F058,train,Batch 9,11,no,floor,no,dry,52,2025-04-11,11,0,1,0,0,52,83.63785714285714,89.67,26.459285714285716,11.21517,15.727571,12.801981,amber
F058-010,F058,train,Batch 10,4,yes,raised,yes,damp,97,2024-12-03,4,1,0,1,2,97,69.37785714285715,77.34,28.559285714285718,16.843889,11.875571,14.089454,red
F058-011,F058,train,Batch 1,1,no,floor,no,damp,90,2025-03-19,1,0,1,0,2,90,85.82714285714287,88.69,25.703571428571426,14.870509,16.165429,15.553752,red
F058-012,F058,train,Batch 2,8,no,raised,no,damp,106,2025-03-23,8,0,0,0,2,106,86.22142857142856,90.2,25.115000000000006,12.473434,15.244286,14.098809,red
F058-013,F058,train,Batch 3,11,yes,raised,no,damp,100,2025-03-10,11,1,0,0,2,100,85.98428571428573,90.66,25.713571428571424,13.493805,15.196857,14.456714,red
F058-014,F058,train,Batch 4,8,no,floor,no,damp,82,2024-10-29,8,0,1,0,2,82,60.872857142857136,71.7,26.470714285714283,12.772864,11.174571,11.981599,green
F058-015,F058,train,Batch 5,17,yes,raised,no,damp,152,2024-09-30,17,1,0,0,2,152,69.66428571428571,78.51,28.151428571428568,12.738664,11.932857,12.159909,amber
F058-016,F058,train,Batch 6,9,no,raised,no,damp,46,2025-05-30,9,0,0,0,2,46,85.73071428571428,90.36,24.577857142857145,11.510553,15.146143,12.668177,amber
F058-017,F058,train,Batch 7,4,no,floor,yes,dry,127,2025-03-26,4,0,1,1,0,127,81.15499999999999,85.66,25.083571428571425,12.870081,15.231,14.411682,red
F058-018,F058,train,Batch 8,13,yes,raised,yes,damp,51,2025-11-10,13,1,0,1,2,51,77.43214285714285,81.58,26.841428571428573,12.415315,13.486429,12.786167,amber
F058-019,F058,train,Batch 9,8,no,raised,no,dry,125,2025-04-17,8,0,0,0,0,125,82.54214285714285,87.52,24.740000000000002,12.035179,14.508429,13.635703,red
F058-020,F058,train,Batch 10,1,no,raised,yes,damp,41,2024-12-31,1,0,0,1,2,41,70.24214285714285,78.23,27.80785714285714,17.273674,12.048429,15.76141,red
F058-021,F058,train,Batch 1,5,no,raised,yes,unsure,89,2024-12-27,5,0,0,1,1,89,73.82714285714287,81.64,28.066428571428577,13.361579,12.765429,13.049387,red
F058-022,F058,train,Batch 2,14,no,floor,no,dry,123,2024-10-15,14,0,1,0,0,123,70.02642857142857,77.15,28.074285714285715,10.668288,13.005286,12.166779,amber
F058-023,F058,train,Batch 3,7,no,floor,no,damp,69,2025-05-21,7,0,1,0,2,69,81.26071428571427,85.66,25.032142857142862,12.245503,15.252143,13.560292,red
F058-024,F058,train,Batch 4,15,no,raised,no,damp,65,2025-06-10,15,0,0,0,2,65,82.76785714285714,87.52,25.042142857142856,11.501075,14.553571,12.777697,amber
F058-025,F058,train,Batch 5,8,no,floor,no,damp,149,2025-04-04,8,0,1,0,2,149,78.31714285714284,83.94,25.267857142857142,12.042809,14.663429,13.906325,red
F058-026,F058,train,Batch 6,0,yes,raised,no,unsure,97,2025-02-19,0,1,0,0,1,97,83.30214285714285,89.67,26.474999999999994,18.595263,14.660429,16.413791,red
F058-027,F058,train,Batch 7,18,no,raised,yes,damp,129,2025-02-07,18,0,0,1,2,129,85.54642857142858,88.69,25.76142857142857,11.661282,15.109286,13.93249,red
F058-028,F058,train,Batch 8,7,yes,raised,yes,damp,128,2024-12-22,7,1,0,1,2,128,77.49857142857142,85.86,27.85928571428571,14.444238,13.499714,13.824776,red
F058-029,F058,train,Batch 9,18,no,floor,no,damp,101,2025-01-22,18,0,1,0,2,101,77.85642857142857,85.86,27.577142857142857,10.750828,14.571286,12.9247,amber
F058-030,F058,train,Batch 10,4,yes,floor,no,unsure,31,2025-05-05,4,1,1,0,1,31,83.76857142857143,89.67,26.266428571428573,15.536765,15.753714,15.586156,red
F058-031,F058,train,Batch 1,7,no,raised,yes,damp,142,2025-01-01,7,0,0,1,2,142,82.25357142857145,88.87,26.704999999999995,10.749582,14.450714,13.31722,red
F058-032,F058,train,Batch 2,15,no,raised,yes,damp,71,2025-09-29,15,0,0,1,2,71,82.38214285714285,88.91,26.270000000000003,11.729209,14.476429,12.956106,amber
F058-033,F058,train,Batch 3,11,no,floor,yes,damp,154,2024-11-13,11,0,1,1,2,154,74.27428571428572,78.56,28.309285714285718,12.19033,13.854857,13.393597,red
F058-034,F058,train,Batch 4,1,no,raised,yes,unsure,123,2024-10-22,1,0,0,1,1,123,73.21571428571428,78.05,28.141428571428573,15.466869,12.643143,13.656286,red
F058-035,F058,train,Batch 5,5,no,raised,yes,damp,103,2024-11-08,5,0,0,1,2,103,72.61214285714284,77.15,28.237857142857145,14.365852,12.522429,13.303797,red
F058-036,F058,train,Batch 6,15,yes,floor,yes,damp,75,2025-04-01,15,1,1,1,2,75,85.49428571428571,88.69,25.845714285714283,11.966156,16.098857,13.886782,red
F058-037,F058,train,Batch 7,12,no,raised,no,damp,168,2025-07-14,12,0,0,0,2,168,76.38142857142859,81.58,26.70214285714286,10.81851,13.276286,12.670206,amber
F058-038,F058,train,Batch 8,11,no,raised,no,damp,68,2025-09-29,11,0,0,0,2,68,81.18071428571429,88.91,26.410714285714285,11.83943,14.236143,12.876215,amber
F058-039,F058,train,Batch 9,22,no,floor,no,dry,32,2025-05-19,22,0,1,0,0,32,86.56071428571428,90.66,25.628571428571426,10.623056,16.312143,11.95471,green
F058-040,F058,train,Batch 10,5,no,floor,no,damp,100,2024-12-20,5,0,1,0,2,100,73.37142857142855,81.64,28.087857142857143,13.630337,13.674286,13.655186,red
F058-041,F058,train,Batch 1,10,no,floor,yes,dry,42,2025-01-09,10,0,1,1,0,42,72.97857142857141,77.15,28.245,10.919372,13.595714,11.709728,green
F058-042,F058,train,Batch 2,1,no,floor,yes,damp,109,2025-04-08,1,0,1,1,2,109,81.87142857142858,85.66,24.78214285714285,15.430668,15.374286,15.397019,red
F058-043,F058,train,Batch 3,12,no,raised,no,dry,22,2025-06-26,12,0,0,0,0,22,84.62285714285714,90.36,24.603571428571424,10.376162,14.924571,11.138063,green
F058-044,F058,train,Batch 4,15,no,floor,no,damp,68,2024-12-24,15,0,1,0,2,68,69.65928571428572,78.51,28.177142857142854,11.675786,12.931857,12.219145,amber
F058-045,F058,train,Batch 5,10,no,floor,yes,dry,177,2025-06-25,10,0,1,1,0,177,80.28499999999998,85.68,26.07571428571429,10.682086,15.057,14.056113,red
F058-046,F058,train,Batch 6,8,no,raised,yes,damp,48,2025-10-27,8,0,0,1,2,48,83.49214285714287,88.91,25.952142857142857,12.640504,14.698429,13.31896,red
F058-047,F058,train,Batch 7,10,no,raised,no,unsure,94,2025-02-18,10,0,0,0,1,94,82.25357142857145,88.87,26.704999999999995,9.481798,14.450714,12.180513,amber
F058-048,F058,train,Batch 8,17,no,floor,no,damp,24,2025-07-12,17,0,1,0,2,24,80.63071428571428,85.31,25.315,11.634065,15.126143,12.267071,amber
F058-049,F058,train,Batch 9,9,yes,floor,yes,unsure,18,2025-05-16,9,1,1,1,1,18,83.73142857142857,89.67,26.414285714285715,13.400326,15.746286,13.727099,red
F058-050,F058,train,Batch 10,14,yes,floor,yes,damp,175,2025-01-18,14,1,1,1,2,175,86.38214285714287,90.36,24.812857142857144,13.119999,16.276429,15.542168,red
F058-051,F058,train,Batch 1,0,no,raised,yes,damp,116,2025-03-15,0,0,0,1,2,116,86.75142857142858,90.36,24.902857142857147,16.148667,15.350286,15.653949,red
F058-052,F058,train,Batch 2,22,no,raised,no,damp,44,2025-04-15,22,0,0,0,2,44,83.82428571428571,89.67,26.346428571428568,12.035752,14.764857,12.873476,amber
F058-053,F058,train,Batch 3,12,no,floor,no,damp,104,2024-10-26,12,0,1,0,2,104,69.6592857142857,78.23,27.688571428571425,11.334732,12.931857,12.260505,amber
F058-054,F058,train,Batch 4,10,no,raised,no,dry,12,2025-03-05,10,0,0,0,0,12,75.175,78.24,28.174999999999994,10.996953,13.035,11.190899,green
F058-055,F058,train,Batch 5,12,yes,raised,no,damp,23,2025-01-02,12,1,0,0,2,23,62.06642857142857,80.0,26.784999999999997,12.586681,10.413286,12.207602,amber
F058-056,F058,train,Batch 6,12,no,raised,no,unsure,35,2025-11-06,12,0,0,0,1,35,82.97428571428573,88.91,26.115000000000002,11.696782,14.594857,12.429944,amber
F058-057,F058,train,Batch 7,18,no,raised,yes,unsure,115,2025-04-13,18,0,0,1,1,115,80.42999999999999,85.31,25.357142857142858,12.278928,14.086,13.392931,red
F058-058,F058,train,Batch 8,11,no,raised,no,dry,32,2025-11-03,11,0,0,0,0,32,81.12357142857142,88.91,26.405714285714286,10.920794,14.224714,11.694148,green
F058-059,F058,train,Batch 9,12,yes,floor,yes,damp,159,2024-12-27,12,1,1,1,2,159,83.81857142857143,89.67,26.320714285714285,11.872875,15.763714,14.729518,red
F058-060,F058,train,Batch 10,7,no,floor,no,unsure,48,2025-06-17,7,0,1,0,1,48,80.98571428571428,85.66,25.265000000000004,13.573253,15.197143,14.108617,red
F058-061,F058,train,Batch 1,9,no,floor,no,damp,32,2025-04-20,9,0,1,0,2,32,81.90714285714286,87.53,26.756428571428568,9.451301,15.381429,10.839376,green
F058-062,F058,train,Batch 2,13,no,floor,no,dry,5,2025-05-08,13,0,1,0,0,5,79.53785714285716,87.53,27.275000000000002,10.735241,14.907571,10.905516,green
F058-063,F058,train,Batch 3,12,no,raised,no,damp,75,2025-01-27,12,0,0,0,2,75,74.28428571428572,79.69,28.390000000000004,12.021198,12.856857,12.409561,amber
F058-064,F058,train,Batch 4,11,no,floor,no,damp,39,2025-04-25,11,0,1,0,2,39,83.73142857142857,89.67,26.414285714285715,10.751326,15.746286,12.137291,amber
F058-065,F058,train,Batch 5,5,yes,floor,yes,damp,89,2024-12-07,5,1,1,1,2,89,70.05642857142858,78.51,28.15857142857143,16.056688,13.011286,14.46187,red
F058-066,F058,train,Batch 6,13,no,raised,no,damp,60,2025-02-10,13,0,0,0,2,60,74.09642857142858,79.69,28.462857142857143,12.345701,12.819286,12.532042,amber
F058-067,F058,train,Batch 7,13,no,raised,no,dry,105,2024-10-26,13,0,0,0,0,105,69.68,78.23,27.772142857142853,11.142062,11.936,11.605037,green
F058-068,F058,train,Batch 8,9,no,raised,no,damp,120,2024-12-28,9,0,0,0,2,120,76.81714285714284,85.86,28.01357142857143,12.626304,13.363429,13.092256,red
F058-069,F058,train,Batch 9,9,yes,floor,yes,damp,173,2024-12-29,9,1,1,1,2,173,86.56071428571428,90.66,25.628571428571426,13.070476,16.312143,15.545381,red
F058-070,F058,train,Batch 10,17,no,raised,yes,damp,154,2025-07-14,17,0,0,1,2,154,83.47500000000001,88.91,25.950714285714287,11.453169,14.695,13.796649,red
F058-071,F058,train,Batch 1,6,no,floor,yes,damp,17,2025-04-19,6,0,1,1,2,17,79.15428571428572,85.86,27.290714285714284,12.545288,14.830857,12.847187,amber
F058-072,F058,train,Batch 2,10,yes,raised,no,damp,139,2025-04-14,10,1,0,0,2,139,78.31714285714284,83.94,25.267857142857142,13.188647,13.663429,13.514343,red
F058-073,F058,train,Batch 3,10,no,floor,no,dry,63,2024-12-10,10,0,1,0,0,63,70.35142857142857,78.23,27.863571428571426,10.922722,13.070286,11.799883,green
F058-074,F058,train,Batch 4,14,no,floor,yes,unsure,165,2024-12-14,14,0,1,1,1,165,83.45642857142856,89.67,26.444999999999993,10.32032,15.691286,14.333293,red
F058-075,F058,train,Batch 5,12,yes,raised,no,damp,163,2025-03-08,12,1,0,0,2,163,83.05071428571429,87.52,24.74428571428572,12.895481,14.610143,14.169322,red
F058-076,F058,train,Batch 6,2,no,raised,no,damp,69,2025-06-06,2,0,0,0,2,69,82.76785714285714,87.52,25.042142857142856,16.347011,14.553571,15.562749,red
F058-077,F058,train,Batch 7,7,no,raised,no,dry,85,2024-12-22,7,0,0,0,0,85,75.175,78.24,28.174999999999994,11.683576,13.035,12.369472,amber
F058-078,F058,train,Batch 8,11,yes,floor,yes,damp,167,2025-02-28,11,1,1,1,2,167,82.76785714285714,87.52,25.042142857142856,12.024763,15.553571,14.676096,red
F058-079,F058,train,Batch 9,18,no,raised,no,dry,11,2025-04-28,18,0,0,0,0,11,80.06714285714285,85.86,27.197142857142858,9.835063,14.013429,10.20105,green
F058-080,F058,train,Batch 10,11,no,raised,no,damp,131,2025-07-30,11,0,0,0,2,131,81.80071428571429,88.91,26.36357142857143,9.961007,14.360143,12.883544,amber
F059-001,F059,validation,Batch 1,12,no,floor,no,damp,153,2024-11-27,12,0,1,0,2,153,77.49857142857142,85.86,27.85928571428571,10.875782,14.499714,13.487075,red
F059-002,F059,validation,Batch 2,5,no,raised,yes,damp,114,2024-09-30,5,0,0,1,2,114,59.89357142857143,71.7,26.52571428571428,15.33687,9.978714,12.050933,amber
F059-003,F059,validation,Batch 3,7,no,raised,no,unsure,142,2024-08-20,7,0,0,0,1,142,72.47714285714285,81.58,27.456428571428567,12.706363,12.495429,12.560029,amber
F059-004,F059,validation,Batch 4,13,yes,raised,yes,damp,90,2024-11-29,13,1,0,1,2,90,70.21714285714285,78.51,28.01071428571428,12.981466,12.043429,12.486526,amber
F059-005,F059,validation,Batch 5,20,no,raised,yes,damp,54,2025-04-16,20,0,0,1,2,54,83.63857142857141,88.69,26.22785714285714,11.077359,14.727714,12.400145,amber
F059-006,F059,validation,Batch 6,17,yes,raised,no,unsure,104,2025-02-01,17,1,0,0,1,104,80.00642857142854,87.53,27.298571428571428,14.074236,14.001286,14.031951,red
F059-007,F059,validation,Batch 7,11,no,raised,no,damp,50,2025-04-26,11,0,0,0,2,50,85.49428571428571,88.69,25.845714285714283,11.628875,15.098857,12.811304,amber
F059-008,F059,validation,Batch 8,11,no,floor,yes,damp,138,2024-10-27,11,0,1,1,2,138,73.81714285714285,78.24,28.365000000000002,10.267253,13.763429,12.656411,amber
F059-009,F059,validation,Batch 9,5,no,raised,yes,damp,100,2025-05-12,5,0,0,1,2,100,82.54214285714285,87.52,24.740000000000002,13.786103,14.508429,14.194507,red
F059-010,F059,validation,Batch 10,10,yes,raised,no,damp,66,2025-04-18,10,1,0,0,2,66,86.86357142857142,90.66,25.509999999999998,13.896175,15.372714,14.520825,red
F059-011,F059,validation,Batch 1,3,yes,floor,yes,damp,158,2024-08-19,3,1,1,1,2,158,60.544285714285714,80.0,26.613571428571426,16.434037,11.108857,12.53615,amber
F059-012,F059,validation,Batch 2,11,no,raised,yes,damp,20,2024-12-22,11,0,0,1,2,20,69.75357142857142,77.39,27.245714285714286,12.410485,11.950714,12.339902,amber
F059-013,F059,validation,Batch 3,10,no,raised,yes,damp,99,2025-02-11,10,0,0,1,2,99,81.66928571428572,87.53,26.825,13.024647,14.333857,13.760116,red
F059-014,F059,validation,Batch 4,10,no,floor,no,damp,100,2025-01-14,10,0,1,0,2,100,75.46785714285714,82.23,28.179285714285708,10.274489,14.093571,12.433805,amber
F059-015,F059,validation,Batch 5,4,no,floor,no,damp,88,2025-09-17,4,0,1,0,2,88,83.49214285714287,88.91,25.952142857142857,13.980696,15.698429,14.873393,red
F059-016,F059,validation,Batch 6,3,no,raised,no,damp,100,2025-01-16,3,0,0,0,2,100,76.11357142857142,85.7,28.143571428571427,14.649042,13.222714,13.842594,red
F059-017,F059,validation,Batch 7,10,no,raised,yes,dry,114,2025-08-14,10,0,0,1,0,114,81.18071428571429,88.91,26.410714285714285,11.098458,14.236143,13.022671,red
F059-018,F059,validation,Batch 8,21,no,raised,no,unsure,50,2024-12-17,21,0,0,0,1,50,70.09071428571428,80.0,27.528571428571432,11.487226,12.018143,11.668141,green
F059-019,F059,validation,Batch 9,11,no,floor,yes,damp,98,2025-03-16,11,0,1,1,2,98,86.71142857142857,90.66,25.57785714285714,11.873889,16.342286,14.367691,red
F059-020,F059,validation,Batch 10,2,no,floor,yes,unsure,40,2025-03-27,2,0,1,1,1,40,79.15428571428572,85.86,27.290714285714284,16.607279,14.830857,16.103719,red
F059-021,F059,validation,Batch 1,10,no,floor,no,dry,30,2024-12-22,10,0,1,0,0,30,60.18857142857142,71.7,26.484999999999996,12.151417,11.037714,11.905067,green
F059-022,F059,validation,Batch 2,20,no,raised,no,damp,90,2024-10-07,20,0,0,0,2,90,74.23857142857142,81.58,27.345,12.524381,12.847714,12.694983,amber
F059-023,F059,validation,Batch 3,11,no,floor,no,damp,84,2025-04-25,11,0,1,0,2,84,84.62285714285714,90.36,24.603571428571424,11.065153,15.924571,13.511456,red
F059-024,F059,validation,Batch 4,8,no,raised,no,damp,94,2025-01-21,8,0,0,0,2,94,75.45071428571428,82.23,28.19785714285714,11.847141,13.090143,12.52224,amber
F059-025,F059,validation,Batch 5,13,no,raised,no,unsure,72,2025-09-20,13,0,0,0,1,72,79.74857142857145,82.18,26.606428571428573,11.234126,13.949714,12.459368,amber
F059-026,F059,validation,Batch 6,8,no,floor,no,dry,9,2025-06-09,8,0,1,0,0,9,85.98428571428573,90.66,25.713571428571424,10.914804,16.196857,11.296466,green
F059-027,F059,validation,Batch 7,11,no,raised,no,unsure,75,2025-04-16,11,0,0,0,1,75,87.03571428571426,90.66,25.40071428571429,10.349392,15.407143,12.699924,amber
F059-028,F059,validation,Batch 8,12,no,raised,no,damp,111,2025-02-09,12,0,0,0,2,111,83.37642857142858,89.67,26.362142857142857,10.803338,14.675286,13.139937,red
F059-029,F059,validation,Batch 9,10,no,raised,no,unsure,152,2024-09-28,10,0,0,0,1,152,70.21714285714285,78.51,28.01071428571428,12.233393,12.043429,12.096955,amber
F059-030,F059,validation,Batch 10,10,no,raised,no,damp,2,2025-01-27,10,0,0,0,2,2,66.50928571428572,80.0,27.219285714285714,12.490905,11.301857,12.471252,amber
F059-031,F059,validation,Batch 1,14,no,raised,no,unsure,162,2024-12-20,14,0,0,0,1,162,83.37642857142858,89.67,26.362142857142857,11.022197,14.675286,13.728258,red
F059-032,F059,validation,Batch 2,9,no,floor,yes,damp,134,2024-12-16,9,0,1,1,2,134,77.49857142857142,85.86,27.85928571428571,12.387786,14.499714,13.808334,red
F059-033,F059,validation,Batch 3,12,no,floor,no,dry,30,2025-03-19,12,0,1,0,0,30,74.38499999999999,78.56,28.30785714285715,9.761837,13.877,10.672108,green
F059-034,F059,validation,Batch 4,10,no,raised,no,damp,155,2024-07-30,10,0,0,0,2,155,76.62857142857142,81.58,26.99285714285714,11.728168,13.325714,12.886689,amber
F059-035,F059,validation,Batch 5,0,no,raised,yes,unsure,148,2024-11-11,0,0,0,1,1,148,75.32857142857142,81.64,28.277142857142852,16.611972,13.065714,14.09881,red
F059-036,F059,validation,Batch 6,19,no,raised,no,unsure,48,2024-12-21,19,0,0,0,1,48,69.6592857142857,78.23,27.688571428571425,11.491223,11.931857,11.636492,green
F059-037,F059,validation,Batch 7,11,no,raised,yes,damp,102,2025-01-19,11,0,0,1,2,102,77.765,85.86,27.712142857142855,12.742033,13.553,13.20638,red
F059-038,F059,validation,Batch 8,13,no,raised,no,dry,99,2024-11-24,13,0,0,0,0,99,69.66214285714285,78.51,28.240000000000002,11.647034,11.932429,11.807359,green
F059-039,F059,validation,Batch 9,15,yes,raised,yes,damp,164,2024-10-17,15,1,0,1,2,164,73.37142857142855,81.64,28.087857142857143,13.663047,12.674286,12.926376,amber
F059-040,F059,validation,Batch 10,10,no,raised,no,damp,134,2024-09-18,10,0,0,0,2,134,66.90071428571429,80.0,27.23142857142857,10.727382,11.380143,11.166449,green
F059-041,F059,validation,Batch 1,11,no,raised,yes,unsure,179,2024-10-08,11,0,0,1,1,179,74.88714285714285,81.64,28.173571428571424,11.163102,12.977429,12.56921,amber
F059-042,F059,validation,Batch 2,13,no,raised,no,damp,15,2025-05-30,13,0,0,0,2,15,85.29999999999998,88.69,26.00357142857143,12.348126,15.06,12.666779,amber
F059-043,F059,validation,Batch 3,12,no,floor,no,unsure,125,2025-02-17,12,0,1,0,1,125,86.71142857142857,90.66,25.57785714285714,10.485579,16.342286,14.275653,red
F059-044,F059,validation,Batch 4,12,no,floor,yes,damp,32,2025-03-06,12,0,1,1,2,32,75.32785714285714,81.64,28.215714285714284,11.5587,14.065571,12.145487,amber
F059-045,F059,validation,Batch 5,9,yes,raised,no,damp,162,2024-11-14,9,1,0,0,2,162,75.45071428571428,82.23,28.19785714285714,12.690968,13.090143,12.986661,amber
F059-046,F059,validation,Batch 6,7,no,raised,no,unsure,175,2024-08-12,7,0,0,0,1,175,72.24571428571429,80.0,27.539285714285715,13.76898,12.449143,12.756168,amber
F059-047,F059,validation,Batch 7,12,no,raised,yes,unsure,132,2024-11-11,12,0,0,1,1,132,73.69285714285715,78.24,28.224285714285717,10.783266,12.738571,12.087707,amber
F059-048,F059,validation,Batch 8,7,no,raised,no,unsure,169,2024-11-19,7,0,0,0,1,169,78.90142857142858,85.86,27.353571428571428,13.471658,13.780286,13.704811,red
F059-049,F059,validation,Batch 9,14,yes,floor,no,damp,40,2025-06-09,14,1,1,0,2,40,84.09,90.36,24.682857142857138,12.835521,15.818,13.680961,red
F059-050,F059,validation,Batch 10,18,no,raised,no,unsure,54,2025-04-04,18,0,0,0,1,54,83.45642857142856,89.67,26.444999999999993,11.061775,14.691286,12.377007,amber
F059-051,F059,validation,Batch 1,8,no,raised,no,damp,57,2025-02-09,8,0,0,0,2,57,75.32785714285714,81.64,28.215714285714284,11.799888,13.065571,12.278462,amber
F059-052,F059,validation,Batch 2,7,yes,raised,yes,damp,168,2024-12-17,7,1,0,1,2,168,83.73142857142857,89.67,26.414285714285715,15.571194,14.746286,14.949706,red
F059-053,F059,validation,Batch 3,5,no,raised,no,damp,125,2025-04-28,5,0,0,0,2,125,78.31714285714284,83.94,25.267857142857142,13.724157,13.663429,13.684858,red
F059-054,F059,validation,Batch 4,16,no,floor,no,dry,4,2025-05-30,16,0,1,0,0,4,83.73142857142857,89.67,26.414285714285715,11.539184,15.746286,11.677109,green
F059-055,F059,validation,Batch 5,11,yes,raised,yes,damp,176,2024-12-16,11,1,0,1,2,176,83.98000000000002,88.69,26.188571428571425,13.518768,14.796,14.501351,red
F059-056,F059,validation,Batch 6,5,yes,raised,no,damp,105,2024-10-05,5,1,0,0,2,105,61.981428571428566,71.7,26.548571428571428,15.405556,10.396286,12.48446,amber
F059-057,F059,validation,Batch 7,17,no,raised,no,dry,125,2024-09-08,17,0,0,0,0,125,69.75357142857142,77.39,27.245714285714286,12.025325,11.950714,11.977042,green
F059-058,F059,validation,Batch 8,10,no,floor,no,damp,10,2025-03-14,10,0,1,0,2,10,73.70214285714287,78.24,28.172857142857143,11.98808,13.740429,12.12819,amber
F059-059,F059,validation,Batch 9,11,yes,raised,yes,damp,122,2025-02-28,11,1,0,1,2,122,87.03571428571426,90.66,25.40071428571429,12.722732,15.407143,14.435926,red
F059-060,F059,validation,Batch 10,15,yes,floor,no,damp,147,2025-07-28,15,1,1,0,2,147,79.21000000000001,84.53,26.11428571428571,13.611563,14.842,14.48055,red
F059-061,F059,validation,Batch 1,6,no,floor,no,damp,127,2025-04-03,6,0,1,0,2,127,81.1557142857143,87.52,25.33142857142857,12.110062,15.231143,14.148022,red
F059-062,F059,validation,Batch 2,5,no,raised,yes,damp,133,2024-10-28,5,0,0,1,2,133,69.37785714285715,77.34,28.559285714285718,15.216736,11.875571,12.978519,amber
F059-063,F059,validation,Batch 3,11,no,floor,no,dry,10,2025-01-11,11,0,1,0,0,10,60.18857142857142,71.7,26.484999999999996,10.944707,11.037714,10.952144,green
F059-064,F059,validation,Batch 4,2,yes,raised,no,unsure,107,2024-09-29,2,1,0,0,1,107,65.01571428571428,75.06,26.98,17.263077,11.003143,13.56954,red
F059-065,F059,validation,Batch 5,16,yes,raised,yes,damp,110,2025-02-16,16,1,0,1,2,110,83.2942857142857,89.67,26.285,13.143314,14.658857,14.052868,red
F059-066,F059,validation,Batch 6,12,no,raised,no,unsure,33,2025-04-02,12,0,0,0,1,33,79.06857142857145,85.86,27.321428571428573,10.430124,13.813714,11.243633,green
F059-067,F059,validation,Batch 7,4,no,floor,no,damp,112,2024-12-05,4,0,1,0,2,112,73.88571428571429,81.64,28.015000000000004,15.017466,13.777143,14.264888,red
F059-068,F059,validation,Batch 8,9,no,raised,yes,damp,128,2025-01-26,9,0,0,1,2,128,83.73142857142857,89.67,26.414285714285715,12.860962,14.746286,14.097445,red
F059-069,F059,validation,Batch 9,9,yes,raised,no,damp,83,2024-11-21,9,1,0,0,2,83,70.62928571428571,78.23,27.86357142857143,13.693196,12.125857,12.910688,amber
F059-070,F059,validation,Batch 10,14,no,raised,no,unsure,158,2024-11-09,14,0,0,0,1,158,74.27428571428572,78.56,28.309285714285718,9.766437,12.854857,12.027077,amber
F059-071,F059,validation,Batch 1,18,no,raised,no,damp,152,2025-03-13,18,0,0,0,2,152,82.35928571428572,87.52,25.172857142857143,11.613106,14.471857,13.666349,red
F059-072,F059,validation,Batch 2,9,no,raised,no,unsure,9,2025-01-10,9,0,0,0,1,9,60.872857142857136,71.7,26.470714285714283,12.238024,10.174571,12.088926,amber
F059-073,F059,validation,Batch 3,7,no,raised,yes,damp,66,2025-06-04,7,0,0,1,2,66,81.38214285714285,87.52,25.326428571428572,12.076571,14.276429,13.007221,red
F059-074,F059,validation,Batch 4,6,no,floor,no,damp,180,2024-10-08,6,0,1,0,2,180,75.43071428571427,81.64,28.13,13.019421,14.086143,13.848125,red
F059-075,F059,validation,Batch 5,12,no,floor,no,unsure,139,2025-04-07,12,0,1,0,1,139,81.38214285714285,84.22,24.82214285714286,12.362099,15.276429,14.361303,red
F059-076,F059,validation,Batch 6,13,no,raised,no,unsure,98,2024-12-02,13,0,0,0,1,98,69.37785714285715,77.34,28.559285714285718,11.062713,11.875571,11.516367,green
F059-077,F059,validation,Batch 7,22,no,floor,no,dry,30,2025-02-25,22,0,1,0,0,30,73.88571428571429,81.64,28.015000000000004,10.560827,13.777143,11.272274,green
F059-078,F059,validation,Batch 8,8,no,raised,no,damp,34,2024-12-23,8,0,0,0,2,34,63.680714285714295,80.0,26.958571428571425,13.516115,10.736143,12.830209,amber
F059-079,F059,validation,Batch 9,9,no,raised,no,damp,122,2024-09-04,9,0,0,0,2,122,75.20214285714285,81.58,27.287857142857142,11.659313,13.040429,12.540742,amber
F059-080,F059,validation,Batch 10,8,no,raised,no,damp,66,2025-04-28,8,0,0,0,2,66,86.1857142857143,89.75,25.416428571428572,12.79812,15.237143,13.829949,red
F060-001,F060,train,Batch 1,18,no,floor,no,unsure,11,2025-01-18,18,0,1,0,1,11,66.50928571428572,80.0,27.219285714285714,11.189937,12.301857,11.287331,green
F060-002,F060,train,Batch 2,9,yes,raised,no,dry,155,2024-08-28,9,1,0,0,0,155,66.90071428571429,80.0,27.23142857142857,10.66302,11.380143,11.183069,green
F060-003,F060,train,Batch 3,10,no,raised,yes,damp,137,2025-01-16,10,0,0,1,2,137,83.63785714285714,89.67,26.459285714285716,11.320158,14.727571,13.639631,red
F060-004,F060,train,Batch 4,6,yes,floor,no,damp,135,2025-08-14,6,1,1,0,2,135,77.29785714285713,84.53,26.512142857142855,15.622129,14.459571,14.836998,red
F060-005,F060,train,Batch 5,6,no,raised,yes,damp,138,2025-03-20,6,0,0,1,2,138,80.63071428571428,85.31,25.315,13.004178,14.126143,13.770888,red
F060-006,F060,train,Batch 6,3,no,floor,no,unsure,88,2024-12-28,3,0,1,0,1,88,73.82714285714287,81.64,28.066428571428577,15.094412,13.765429,14.403747,red
F060-007,F060,train,Batch 7,16,no,floor,no,unsure,145,2024-09-22,16,0,1,0,1,145,70.8442857142857,78.23,27.91,11.276637,13.168857,12.603661,amber
F060-008,F060,train,Batch 8,13,no,raised,no,unsure,110,2025-01-09,13,0,0,0,1,110,77.49857142857142,85.86,27.85928571428571,11.461641,13.499714,12.684791,amber
F060-009,F060,train,Batch 9,9,no,floor,no,damp,133,2025-03-27,9,0,1,0,2,133,80.57857142857144,85.31,25.376428571428573,11.767168,15.115714,14.01033,red
F060-010,F060,train,Batch 10,5,no,raised,yes,unsure,5,2025-05-20,5,0,0,1,1,5,83.64999999999999,89.67,26.43571428571428,14.024584,14.73,14.053372,red
F060-011,F060,train,Batch 1,10,yes,floor,yes,damp,111,2025-03-23,10,1,1,1,2,111,86.38214285714287,90.36,24.812857142857144,14.270453,16.276429,15.480996,red
F060-012,F060,train,Batch 2,13,yes,floor,yes,damp,81,2025-06-11,13,1,1,1,2,81,78.31714285714284,83.94,25.267857142857142,13.146531,14.663429,13.89109,red
F060-013,F060,train,Batch 3,15,no,floor,no,dry,37,2025-02-19,15,0,1,0,0,37,73.63142857142857,81.64,28.07000000000001,10.383779,13.726286,11.270645,green
F060-014,F060,train,Batch 4,13,yes,raised,no,unsure,102,2024-11-09,13,1,0,0,1,102,72.61214285714284,77.15,28.237857142857145,12.658125,12.522429,12.580427,amber
F060-015,F060,train,Batch 5,12,no,raised,no,damp,109,2024-12-27,12,0,0,0,2,109,73.90571428571427,77.92,28.40928571428572,12.468614,12.781143,12.655132,amber
F060-016,F060,train,Batch 6,15,no,floor,no,damp,163,2024-09-10,15,0,1,0,2,163,72.97857142857141,77.15,28.245,13.041203,13.595714,13.453156,red
F060-017,F060,train,Batch 7,7,no,raised,no,unsure,1,2025-07-06,7,0,0,0,1,1,86.22142857142856,90.2,25.115000000000006,12.745566,15.244286,12.766303,amber
F060-018,F060,train,Batch 8,13,no,floor,no,damp,59,2025-02-05,13,0,1,0,2,59,74.88714285714285,81.64,28.173571428571424,12.298448,13.977429,12.950553,amber
F060-019,F060,train,Batch 9,12,no,floor,no,unsure,47,2024-12-21,12,0,1,0,1,47,69.12214285714286,78.23,27.645,11.331183,12.824429,11.8151,green
F060-020,F060,train,Batch 10,5,no,floor,yes,damp,84,2025-03-28,5,0,1,1,2,84,86.56071428571428,90.66,25.628571428571426,13.233212,16.312143,14.783191,red
F060-021,F060,train,Batch 1,8,no,floor,no,damp,130,2024-11-26,8,0,1,0,2,130,74.88714285714285,81.64,28.173571428571424,13.182038,13.977429,13.708216,red
F060-022,F060,train,Batch 2,7,no,raised,yes,damp,57,2025-03-24,7,0,0,1,2,57,81.05857142857143,87.53,26.972142857142853,13.173276,14.211714,13.565925,red
F060-023,F060,train,Batch 3,11,yes,raised,no,damp,134,2025-07-24,11,1,0,0,2,134,81.12357142857142,88.91,26.405714285714286,13.200955,14.224714,13.889567,red
F060-024,F060,train,Batch 4,6,yes,raised,yes,damp,79,2025-09-21,6,1,0,1,2,79,82.38214285714285,88.91,26.270000000000003,15.364141,14.476429,14.936009,red
F060-025,F060,train,Batch 5,14,no,floor,no,damp,124,2024-11-17,14,0,1,0,2,124,74.48857142857143,78.24,28.12714285714286,10.835626,13.897714,12.808165,amber
F060-026,F060,train,Batch 6,10,no,floor,no,unsure,119,2025-08-12,10,0,1,0,1,119,82.38214285714285,88.91,26.270000000000003,12.577285,15.476429,14.400968,red
F060-027,F060,train,Batch 7,12,no,raised,no,dry,108,2024-10-03,12,0,0,0,0,108,60.872857142857136,71.7,26.470714285714283,11.895655,10.174571,10.874312,green
F060-028,F060,train,Batch 8,9,no,raised,no,damp,107,2024-12-30,9,0,0,0,2,107,74.27428571428572,78.56,28.309285714285718,11.689879,12.854857,12.377249,amber
F060-029,F060,train,Batch 9,18,yes,raised,no,unsure,62,2024-11-18,18,1,0,0,1,62,60.872857142857136,71.7,26.470714285714283,15.032609,10.174571,13.072418,red
F060-030,F060,train,Batch 10,13,no,raised,yes,damp,44,2025-06-10,13,0,0,1,2,44,82.66142857142857,85.66,24.782857142857143,12.079362,14.532286,12.83231,amber
F060-031,F060,train,Batch 1,9,no,raised,no,dry,26,2025-01-21,9,0,0,0,0,26,69.64214285714284,77.15,28.177142857142858,11.577974,11.928429,11.646243,green
F060-032,F060,train,Batch 2,11,no,floor,no,damp,142,2025-01-02,11,0,1,0,2,142,83.17142857142858,89.67,26.565714285714282,11.620328,15.634286,14.404986,red
F060-033,F060,train,Batch 3,8,no,raised,no,damp,156,2024-10-05,8,0,0,0,2,156,69.37785714285715,77.34,28.559285714285718,12.953478,11.875571,12.169335,amber
F060-034,F060,train,Batch 4,9,no,raised,yes,damp,147,2025-02-24,9,0,0,1,2,147,83.61785714285715,90.36,24.720714285714283,10.674811,14.723571,13.534217,red
F060-035,F060,train,Batch 5,15,no,raised,no,dry,12,2025-12-02,15,0,0,0,0,12,83.49214285714287,88.91,25.952142857142857,11.713813,14.698429,11.997836,green
F060-036,F060,train,Batch 6,8,no,floor,yes,damp,128,2025-02-24,8,0,1,1,2,128,86.20571428571428,89.75,25.45,12.651612,16.241143,15.005792,red
F060-037,F060,train,Batch 7,13,no,raised,no,unsure,77,2025-03-16,13,0,0,0,1,77,83.39714285714287,89.67,26.442857142857147,11.384955,14.679429,12.94517,amber
F060-038,F060,train,Batch 8,12,no,raised,no,damp,144,2024-11-26,12,0,0,0,2,144,74.75500000000001,79.17,28.256428571428575,10.061838,12.951,12.080801,amber
F060-039,F060,train,Batch 9,7,no,floor,no,damp,41,2025-07-03,7,0,1,0,2,41,82.54142857142857,87.52,25.115,15.070188,15.508286,15.19698,red
F060-040,F060,train,Batch 10,6,no,raised,no,damp,18,2025-03-13,6,0,0,0,2,18,73.74642857142858,81.64,28.010714285714283,14.428515,12.749286,14.194612,red
F060-041,F060,train,Batch 1,5,no,raised,yes,unsure,146,2024-11-28,5,0,0,1,1,146,75.51857142857143,82.23,28.140714285714278,14.030324,13.103714,13.378191,red
F060-042,F060,train,Batch 2,6,no,raised,yes,damp,95,2024-11-09,6,0,0,1,2,95,70.62928571428571,78.23,27.86357142857143,13.374221,12.125857,12.691477,amber
F060-043,F060,train,Batch 3,8,no,raised,no,dry,84,2024-12-17,8,0,0,0,0,84,70.31785714285715,77.97,28.57928571428572,12.564179,12.063571,12.312166,amber
F060-044,F060,train,Batch 4,12,no,raised,no,damp,163,2024-11-08,12,0,0,0,2,163,74.66,79.17,28.26928571428571,9.627112,12.932,12.08235,amber
F060-045,F060,train,Batch 5,8,no,floor,yes,damp,28,2025-05-19,8,0,1,1,2,28,85.54642857142858,88.69,25.76142857142857,12.307655,16.109286,13.098814,red
F060-046,F060,train,Batch 6,10,no,raised,yes,damp,97,2025-03-03,10,0,0,1,2,97,83.52428571428571,88.69,26.235714285714284,12.380047,14.704857,13.668922,red
F060-047,F060,train,Batch 7,6,yes,floor,no,damp,162,2024-12-13,6,1,1,0,2,162,83.17142857142858,89.67,26.565714285714282,16.580081,15.634286,15.879474,red
F060-048,F060,train,Batch 8,9,no,floor,yes,damp,41,2025-03-06,9,0,1,1,2,41,74.27428571428572,78.56,28.309285714285718,12.900069,13.854857,13.176399,red
F060-049,F060,train,Batch 9,10,yes,floor,yes,damp,74,2024-11-09,10,1,1,1,2,74,59.89357142857143,71.7,26.52571428571428,13.095711,10.978714,12.121343,amber
F060-050,F060,train,Batch 10,2,yes,raised,no,dry,152,2024-08-18,2,1,0,0,0,152,63.43285714285713,71.7,26.69785714285715,17.116299,10.686571,12.498271,amber
F060-051,F060,train,Batch 1,15,yes,floor,yes,unsure,89,2024-11-27,15,1,1,1,1,89,72.81714285714285,78.51,28.025000000000002,12.627119,13.563429,13.117446,red
F060-052,F060,train,Batch 2,8,no,raised,no,damp,13,2024-12-19,8,0,0,0,2,13,76.62857142857142,81.58,26.99285714285714,11.910573,13.325714,12.055868,amber
F060-053,F060,train,Batch 3,7,yes,floor,yes,dry,68,2025-03-01,7,1,1,1,0,68,79.41857142857144,85.86,27.283571428571427,14.10436,14.883714,14.441498,red
F060-054,F060,train,Batch 4,3,no,raised,no,damp,162,2025-02-03,3,0,0,0,2,162,85.73071428571428,90.36,24.577857142857145,15.275783,15.146143,15.179751,red
F060-055,F060,train,Batch 5,15,no,floor,yes,damp,54,2025-05-22,15,0,1,1,2,54,85.73071428571428,90.36,24.577857142857145,10.603072,16.146143,12.611725,amber
F060-056,F060,train,Batch 6,8,no,floor,no,unsure,110,2024-10-21,8,0,1,0,1,110,69.68,78.23,27.772142857142853,12.994883,12.936,12.959544,amber
F060-057,F060,train,Batch 7,18,no,floor,yes,damp,86,2025-03-20,18,0,1,1,2,86,85.29999999999998,88.69,26.00357142857143,13.287773,16.06,14.706107,red
F060-058,F060,train,Batch 8,6,yes,raised,no,unsure,165,2024-08-04,6,1,0,0,1,165,64.66071428571426,75.06,26.78357142857143,13.30003,10.932143,11.530839,green
F060-059,F060,train,Batch 9,2,no,raised,no,damp,70,2025-10-18,2,0,0,0,2,70,77.29785714285713,84.53,26.512142857142855,14.873703,13.459571,14.248706,red
F060-060,F060,train,Batch 10,15,no,floor,no,unsure,108,2025-03-04,15,0,1,0,1,108,86.56071428571428,90.66,25.628571428571426,12.175001,16.312143,14.630107,red
F060-061,F060,train,Batch 1,16,no,raised,yes,unsure,26,2025-11-22,16,0,0,1,1,26,80.50214285714286,85.68,26.052142857142858,12.322772,14.100429,12.669062,amber
F060-062,F060,train,Batch 2,9,no,raised,yes,unsure,155,2024-08-02,9,0,0,1,1,155,75.20214285714285,81.58,27.287857142857142,12.772903,13.040429,12.966909,amber
F060-063,F060,train,Batch 3,13,no,floor,yes,damp,94,2025-01-27,13,0,1,1,2,94,77.765,85.86,27.712142857142855,12.50503,14.553,13.617322,red
F060-064,F060,train,Batch 4,16,yes,floor,no,damp,33,2025-07-18,16,1,1,0,2,33,82.54214285714285,87.52,24.740000000000002,13.903386,15.508429,14.289283,red
F060-065,F060,train,Batch 5,11,no,raised,yes,damp,157,2025-01-01,11,0,0,1,2,157,83.22428571428573,88.69,26.26285714285714,12.7063,14.644857,14.120923,red
F060-066,F060,train,Batch 6,9,no,raised,no,dry,7,2025-08-10,9,0,0,0,0,7,83.31285714285715,87.52,24.79928571428572,10.765026,14.662571,10.985879,green
F060-067,F060,train,Batch 7,15,no,raised,no,unsure,49,2025-04-03,15,0,0,0,1,49,81.90714285714286,87.53,26.756428571428568,11.669475,14.381429,12.578637,amber
F060-068,F060,train,Batch 8,15,no,raised,no,dry,11,2025-08-14,15,0,0,0,0,11,80.9592857142857,84.22,24.856428571428577,11.407857,14.191857,11.65171,green
F060-069,F060,train,Batch 9,6,no,raised,no,unsure,119,2025-01-16,6,0,0,0,1,119,79.61214285714286,87.53,27.315,13.085728,13.922429,13.612048,red
F060-070,F060,train,Batch 10,6,no,raised,no,dry,165,2024-08-15,6,0,0,0,0,165,65.07714285714287,80.0,27.072142857142858,14.506024,11.015429,11.897989,green
F060-071,F060,train,Batch 1,5,yes,floor,yes,damp,54,2024-11-24,5,1,1,1,2,54,63.43285714285713,71.7,26.69785714285715,15.818794,11.686571,14.321393,red
F060-072,F060,train,Batch 2,2,yes,floor,yes,dry,161,2025-02-07,2,1,1,1,0,161,84.62285714285714,90.36,24.603571428571424,16.806388,15.924571,16.155087,red
F060-073,F060,train,Batch 3,11,no,floor,no,damp,46,2025-05-08,11,0,1,0,2,46,86.86357142857142,90.66,25.509999999999998,12.241906,16.372714,13.557214,red
F060-074,F060,train,Batch 4,11,no,floor,no,dry,7,2025-12-12,11,0,1,0,0,7,80.28499999999998,85.68,26.07571428571429,10.924245,15.057,11.158426,green
F060-075,F060,train,Batch 5,6,no,raised,yes,damp,65,2025-10-04,6,0,0,1,2,65,81.80071428571429,88.91,26.36357142857143,15.258008,14.360143,14.882501,red
F060-076,F060,train,Batch 6,10,no,raised,yes,unsure,133,2024-10-02,10,0,0,1,1,133,70.62928571428571,78.23,27.86357142857143,13.00254,12.125857,12.415258,amber
F060-077,F060,train,Batch 7,12,yes,raised,no,damp,178,2025-01-23,12,1,0,0,2,178,83.89500000000001,90.36,24.712142857142855,13.621624,14.779,14.516414,red
F060-078,F060,train,Batch 8,6,no,raised,yes,damp,30,2025-05-27,6,0,0,1,2,30,87.19285714285716,90.66,25.372142857142855,13.15085,15.438571,13.656892,red
F060-079,F060,train,Batch 9,10,no,raised,yes,damp,134,2024-12-29,10,0,0,1,2,134,79.13642857142858,84.02,27.32214285714286,12.33784,13.827286,13.339687,red
F060-080,F060,train,Batch 10,7,no,floor,no,damp,31,2025-03-01,7,0,1,0,2,31,73.75142857142859,81.64,28.114285714285717,14.111075,13.750286,14.028937,red
S001-001,S001,season_stress,Batch 1,9,yes,floor,no,damp,4,2025-09-29,9,1,1,0,2,4,86.37857142857142,90.08,25.26214285714286,12.614003,16.275714,12.734048,amber
S001-002,S001,season_stress,Batch 2,7,no,raised,no,dry,56,2025-09-15,7,0,0,0,0,56,84.72,88.08,25.851428571428567,11.639051,14.944,12.871503,amber
S001-003,S001,season_stress,Batch 3,5,no,raised,no,damp,17,2025-09-04,5,0,0,0,2,17,83.42571428571428,88.77,25.517142857142858,13.677135,14.685143,13.810282,red
S001-004,S001,season_stress,Batch 4,11,no,floor,yes,damp,57,2025-09-09,11,0,1,1,2,57,85.0307142857143,87.8,25.983571428571427,12.027231,16.006143,13.531717,red
S001-005,S001,season_stress,Batch 5,14,no,raised,yes,damp,88,2025-06-15,14,0,0,1,2,88,74.61357142857143,80.37,26.20642857142857,11.246489,12.922714,12.117614,amber
S001-006,S001,season_stress,Batch 6,9,no,raised,no,unsure,149,2025-05-28,9,0,0,0,1,149,86.25357142857142,88.2,25.459285714285716,11.731305,15.250714,14.233949,red
S001-007,S001,season_stress,Batch 7,15,yes,raised,no,damp,26,2025-10-11,15,1,0,0,2,26,85.215,87.94,25.929999999999996,12.619476,15.043,13.091582,red
S001-008,S001,season_stress,Batch 8,8,no,raised,no,damp,7,2025-11-10,8,0,0,0,2,7,82.93357142857143,88.08,26.018571428571438,12.45242,14.586714,12.573359,amber
S001-009,S001,season_stress,Batch 9,7,yes,raised,no,damp,17,2025-10-07,7,1,0,0,2,17,86.25357142857142,88.2,25.459285714285716,14.317724,15.250714,14.440963,red
S001-010,S001,season_stress,Batch 10,15,no,floor,no,damp,102,2025-05-23,15,0,1,0,2,102,77.24214285714285,83.94,25.514999999999993,8.893929,14.448429,12.074353,amber
S001-011,S001,season_stress,Batch 1,15,no,floor,no,damp,36,2025-10-11,15,0,1,0,2,36,83.20285714285714,88.08,25.993571428571435,11.122759,15.640571,12.293693,amber
S001-012,S001,season_stress,Batch 2,13,yes,raised,no,unsure,19,2025-09-30,13,1,0,0,1,19,86.705,88.74,25.139999999999997,13.163481,15.341,13.482345,red
S001-013,S001,season_stress,Batch 3,7,no,floor,yes,damp,149,2025-05-25,7,0,1,1,2,149,86.4992857142857,88.74,25.236428571428576,12.525704,16.299857,15.209496,red
S001-014,S001,season_stress,Batch 4,8,no,raised,yes,damp,118,2025-07-01,8,0,0,1,2,118,85.78571428571429,87.98,25.67428571428571,12.836893,15.157143,14.289225,red
S001-015,S001,season_stress,Batch 5,6,yes,raised,yes,damp,141,2025-05-24,6,1,0,1,2,141,86.90642857142858,90.08,25.095714285714283,15.035708,15.381286,15.274565,red
S001-016,S001,season_stress,Batch 6,11,no,raised,no,dry,23,2025-10-20,11,0,0,0,0,23,83.92142857142858,88.08,25.88428571428571,10.810406,14.784286,11.503522,green
S001-017,S001,season_stress,Batch 7,16,no,raised,no,damp,105,2025-07-20,16,0,0,0,2,105,84.88785714285716,87.8,26.025000000000002,12.517107,14.977571,13.951897,red
S001-018,S001,season_stress,Batch 8,8,no,floor,no,dry,42,2025-08-25,8,0,1,0,0,42,86.86285714285715,90.08,25.234999999999996,10.769877,16.372571,12.42442,amber
S001-019,S001,season_stress,Batch 9,11,no,raised,no,damp,53,2025-09-12,11,0,0,0,2,53,84.88000000000001,87.8,26.011428571428564,11.246704,14.976,12.578197,amber
S001-020,S001,season_stress,Batch 10,7,no,raised,no,unsure,92,2025-08-29,7,0,0,0,1,92,79.68999999999998,82.0,26.620714285714286,12.186184,13.938,13.124178,red
S001-021,S001,season_stress,Batch 1,3,yes,raised,yes,damp,96,2025-06-18,3,1,0,1,2,96,83.95857142857143,88.77,25.467142857142857,15.515508,14.791714,15.116936,red
S001-022,S001,season_stress,Batch 2,15,no,raised,no,damp,96,2025-07-17,15,0,0,0,2,96,86.4992857142857,88.74,25.236428571428576,9.815603,15.299857,12.835623,amber
S001-023,S001,season_stress,Batch 3,15,no,raised,no,damp,168,2025-03-27,15,0,0,0,2,168,74.61357142857143,80.37,26.20642857142857,11.395057,12.922714,12.545999,amber
S001-024,S001,season_stress,Batch 4,15,yes,raised,no,damp,68,2025-08-01,15,1,0,0,2,68,87.04857142857144,90.08,25.15357142857143,13.265733,15.409714,14.19319,red
S001-025,S001,season_stress,Batch 5,12,yes,floor,no,damp,163,2025-05-16,12,1,1,0,2,163,85.99285714285713,87.98,25.597142857142853,12.274223,16.198571,15.189665,red
S001-026,S001,season_stress,Batch 6,17,no,raised,no,dry,7,2025-11-16,17,0,0,0,0,7,80.62,82.05,26.466428571428573,11.150809,14.124,11.319283,green
S001-027,S001,season_stress,Batch 7,18,no,raised,yes,damp,140,2025-05-24,18,0,0,1,2,140,86.89857142857143,90.08,25.137857142857143,10.232061,15.379714,13.776718,red
S001-028,S001,season_stress,Batch 8,9,no,raised,no,dry,79,2025-06-23,9,0,0,0,0,79,74.25285714285714,79.03,26.257142857142856,10.081453,12.850571,11.416961,green
S001-029,S001,season_stress,Batch 9,9,no,floor,no,damp,47,2025-08-11,9,0,1,0,2,47,85.98214285714288,88.95,25.387857142857143,10.93078,16.196429,12.637222,amber
S001-030,S001,season_stress,Batch 10,8,yes,floor,no,damp,13,2025-09-13,8,1,1,0,2,13,85.96928571428573,88.77,25.34642857142857,13.160619,16.193857,13.472046,red
S001-031,S001,season_stress,Batch 1,9,no,raised,yes,damp,176,2025-06-05,9,0,0,1,2,176,79.7242857142857,82.0,26.625714285714285,11.602428,13.944857,13.404475,red
S001-032,S001,season_stress,Batch 2,8,no,raised,yes,dry,130,2025-07-11,8,0,0,1,0,130,82.5457142857143,88.08,26.06928571428572,11.786868,14.509143,13.587747,red
S001-033,S001,season_stress,Batch 3,8,no,raised,yes,damp,86,2025-08-08,8,0,0,1,2,86,84.88785714285716,87.8,26.025000000000002,11.667939,14.977571,13.361222,red
S001-034,S001,season_stress,Batch 4,6,no,raised,no,damp,109,2025-07-29,6,0,0,0,2,109,83.19714285714285,88.08,25.985714285714288,12.750837,14.639429,13.877957,red
S001-035,S001,season_stress,Batch 5,12,no,raised,no,unsure,35,2025-10-26,12,0,0,0,1,35,79.66714285714286,82.0,26.61214285714286,11.326635,13.933429,11.986108,green
S001-036,S001,season_stress,Batch 6,22,no,floor,no,unsure,32,2025-08-21,22,0,1,0,1,32,83.95857142857143,88.77,25.467142857142857,10.729904,15.791714,11.91473,green
S001-037,S001,season_stress,Batch 7,7,no,raised,yes,dry,118,2025-05-29,7,0,0,1,0,118,85.20714285714284,88.77,25.37285714285715,12.234916,15.041429,13.991619,red
S001-038,S001,season_stress,Batch 8,5,yes,raised,no,unsure,109,2025-06-08,5,1,0,0,1,109,85.61571428571428,88.77,25.353571428571428,14.200458,15.123143,14.75112,red
S001-039,S001,season_stress,Batch 9,6,no,floor,yes,unsure,178,2025-03-08,6,0,1,1,1,178,77.24214285714285,83.94,25.514999999999993,12.999322,14.448429,14.119655,red
S001-040,S001,season_stress,Batch 10,17,no,raised,yes,damp,79,2025-07-03,17,0,0,1,2,79,82.74428571428572,88.77,25.586428571428574,11.263496,14.548857,12.847981,amber
S001-041,S001,season_stress,Batch 1,12,no,raised,no,dry,49,2025-07-22,12,0,0,0,0,49,74.54571428571428,79.03,26.131428571428575,10.714033,12.909143,11.449928,green
S001-042,S001,season_stress,Batch 2,17,yes,raised,no,dry,104,2025-07-18,17,1,0,0,0,104,85.47285714285715,87.98,25.917857142857144,12.439881,15.094571,13.978671,red
S001-043,S001,season_stress,Batch 3,21,yes,raised,no,unsure,123,2025-05-04,21,1,0,0,1,123,76.6557142857143,83.94,25.652142857142852,12.495809,13.331143,13.031428,red
S001-044,S001,season_stress,Batch 4,9,no,raised,no,dry,8,2025-11-05,9,0,0,0,0,8,83.77857142857144,88.08,25.886428571428564,10.420121,14.755714,10.699736,green
S001-045,S001,season_stress,Batch 5,7,no,raised,no,dry,5,2025-11-02,7,0,0,0,0,5,85.23714285714286,88.08,25.839285714285715,12.014161,15.047429,12.13795,amber
S001-046,S001,season_stress,Batch 6,2,no,floor,yes,damp,143,2025-06-13,2,0,1,1,2,143,84.77785714285714,87.8,26.043571428571425,16.233291,15.955571,16.039919,red
S001-047,S001,season_stress,Batch 7,4,yes,floor,no,dry,9,2025-10-20,4,1,1,0,0,9,85.6907142857143,87.98,25.83285714285714,17.394861,16.138143,17.304055,red
S001-048,S001,season_stress,Batch 8,8,no,raised,no,dry,38,2025-10-21,8,0,0,0,0,38,79.7242857142857,82.0,26.625714285714285,13.405516,13.944857,13.551908,red
S001-049,S001,season_stress,Batch 9,11,no,floor,no,damp,15,2025-09-21,11,0,1,0,2,15,86.86285714285715,90.08,25.234999999999996,11.645953,16.372571,12.201345,amber
S001-050,S001,season_stress,Batch 10,10,no,floor,no,damp,139,2025-05-12,10,0,1,0,2,139,86.11928571428572,88.95,25.414285714285715,10.8448,16.223857,14.534784,red
S001-051,S001,season_stress,Batch 1,7,no,raised,no,damp,149,2025-07-01,7,0,0,0,2,149,79.72785714285715,82.05,26.597857142857144,13.955255,13.945571,13.948369,red
S001-052,S001,season_stress,Batch 2,17,no,floor,yes,unsure,85,2025-06-28,17,0,1,1,1,85,83.42571428571428,88.77,25.517142857142858,10.083844,15.685143,12.926703,amber
S001-053,S001,season_stress,Batch 3,7,yes,floor,yes,damp,98,2025-06-16,7,1,1,1,2,98,83.95857142857143,88.77,25.467142857142857,13.016929,15.791714,14.565531,red
S001-054,S001,season_stress,Batch 4,10,no,raised,no,damp,27,2025-10-22,10,0,0,0,2,27,82.5457142857143,88.08,26.06928571428572,11.445161,14.509143,12.062504,amber
S001-055,S001,season_stress,Batch 5,16,no,raised,no,unsure,35,2025-10-24,16,0,0,0,1,35,79.7242857142857,82.0,26.625714285714285,11.3399,13.944857,11.998909,green
S001-056,S001,season_stress,Batch 6,11,yes,floor,yes,damp,152,2025-05-20,11,1,1,1,2,152,86.705,88.74,25.139999999999997,13.054945,16.341,15.415091,red
S001-057,S001,season_stress,Batch 7,3,no,raised,yes,damp,152,2025-05-14,3,0,0,1,2,152,86.64142857142858,90.08,25.178571428571427,15.628653,15.328286,15.41292,red
S001-058,S001,season_stress,Batch 8,9,no,raised,yes,unsure,170,2025-05-22,9,0,0,1,1,170,84.74928571428572,88.08,25.85571428571428,12.282164,14.949857,14.302885,red
S001-059,S001,season_stress,Batch 9,6,no,floor,no,damp,93,2025-07-08,6,0,1,0,2,93,87.07928571428572,90.08,25.138571428571428,12.578041,16.415857,14.647761,red
S001-060,S001,season_stress,Batch 10,13,no,raised,no,unsure,7,2025-11-04,13,0,0,0,1,7,84.35571428571428,88.08,25.863571428571426,11.789774,14.871143,11.964378,green
S001-061,S001,season_stress,Batch 1,5,no,raised,no,damp,88,2025-08-25,5,0,0,0,2,88,80.93142857142857,84.69,26.384285714285713,12.981251,14.186286,13.607501,red
S001-062,S001,season_stress,Batch 2,10,yes,floor,yes,damp,102,2025-06-21,10,1,1,1,2,102,86.49,90.08,25.272142857142857,12.458614,16.298,14.656989,red
S001-063,S001,season_stress,Batch 3,14,yes,raised,no,unsure,61,2025-09-21,14,1,0,0,1,61,80.93142857142857,84.69,26.384285714285713,12.666993,14.186286,13.272435,red
S001-064,S001,season_stress,Batch 4,10,no,raised,no,damp,124,2025-06-21,10,0,0,0,2,124,86.09857142857142,88.2,25.43857142857143,10.753687,15.219714,13.630617,red
S001-065,S001,season_stress,Batch 5,10,no,raised,yes,unsure,72,2025-08-28,10,0,0,1,1,72,84.74928571428572,88.08,25.85571428571428,12.060142,14.949857,13.363948,red
S001-066,S001,season_stress,Batch 6,13,yes,floor,yes,damp,91,2025-06-20,13,1,1,1,2,91,81.71285714285715,88.77,25.680714285714288,11.316647,15.342571,13.456641,red
S001-067,S001,season_stress,Batch 7,4,no,floor,no,unsure,62,2025-08-10,4,0,1,0,1,62,86.89857142857143,90.08,25.137857142857143,14.874589,16.379714,15.481899,red
S001-068,S001,season_stress,Batch 8,3,no,raised,no,damp,66,2025-08-25,3,0,0,0,2,66,85.47285714285715,87.98,25.917857142857144,13.696862,15.094571,14.288163,red
S001-069,S001,season_stress,Batch 9,12,no,floor,yes,damp,77,2025-07-31,12,0,1,1,2,77,86.34142857142857,88.74,25.277857142857147,12.560806,16.268286,14.316615,red
S001-070,S001,season_stress,Batch 10,14,no,floor,yes,dry,44,2025-07-25,14,0,1,1,0,44,74.91999999999999,83.94,25.942857142857147,10.33491,13.984,11.455032,green
S001-071,S001,season_stress,Batch 1,13,no,raised,no,damp,96,2025-08-19,13,0,0,0,2,96,80.62,82.05,26.466428571428573,10.376453,14.124,12.440119,amber
S001-072,S001,season_stress,Batch 2,0,no,floor,no,damp,140,2025-06-27,0,0,1,0,2,140,83.36785714285715,88.08,25.947142857142858,16.455732,15.673571,15.917139,red
S001-073,S001,season_stress,Batch 3,6,no,raised,no,damp,134,2025-06-02,6,0,0,0,2,134,86.66214285714285,90.08,25.19214285714285,13.661784,15.332429,14.785511,red
S001-074,S001,season_stress,Batch 4,13,no,raised,no,damp,177,2025-03-23,13,0,0,0,2,177,79.22142857142858,88.77,25.78857142857143,11.778462,13.844286,13.371669,red
S001-075,S001,season_stress,Batch 5,7,yes,raised,yes,unsure,147,2025-05-07,7,1,0,1,1,147,86.49,90.08,25.272142857142857,13.268325,15.298,14.701767,red
S001-076,S001,season_stress,Batch 6,10,no,raised,yes,dry,150,2025-06-11,10,0,0,1,0,150,84.74928571428572,88.08,25.85571428571428,11.419944,14.949857,13.93852,red
S001-077,S001,season_stress,Batch 7,6,no,floor,no,unsure,60,2025-09-10,6,0,1,0,1,60,84.77357142857143,88.08,25.846428571428564,11.425657,15.954714,13.207702,red
S001-078,S001,season_stress,Batch 8,7,no,floor,no,damp,107,2025-06-16,7,0,1,0,2,107,86.49,90.08,25.272142857142857,12.883281,16.298,14.898061,red
S001-079,S001,season_stress,Batch 9,10,no,raised,yes,damp,151,2025-05-04,10,0,0,1,2,151,86.57642857142855,90.08,25.234285714285715,10.072692,15.315286,13.825722,red
S001-080,S001,season_stress,Batch 10,5,no,raised,yes,unsure,109,2025-07-19,5,0,0,1,1,109,85.0307142857143,87.8,25.983571428571427,14.042237,15.006143,14.6175,red
S002-001,S002,season_stress,Batch 1,16,yes,raised,no,unsure,46,2025-10-07,16,1,0,0,1,46,80.93499999999999,84.69,26.43071428571429,12.636542,14.187,13.13023,red
S002-002,S002,season_stress,Batch 2,11,no,raised,no,damp,126,2025-06-08,11,0,0,0,2,126,86.90642857142858,90.08,25.095714285714283,9.91515,15.381286,13.468479,red
S002-003,S002,season_stress,Batch 3,11,no,raised,no,damp,42,2025-09-01,11,0,0,0,2,42,86.64142857142858,90.08,25.178571428571427,10.656533,15.328286,12.036157,amber
S002-004,S002,season_stress,Batch 4,1,no,floor,yes,unsure,18,2025-09-09,1,0,1,1,1,18,85.98214285714288,88.95,25.387857142857143,13.924234,16.196429,14.240733,red
S002-005,S002,season_stress,Batch 5,13,no,floor,no,dry,34,2025-10-08,13,0,1,0,0,34,84.35571428571428,88.08,25.863571428571426,10.519707,15.871143,11.840074,green
S002-006,S002,season_stress,Batch 6,11,no,raised,no,dry,76,2025-06-26,11,0,0,0,0,76,74.25285714285714,79.03,26.257142857142856,10.179891,12.850571,11.432922,green
S002-007,S002,season_stress,Batch 7,11,yes,floor,yes,unsure,11,2025-11-10,11,1,1,1,1,11,80.93142857142857,84.69,26.384285714285713,11.944831,15.186286,12.228753,amber
S002-008,S002,season_stress,Batch 8,13,no,raised,no,unsure,152,2025-04-05,13,0,0,0,1,152,76.6557142857143,83.94,25.652142857142852,11.247956,13.331143,12.744165,amber
S002-009,S002,season_stress,Batch 9,13,no,raised,yes,damp,137,2025-05-08,13,0,0,1,2,137,83.95857142857143,88.77,25.467142857142857,10.48075,14.791714,13.415282,red
S002-010,S002,season_stress,Batch 10,15,no,floor,no,unsure,1,2025-09-11,15,0,1,0,1,1,75.21785714285714,82.43,26.157142857142855,10.782942,14.043571,10.810001,green
S002-011,S002,season_stress,Batch 1,10,no,floor,no,damp,73,2025-09-02,10,0,1,0,2,73,83.36785714285715,88.08,25.947142857142858,9.157552,15.673571,12.127181,amber
S002-012,S002,season_stress,Batch 2,9,no,raised,no,dry,48,2025-07-20,9,0,0,0,0,48,75.13714285714286,83.94,25.855,11.160345,13.027429,11.775885,green
S002-013,S002,season_stress,Batch 3,13,yes,floor,yes,damp,115,2025-07-19,13,1,1,1,2,115,84.35571428571428,88.08,25.863571428571426,12.230732,15.871143,14.474931,red
S002-014,S002,season_stress,Batch 4,8,yes,raised,yes,damp,135,2025-05-17,8,1,0,1,2,135,86.30142857142857,89.04,25.345000000000002,12.326125,15.260286,14.307703,red
S002-015,S002,season_stress,Batch 5,12,no,floor,no,damp,42,2025-10-12,12,0,1,0,2,42,80.62,82.05,26.466428571428573,10.992891,15.124,12.212856,amber
S002-016,S002,season_stress,Batch 6,7,no,floor,no,dry,45,2025-07-30,7,0,1,0,0,45,76.23142857142857,88.77,26.051428571428573,10.880746,14.246286,11.933186,green
S002-017,S002,season_stress,Batch 7,12,no,floor,no,damp,174,2025-03-25,12,0,1,0,2,174,78.05214285714284,88.77,25.937857142857148,11.358601,14.610429,13.847646,red
S002-018,S002,season_stress,Batch 8,25,no,raised,no,dry,14,2025-11-06,25,0,0,0,0,14,81.49214285714287,88.08,26.22214285714286,10.826249,14.298429,11.208599,green
S002-019,S002,season_stress,Batch 9,6,yes,floor,yes,damp,96,2025-08-25,6,1,1,1,2,96,79.68999999999998,82.0,26.620714285714286,12.440164,14.938,13.81565,red
S002-020,S002,season_stress,Batch 10,6,no,raised,yes,damp,159,2025-05-18,6,0,0,1,2,159,86.25357142857142,88.2,25.459285714285716,12.653271,15.250714,14.560306,red
S002-021,S002,season_stress,Batch 1,13,yes,raised,no,dry,10,2025-09-05,13,1,0,0,0,10,78.05214285714284,88.77,25.937857142857148,11.734424,13.610429,11.884421,green
S002-022,S002,season_stress,Batch 2,16,no,raised,no,damp,174,2025-04-07,16,0,0,0,2,174,86.11928571428572,88.95,25.414285714285715,11.294717,15.223857,14.302198,red
S002-023,S002,season_stress,Batch 3,11,no,floor,no,damp,165,2025-05-15,11,0,1,0,2,165,85.78571428571429,87.98,25.67428571428571,10.024646,16.157143,14.606605,red
S002-024,S002,season_stress,Batch 4,12,no,raised,no,damp,49,2025-08-31,12,0,0,0,2,49,86.705,88.74,25.139999999999997,10.523388,15.341,12.138457,amber
S002-025,S002,season_stress,Batch 5,10,no,raised,no,damp,145,2025-05-01,10,0,0,0,2,145,84.28642857142859,88.77,25.489285714285717,10.986636,14.857286,13.701143,red
S002-026,S002,season_stress,Batch 6,8,yes,floor,yes,dry,161,2025-06-17,8,1,1,1,0,161,79.90214285714285,82.05,26.51785714285714,12.845273,14.980429,14.422278,red
S002-027,S002,season_stress,Batch 7,5,no,floor,no,damp,104,2025-07-05,5,0,1,0,2,104,86.5792857142857,88.74,25.222857142857144,12.797659,16.315857,14.836981,red
S002-028,S002,season_stress,Batch 8,19,no,raised,no,damp,53,2025-08-08,19,0,0,0,2,53,86.16285714285713,89.04,25.352142857142862,10.807142,15.232571,12.38718,amber
S002-029,S002,season_stress,Batch 9,17,no,raised,no,dry,24,2025-09-27,17,0,0,0,0,24,86.4992857142857,88.74,25.236428571428576,11.018295,15.299857,11.79441,green
S002-030,S002,season_stress,Batch 10,4,yes,raised,yes,damp,155,2025-04-24,4,1,0,1,2,155,85.96928571428573,88.77,25.34642857142857,15.932778,15.193857,15.396922,red
S002-031,S002,season_stress,Batch 1,9,yes,raised,no,damp,174,2025-04-27,9,1,0,0,2,174,86.61428571428571,88.74,25.177142857142854,13.135215,15.322857,14.809701,red
S002-032,S002,season_stress,Batch 2,10,no,floor,yes,damp,168,2025-03-26,10,0,1,1,2,168,74.25285714285714,79.03,26.257142857142856,10.715587,13.850571,13.077494,red
S002-033,S002,season_stress,Batch 3,2,no,raised,no,damp,130,2025-05-28,2,0,0,0,2,130,86.66714285714286,90.08,25.282857142857143,13.745431,15.333429,14.795946,red
S002-034,S002,season_stress,Batch 4,9,no,floor,yes,damp,157,2025-04-29,9,0,1,1,2,157,86.37857142857142,90.08,25.26214285714286,12.873049,16.275714,15.356075,red
S002-035,S002,season_stress,Batch 5,10,no,floor,yes,damp,34,2025-08-20,10,0,1,1,2,34,84.28642857142859,88.77,25.489285714285717,11.947945,15.857286,12.912502,amber
S002-036,S002,season_stress,Batch 6,12,no,floor,no,damp,78,2025-06-16,12,0,1,0,2,78,77.24214285714285,83.94,25.514999999999993,9.816092,14.448429,12.030137,amber
S002-037,S002,season_stress,Batch 7,11,no,raised,no,unsure,138,2025-05-24,11,0,0,0,1,138,87.07928571428572,90.08,25.138571428571428,10.711979,15.415857,13.926436,red
S002-038,S002,season_stress,Batch 8,5,yes,floor,yes,damp,25,2025-10-02,5,1,1,1,2,25,85.78571428571429,87.98,25.67428571428571,16.208332,16.157143,16.198705,red
S002-039,S002,season_stress,Batch 9,5,no,raised,yes,damp,105,2025-07-28,5,0,0,1,2,105,84.72,88.08,25.851428571428567,15.022101,14.944,14.976557,red
S002-040,S002,season_stress,Batch 10,7,no,raised,yes,damp,90,2025-06-22,7,0,0,1,2,90,82.74428571428572,88.77,25.586428571428574,11.88419,14.548857,13.290157,red
S002-041,S002,season_stress,Batch 1,10,no,floor,yes,unsure,179,2025-05-29,10,0,1,1,1,179,80.31428571428572,82.05,26.477857142857147,10.106075,15.062857,13.947594,red
S002-042,S002,season_stress,Batch 2,4,no,raised,yes,damp,69,2025-08-29,4,0,0,1,2,69,85.215,87.94,25.929999999999996,13.603028,15.043,14.232721,red
S002-043,S002,season_stress,Batch 3,19,no,raised,no,dry,12,2025-10-14,19,0,0,0,0,12,85.99285714285713,87.98,25.597142857142853,10.001155,15.198571,10.495755,green
S002-044,S002,season_stress,Batch 4,0,no,floor,no,unsure,151,2025-05-22,0,0,1,0,1,151,86.61285714285714,88.74,25.178571428571427,15.796317,16.322571,16.173048,red
S002-045,S002,season_stress,Batch 5,15,yes,raised,no,unsure,171,2025-04-13,15,1,0,0,1,171,86.49,90.08,25.272142857142857,12.557064,15.298,14.638782,red
S002-046,S002,season_stress,Batch 6,11,no,raised,no,dry,67,2025-07-11,11,0,0,0,0,67,79.22142857142858,88.77,25.78857142857143,9.26531,13.844286,11.22437,green
S002-047,S002,season_stress,Batch 7,5,yes,floor,yes,unsure,7,2025-08-30,5,1,1,1,1,7,75.13714285714286,83.94,25.855,15.573074,14.027429,15.48549,red
S002-048,S002,season_stress,Batch 8,9,no,floor,yes,unsure,127,2025-05-10,9,0,1,1,1,127,77.11785714285713,88.77,25.993571428571435,12.252792,14.423571,13.670238,red
S002-049,S002,season_stress,Batch 9,13,no,floor,no,damp,44,2025-09-21,13,0,1,0,2,44,84.88000000000001,87.8,26.011428571428564,10.92022,15.976,12.472139,amber
S002-050,S002,season_stress,Batch 10,13,no,raised,no,damp,40,2025-09-17,13,0,0,0,2,40,85.78571428571429,87.98,25.67428571428571,10.796562,15.157143,12.03265,amber
S002-051,S002,season_stress,Batch 1,13,no,floor,no,damp,41,2025-08-13,13,0,1,0,2,41,84.28642857142859,88.77,25.489285714285717,10.971375,15.857286,12.385431,amber
S002-052,S002,season_stress,Batch 2,5,no,floor,yes,damp,68,2025-06-27,5,0,1,1,2,68,77.29928571428572,83.94,25.539999999999996,13.302157,14.459857,13.802962,red
S002-053,S002,season_stress,Batch 3,0,no,floor,yes,unsure,95,2025-07-13,0,0,1,1,1,95,86.34142857142857,88.74,25.277857142857147,15.514679,16.268286,15.926835,red
S002-054,S002,season_stress,Batch 4,3,no,raised,no,damp,178,2025-04-02,3,0,0,0,2,178,85.98214285714288,88.95,25.387857142857143,14.376295,15.196429,15.010356,red
S002-055,S002,season_stress,Batch 5,15,no,raised,yes,unsure,64,2025-07-27,15,0,0,1,1,64,86.30142857142857,89.04,25.345000000000002,11.407264,15.260286,12.999925,amber
S002-056,S002,season_stress,Batch 6,14,no,raised,yes,damp,147,2025-05-16,14,0,0,1,2,147,86.95214285714285,90.08,25.139285714285712,11.358188,15.390429,14.205927,red
S002-057,S002,season_stress,Batch 7,9,no,raised,yes,damp,54,2025-08-06,9,0,0,1,2,54,86.30142857142857,89.04,25.345000000000002,10.882433,15.260286,12.468843,amber
S002-058,S002,season_stress,Batch 8,14,no,raised,no,damp,48,2025-09-04,14,0,0,0,2,48,86.18142857142857,88.2,25.356428571428573,11.917549,15.236286,13.01167,red
S002-059,S002,season_stress,Batch 9,6,no,raised,yes,unsure,94,2025-07-09,6,0,0,1,1,94,86.89857142857143,90.08,25.137857142857143,11.812388,15.379714,13.749872,red
S002-060,S002,season_stress,Batch 10,12,no,raised,yes,dry,46,2025-09-13,12,0,0,1,0,46,85.6907142857143,87.98,25.83285714285714,11.439701,15.138143,12.617338,amber
S002-061,S002,season_stress,Batch 1,21,no,raised,yes,damp,121,2025-07-02,21,0,0,1,2,121,85.545,87.98,25.926428571428573,11.440635,15.109,13.770683,red
S002-062,S002,season_stress,Batch 2,12,yes,raised,no,damp,108,2025-05-16,12,1,0,0,2,108,77.72928571428572,83.94,25.382142857142856,11.77647,13.545857,12.826478,amber
S002-063,S002,season_stress,Batch 3,3,no,raised,no,damp,100,2025-07-17,3,0,0,0,2,100,86.19142857142856,87.98,25.502857142857142,12.203341,15.238286,13.919304,red
S002-064,S002,season_stress,Batch 4,9,no,raised,no,damp,152,2025-06-05,9,0,0,0,2,152,84.88000000000001,87.8,26.011428571428564,10.706478,14.976,13.77298,red
S002-065,S002,season_stress,Batch 5,12,no,raised,no,damp,130,2025-05-11,12,0,0,0,2,130,80.5757142857143,88.77,25.72214285714286,10.363948,14.115143,12.845493,amber
S002-066,S002,season_stress,Batch 6,10,yes,raised,no,dry,58,2025-08-18,10,1,0,0,0,58,86.30714285714285,88.74,25.263571428571428,12.011601,15.261429,13.257181,red
S002-067,S002,season_stress,Batch 7,14,no,floor,no,unsure,8,2025-10-31,14,0,1,0,1,8,84.74928571428572,88.08,25.85571428571428,10.840787,15.949857,11.170286,green
S002-068,S002,season_stress,Batch 8,5,no,raised,no,damp,8,2025-10-12,5,0,0,0,2,8,86.61285714285714,88.74,25.178571428571427,13.455678,15.322571,13.57608,red
S002-069,S002,season_stress,Batch 9,9,yes,floor,no,damp,75,2025-09-14,9,1,1,0,2,75,79.7242857142857,82.0,26.625714285714285,13.432487,14.944857,14.135344,red
S002-070,S002,season_stress,Batch 10,18,no,raised,yes,damp,171,2025-06-04,18,0,0,1,2,171,80.93499999999999,84.69,26.43071428571429,11.834986,14.187,13.621321,red
S002-071,S002,season_stress,Batch 1,10,no,raised,yes,damp,55,2025-10-01,10,0,0,1,2,55,79.90214285714285,82.05,26.51785714285714,10.95417,13.980429,12.066814,amber
S002-072,S002,season_stress,Batch 2,9,no,raised,no,dry,48,2025-09-25,9,0,0,0,0,48,83.92142857142858,88.08,25.88428571428571,10.506445,14.784286,11.916763,green
S002-073,S002,season_stress,Batch 3,11,no,raised,no,damp,71,2025-09-07,11,0,0,0,2,71,82.93357142857143,88.08,26.018571428571438,11.452134,14.586714,12.852024,amber
S002-074,S002,season_stress,Batch 4,11,no,raised,no,damp,33,2025-09-22,11,0,0,0,2,33,86.19142857142856,87.98,25.502857142857142,11.538841,15.238286,12.428291,amber
S002-075,S002,season_stress,Batch 5,15,yes,floor,no,damp,2,2025-09-18,15,1,1,0,2,2,82.74428571428572,88.77,25.586428571428574,12.51935,15.548857,12.569423,amber
S002-076,S002,season_stress,Batch 6,7,no,floor,yes,unsure,163,2025-04-17,7,0,1,1,1,163,85.98214285714288,88.95,25.387857142857143,12.967253,16.196429,15.366243,red
S002-077,S002,season_stress,Batch 7,13,no,raised,yes,damp,136,2025-07-02,13,0,0,1,2,136,83.19714285714285,88.08,25.985714285714288,11.063559,14.639429,13.488148,red
S002-078,S002,season_stress,Batch 8,15,no,raised,yes,damp,137,2025-07-08,15,0,0,1,2,137,80.93499999999999,84.69,26.43071428571429,10.644496,14.187,13.055927,red
S002-079,S002,season_stress,Batch 9,13,no,raised,yes,unsure,126,2025-05-24,13,0,0,1,1,126,85.98214285714288,88.95,25.387857142857143,12.473378,15.196429,14.24353,red
S002-080,S002,season_stress,Batch 10,14,yes,raised,no,damp,3,2025-10-25,14,1,0,0,2,3,85.68357142857144,87.98,25.76214285714285,12.561294,15.136714,12.624881,amber
S003-001,S003,season_stress,Batch 1,13,no,floor,yes,damp,108,2025-07-20,13,0,1,1,2,108,85.0307142857143,87.8,25.983571428571427,10.738974,16.006143,13.864672,red
S003-002,S003,season_stress,Batch 2,16,no,floor,no,damp,179,2025-05-16,16,0,1,0,2,179,84.35571428571428,88.08,25.863571428571426,11.231686,15.871143,14.827277,red
S003-003,S003,season_stress,Batch 3,14,no,raised,yes,unsure,65,2025-09-11,14,0,0,1,1,65,83.19714285714285,88.08,25.985714285714288,12.958286,14.639429,13.661377,red
S003-004,S003,season_stress,Batch 4,6,yes,raised,no,damp,180,2025-04-18,6,1,0,0,2,180,86.30714285714285,88.74,25.263571428571428,15.860043,15.261429,15.394998,red
S003-005,S003,season_stress,Batch 5,10,yes,raised,yes,damp,59,2025-09-12,10,1,0,1,2,59,84.72,88.08,25.851428571428567,11.861913,14.944,13.058977,red
S003-006,S003,season_stress,Batch 6,15,no,raised,no,unsure,12,2025-10-08,15,0,0,0,1,12,86.61285714285714,88.74,25.178571428571427,11.423035,15.322571,11.794125,green
S003-007,S003,season_stress,Batch 7,11,no,raised,yes,damp,9,2025-09-24,11,0,0,1,2,9,86.37857142857142,90.08,25.26214285714286,12.234144,15.275714,12.453918,amber
S003-008,S003,season_stress,Batch 8,14,yes,floor,no,damp,43,2025-08-10,14,1,1,0,2,43,83.95857142857143,88.77,25.467142857142857,13.073392,15.791714,13.892042,red
S003-009,S003,season_stress,Batch 9,14,no,raised,yes,damp,49,2025-08-23,14,0,0,1,2,49,86.89857142857143,90.08,25.137857142857143,11.498234,15.379714,12.799472,amber
S003-010,S003,season_stress,Batch 10,12,no,floor,yes,dry,140,2025-05-13,12,0,1,1,0,140,86.16285714285713,89.04,25.352142857142862,11.92375,16.232571,14.890791,red
S003-011,S003,season_stress,Batch 1,19,no,floor,yes,damp,149,2025-05-30,19,0,1,1,2,149,85.99285714285713,87.98,25.597142857142853,10.927413,16.198571,14.675722,red
S003-012,S003,season_stress,Batch 2,14,no,raised,no,unsure,167,2025-05-06,14,0,0,0,1,167,86.61285714285714,88.74,25.178571428571427,11.380822,15.322571,14.342414,red
S003-013,S003,season_stress,Batch 3,7,no,raised,yes,dry,116,2025-07-22,7,0,0,1,0,116,83.19714285714285,88.08,25.985714285714288,11.956106,14.639429,13.61883,red
S003-014,S003,season_stress,Batch 4,9,no,raised,yes,damp,43,2025-09-01,9,0,0,1,2,43,86.66214285714285,90.08,25.19214285714285,12.784884,15.332429,13.552102,red
S003-015,S003,season_stress,Batch 5,13,no,raised,no,damp,146,2025-05-13,13,0,0,0,2,146,86.86285714285715,90.08,25.234999999999996,11.220838,15.372571,14.142762,red
S003-016,S003,season_stress,Batch 6,15,no,raised,no,unsure,42,2025-08-05,15,0,0,0,1,42,79.22142857142858,88.77,25.78857142857143,11.6564,13.844286,12.302509,amber
S003-017,S003,season_stress,Batch 7,16,yes,floor,no,damp,157,2025-04-23,16,1,1,0,2,157,85.98214285714288,88.95,25.387857142857143,11.006273,16.196429,14.793685,red
S003-018,S003,season_stress,Batch 8,13,no,floor,yes,unsure,91,2025-06-02,13,0,1,1,1,91,77.72928571428572,83.94,25.382142857142856,11.407046,14.545857,13.075492,red
S003-019,S003,season_stress,Batch 9,5,yes,raised,no,dry,155,2025-06-11,5,1,0,0,0,155,83.77857142857144,88.08,25.886428571428564,15.933131,14.755714,15.079283,red
S003-020,S003,season_stress,Batch 10,10,no,raised,no,damp,100,2025-07-03,10,0,0,0,2,100,86.89857142857143,90.08,25.137857142857143,11.736915,15.379714,13.79656,red
S003-021,S003,season_stress,Batch 1,8,no,raised,no,damp,136,2025-06-16,8,0,0,0,2,136,85.47285714285715,87.98,25.917857142857144,11.84298,15.094571,14.047695,red
S003-022,S003,season_stress,Batch 2,6,no,floor,yes,dry,113,2025-06-05,6,0,1,1,0,113,85.96928571428573,88.77,25.34642857142857,12.189921,16.193857,14.632413,red
S003-023,S003,season_stress,Batch 3,3,no,raised,no,damp,130,2025-05-08,3,0,0,0,2,130,78.05214285714284,88.77,25.937857142857148,16.831304,13.610429,14.700583,red
S003-024,S003,season_stress,Batch 4,9,no,floor,no,damp,174,2025-04-30,9,0,1,0,2,174,86.4992857142857,88.74,25.236428571428576,11.956824,16.299857,15.281111,red
S003-025,S003,season_stress,Batch 5,9,yes,raised,no,unsure,179,2025-03-22,9,1,0,0,1,179,79.85571428571428,88.77,25.745714285714286,14.066143,13.971143,13.992518,red
S003-026,S003,season_stress,Batch 6,12,no,raised,no,damp,134,2025-06-04,12,0,0,0,2,134,86.34142857142857,88.74,25.277857142857147,11.637599,15.268286,14.079711,red
S003-027,S003,season_stress,Batch 7,14,no,raised,yes,damp,139,2025-05-24,14,0,0,1,2,139,86.95214285714285,90.08,25.139285714285712,9.471574,15.390429,13.531855,red
S003-028,S003,season_stress,Batch 8,14,yes,floor,yes,damp,156,2025-05-27,14,1,1,1,2,156,85.47285714285715,87.98,25.917857142857144,13.008276,16.094571,15.253458,red
S003-029,S003,season_stress,Batch 9,10,no,raised,yes,damp,171,2025-05-01,10,0,0,1,2,171,86.705,88.74,25.139999999999997,11.69057,15.341,14.463041,red
S003-030,S003,season_stress,Batch 10,11,no,floor,no,damp,135,2025-04-20,11,0,1,0,2,135,77.24214285714285,83.94,25.514999999999993,11.508588,14.448429,13.494002,red
S003-031,S003,season_stress,Batch 1,12,yes,raised,no,unsure,57,2025-09-07,12,1,0,0,1,57,84.77785714285714,87.8,26.043571428571425,12.614617,14.955571,13.499767,red
S003-032,S003,season_stress,Batch 2,10,no,floor,no,dry,132,2025-05-01,10,0,1,0,0,132,74.25285714285714,79.03,26.257142857142856,9.839907,13.850571,12.515537,amber
S003-033,S003,season_stress,Batch 3,14,yes,raised,yes,unsure,18,2025-10-08,14,1,0,1,1,18,85.99285714285713,87.98,25.597142857142853,13.603485,15.198571,13.825668,red
S003-034,S003,season_stress,Batch 4,9,yes,raised,yes,damp,110,2025-06-06,9,1,0,1,2,110,85.20714285714284,88.77,25.37285714285715,13.802791,15.041429,14.54616,red
S003-035,S003,season_stress,Batch 5,6,no,raised,yes,damp,113,2025-07-14,6,0,0,1,2,113,84.88000000000001,87.8,26.011428571428564,12.648877,14.976,14.068475,red
S003-036,S003,season_stress,Batch 6,11,yes,floor,yes,dry,125,2025-05-08,11,1,1,1,0,125,74.25285714285714,79.03,26.257142857142856,12.864048,13.850571,13.502461,red
S003-037,S003,season_stress,Batch 7,16,no,raised,no,damp,32,2025-10-10,16,0,0,0,2,32,84.35571428571428,88.08,25.863571428571426,10.816382,14.871143,11.765487,green
S003-038,S003,season_stress,Batch 8,10,yes,floor,no,dry,0,2025-09-09,10,1,1,0,0,0,74.54571428571428,79.03,26.131428571428575,12.915848,13.909143,12.915848,amber
S003-039,S003,season_stress,Batch 9,7,no,raised,no,damp,31,2025-10-27,7,0,0,0,2,31,79.72785714285715,82.05,26.597857142857144,13.575747,13.945571,13.659942,red
S003-040,S003,season_stress,Batch 10,11,no,raised,yes,unsure,169,2025-05-25,11,0,0,1,1,169,84.72,88.08,25.851428571428567,10.489456,14.944,13.854639,red
S003-041,S003,season_stress,Batch 1,13,no,raised,yes,unsure,53,2025-07-10,13,0,0,1,1,53,77.72928571428572,83.94,25.382142857142856,11.693752,13.545857,12.35502,amber
S003-042,S003,season_stress,Batch 2,12,yes,floor,no,damp,87,2025-06-08,12,1,1,0,2,87,77.29928571428572,83.94,25.539999999999996,12.721892,14.459857,13.618118,red
S003-043,S003,season_stress,Batch 3,16,no,floor,yes,damp,142,2025-06-09,16,0,1,1,2,142,85.6907142857143,87.98,25.83285714285714,10.061583,16.138143,14.277159,red
S003-044,S003,season_stress,Batch 4,13,no,raised,yes,unsure,121,2025-06-19,13,0,0,1,1,121,86.61428571428571,88.74,25.177142857142854,11.34354,15.322857,13.871097,red
S003-045,S003,season_stress,Batch 5,10,no,raised,yes,damp,97,2025-08-12,10,0,0,1,2,97,82.93357142857143,88.08,26.018571428571438,11.423155,14.586714,13.177032,red
S003-046,S003,season_stress,Batch 6,4,no,raised,yes,damp,74,2025-07-13,4,0,0,1,2,74,85.61571428571428,88.77,25.353571428571428,14.426395,15.123143,14.74708,red
S003-047,S003,season_stress,Batch 7,7,no,floor,no,damp,178,2025-05-04,7,0,1,0,2,178,85.6907142857143,87.98,25.83285714285714,12.012782,16.138143,15.20218,red
S003-048,S003,season_stress,Batch 8,13,no,floor,no,damp,10,2025-10-18,13,0,1,0,2,10,85.68357142857144,87.98,25.76214285714285,10.38033,16.136714,10.840585,green
S003-049,S003,season_stress,Batch 9,9,no,floor,no,damp,12,2025-10-03,9,0,1,0,2,12,86.30714285714285,88.74,25.263571428571428,12.329634,16.261429,12.703794,amber
S003-050,S003,season_stress,Batch 10,13,yes,floor,yes,unsure,122,2025-07-11,13,1,1,1,1,122,84.72,88.08,25.851428571428567,13.635069,15.944,15.108631,red
S003-051,S003,season_stress,Batch 1,5,no,floor,yes,damp,118,2025-06-09,5,0,1,1,2,118,86.66714285714286,90.08,25.282857142857143,13.725959,16.333429,15.358073,red
S003-052,S003,season_stress,Batch 2,9,no,raised,yes,damp,96,2025-07-10,9,0,0,1,2,96,86.66214285714285,90.08,25.19214285714285,10.47571,15.332429,13.150164,red
S003-053,S003,season_stress,Batch 3,11,no,floor,yes,damp,160,2025-04-13,11,0,1,1,2,160,82.74428571428572,88.77,25.586428571428574,9.54322,15.548857,13.965788,red
S003-054,S003,season_stress,Batch 4,19,no,raised,yes,unsure,153,2025-04-08,19,0,0,1,1,153,74.89642857142857,83.94,26.01071428571429,10.525478,12.979286,12.293616,amber
S003-055,S003,season_stress,Batch 5,13,no,raised,yes,damp,102,2025-08-06,13,0,0,1,2,102,83.20285714285714,88.08,25.993571428571435,12.020505,14.640571,13.520716,red
S003-056,S003,season_stress,Batch 6,5,no,raised,no,damp,59,2025-08-01,5,0,0,0,2,59,86.30142857142857,89.04,25.345000000000002,14.378936,15.260286,14.721247,red
S003-057,S003,season_stress,Batch 7,4,no,raised,no,unsure,7,2025-11-17,4,0,0,0,1,7,80.31428571428572,82.05,26.477857142857147,14.631137,14.062857,14.598935,red
S003-058,S003,season_stress,Batch 8,14,no,raised,yes,damp,85,2025-08-09,14,0,0,1,2,85,84.88785714285716,87.8,26.025000000000002,11.007448,14.977571,13.022428,red
S003-059,S003,season_stress,Batch 9,16,yes,floor,no,unsure,42,2025-09-06,16,1,1,0,1,42,86.61428571428571,88.74,25.177142857142854,13.198698,16.322857,14.121299,red
S003-060,S003,season_stress,Batch 10,6,no,floor,yes,unsure,52,2025-08-22,6,0,1,1,1,52,86.64142857142858,90.08,25.178571428571427,12.395697,16.328286,13.778614,red
S003-061,S003,season_stress,Batch 1,7,no,raised,yes,damp,133,2025-06-30,7,0,0,1,2,133,84.72,88.08,25.851428571428567,12.738849,14.944,14.216061,red
S003-062,S003,season_stress,Batch 2,7,yes,raised,no,damp,51,2025-07-27,7,1,0,0,2,51,79.22142857142858,88.77,25.78857142857143,13.483471,13.844286,13.608396,red
S003-063,S003,season_stress,Batch 3,16,no,floor,no,unsure,149,2025-05-24,16,0,1,0,1,149,86.61285714285714,88.74,25.178571428571427,13.298962,16.322571,15.449044,red
S003-064,S003,season_stress,Batch 4,13,no,raised,no,dry,49,2025-07-28,13,0,0,0,0,49,78.05214285714284,88.77,25.937857142857148,12.099148,13.610429,12.605794,amber
S003-065,S003,season_stress,Batch 5,13,no,raised,yes,damp,83,2025-09-07,13,0,0,1,2,83,79.68999999999998,82.0,26.620714285714286,11.575363,13.938,12.754931,amber
S003-066,S003,season_stress,Batch 6,7,no,floor,yes,damp,150,2025-05-16,7,0,1,1,2,150,86.64142857142858,90.08,25.178571428571427,13.422384,16.328286,15.495731,red
S003-067,S003,season_stress,Batch 7,13,yes,raised,yes,damp,122,2025-07-18,13,1,0,1,2,122,82.93357142857143,88.08,26.018571428571438,11.184024,14.586714,13.355625,red
S003-068,S003,season_stress,Batch 8,12,no,raised,yes,damp,112,2025-07-26,12,0,0,1,2,112,83.19714285714285,88.08,25.985714285714288,11.531044,14.639429,13.417085,red
S003-069,S003,season_stress,Batch 9,12,no,floor,no,damp,12,2025-08-26,12,0,1,0,2,12,74.91999999999999,83.94,25.942857142857147,10.875492,13.984,11.171306,green
S003-070,S003,season_stress,Batch 10,15,yes,raised,no,damp,30,2025-09-29,15,1,0,0,2,30,85.6907142857143,87.98,25.83285714285714,12.104342,15.138143,12.775416,amber
S003-071,S003,season_stress,Batch 1,10,no,floor,no,dry,124,2025-05-05,10,0,1,0,0,124,75.13714285714286,83.94,25.855,11.629287,14.027429,13.174125,red
S003-072,S003,season_stress,Batch 2,15,no,raised,no,dry,12,2025-09-01,15,0,0,0,0,12,76.23142857142857,88.77,26.051428571428573,10.382746,13.246286,10.655248,green
S003-073,S003,season_stress,Batch 3,14,no,floor,yes,damp,54,2025-07-09,14,0,1,1,2,54,77.72928571428572,83.94,25.382142857142856,12.231807,14.545857,13.070354,red
S003-074,S003,season_stress,Batch 4,14,no,floor,yes,damp,100,2025-07-20,14,0,1,1,2,100,85.68357142857144,87.98,25.76214285714285,11.377813,16.136714,14.068504,red
S003-075,S003,season_stress,Batch 5,6,no,raised,yes,damp,140,2025-06-05,6,0,0,1,2,140,86.09857142857142,88.2,25.43857142857143,12.903554,15.219714,14.498454,red
S003-076,S003,season_stress,Batch 6,18,yes,raised,no,damp,20,2025-11-09,18,1,0,0,2,20,79.68999999999998,82.0,26.620714285714286,11.705261,13.938,12.048027,amber
S003-077,S003,season_stress,Batch 7,7,no,raised,yes,damp,125,2025-06-20,7,0,0,1,2,125,86.09857142857142,88.2,25.43857142857143,13.243201,15.219714,14.52227,red
S003-078,S003,season_stress,Batch 8,0,no,floor,yes,damp,172,2025-03-20,0,0,1,1,2,172,74.89642857142857,83.94,26.01071428571429,16.828991,13.979286,14.658976,red
S003-079,S003,season_stress,Batch 9,0,yes,floor,yes,damp,46,2025-09-10,0,1,1,1,2,46,85.99285714285713,87.98,25.597142857142853,17.396939,16.198571,17.015362,red
S003-080,S003,season_stress,Batch 10,5,yes,raised,no,damp,177,2025-04-18,5,1,0,0,2,177,86.90642857142858,90.08,25.095714285714283,15.681028,15.381286,15.44986,red
S004-001,S004,season_stress,Batch 1,8,yes,raised,yes,damp,37,2025-08-03,8,1,0,1,2,37,74.54571428571428,79.03,26.131428571428575,13.91716,12.909143,13.649703,red
S004-002,S004,season_stress,Batch 2,10,no,floor,yes,damp,18,2025-08-22,10,0,1,1,2,18,74.54571428571428,79.03,26.131428571428575,10.709656,13.909143,11.155319,green
S004-003,S004,season_stress,Batch 3,2,no,floor,yes,damp,134,2025-06-01,2,0,1,1,2,134,86.64142857142858,90.08,25.178571428571427,14.75706,16.328286,15.813915,red
S004-004,S004,season_stress,Batch 4,9,no,raised,no,damp,177,2025-05-26,9,0,0,0,2,177,82.06285714285715,88.08,26.123571428571434,11.944067,14.412571,13.84783,red
S004-005,S004,season_stress,Batch 5,9,no,raised,yes,damp,176,2025-05-01,9,0,0,1,2,176,86.25357142857142,88.2,25.459285714285716,11.638316,15.250714,14.417359,red
S004-006,S004,season_stress,Batch 6,8,no,raised,no,unsure,169,2025-03-24,8,0,0,0,1,169,74.54571428571428,79.03,26.131428571428575,13.124068,12.909143,12.961703,amber
S004-007,S004,season_stress,Batch 7,11,no,raised,no,dry,42,2025-10-19,11,0,0,0,0,42,79.66714285714286,82.0,26.61214285714286,10.965536,13.933429,11.84199,green
S004-008,S004,season_stress,Batch 8,11,no,raised,no,damp,121,2025-06-16,11,0,0,0,2,121,86.30714285714285,88.74,25.263571428571428,10.563899,15.261429,13.547645,red
S004-009,S004,season_stress,Batch 9,3,yes,raised,no,damp,138,2025-06-27,3,1,0,0,2,138,83.92142857142858,88.08,25.88428571428571,15.565804,14.784286,15.031743,red
S004-010,S004,season_stress,Batch 10,17,no,raised,yes,unsure,176,2025-03-24,17,0,0,1,1,176,79.22142857142858,88.77,25.78857142857143,10.716749,13.844286,13.122784,red
S004-011,S004,season_stress,Batch 1,9,yes,floor,no,damp,99,2025-06-08,9,1,1,0,2,99,78.05214285714284,88.77,25.937857142857148,13.284521,14.610429,14.02937,red
S004-012,S004,season_stress,Batch 2,13,no,raised,no,damp,87,2025-07-12,13,0,0,0,2,87,86.965,90.08,25.19571428571428,11.494586,15.393,13.504902,red
S004-013,S004,season_stress,Batch 3,8,no,floor,no,unsure,58,2025-09-30,8,0,1,0,1,58,79.72785714285715,82.05,26.597857142857144,11.137771,14.945571,12.597209,amber
S004-014,S004,season_stress,Batch 4,12,yes,floor,no,dry,135,2025-05-22,12,1,1,0,0,135,86.53285714285714,90.08,25.287142857142857,11.488564,16.306571,14.742394,red
S004-015,S004,season_stress,Batch 5,16,yes,raised,no,damp,65,2025-07-06,16,1,0,0,2,65,74.54571428571428,79.03,26.131428571428575,11.929846,12.909143,12.33941,amber
S004-016,S004,season_stress,Batch 6,15,no,raised,no,unsure,64,2025-08-02,15,0,0,0,1,64,86.66714285714286,90.08,25.282857142857143,10.368932,15.333429,12.421026,amber
S004-017,S004,season_stress,Batch 7,6,yes,raised,no,unsure,59,2025-08-08,6,1,0,0,1,59,86.86285714285715,90.08,25.234999999999996,14.823517,15.372571,15.036766,red
S004-018,S004,season_stress,Batch 8,7,no,raised,no,damp,74,2025-08-16,7,0,0,0,2,74,85.6907142857143,87.98,25.83285714285714,11.884932,15.138143,13.382253,red
S004-019,S004,season_stress,Batch 9,7,yes,floor,yes,unsure,37,2025-10-06,7,1,1,1,1,37,83.92142857142858,88.08,25.88428571428571,14.23085,15.784286,14.643022,red
S004-020,S004,season_stress,Batch 10,6,no,floor,yes,damp,39,2025-10-15,6,0,1,1,2,39,80.62,82.05,26.466428571428573,13.264959,15.124,13.780792,red
S004-021,S004,season_stress,Batch 1,9,yes,raised,yes,dry,67,2025-09-07,9,1,0,1,0,67,83.77857142857144,88.08,25.886428571428564,11.780486,14.755714,13.053402,red
S004-022,S004,season_stress,Batch 2,7,no,raised,yes,damp,28,2025-10-14,7,0,0,1,2,28,84.35571428571428,88.08,25.863571428571426,12.147079,14.871143,12.713985,amber
S004-023,S004,season_stress,Batch 3,9,no,floor,no,unsure,96,2025-08-05,9,0,1,0,1,96,84.77357142857143,88.08,25.846428571428564,12.701518,15.954714,14.492959,red
S004-024,S004,season_stress,Batch 4,7,no,raised,no,unsure,44,2025-07-19,7,0,0,0,1,44,77.72928571428572,83.94,25.382142857142856,12.232373,13.545857,12.635559,amber
S004-025,S004,season_stress,Batch 5,1,no,raised,no,damp,148,2025-05-13,1,0,0,0,2,148,87.04857142857144,90.08,25.15357142857143,18.130047,15.409714,16.202201,red
S004-026,S004,season_stress,Batch 6,15,no,raised,yes,damp,119,2025-06-20,15,0,0,1,2,119,86.5792857142857,88.74,25.222857142857144,10.906323,15.315857,13.680106,red
S004-027,S004,season_stress,Batch 7,1,no,raised,no,damp,98,2025-06-27,1,0,0,0,2,98,86.37857142857142,90.08,25.26214285714286,15.692429,15.275714,15.459861,red
S004-028,S004,season_stress,Batch 8,14,yes,floor,yes,damp,59,2025-09-24,14,1,1,1,2,59,80.93499999999999,84.69,26.43071428571429,12.837812,15.187,13.750222,red
S004-029,S004,season_stress,Batch 9,11,no,floor,yes,unsure,146,2025-05-21,11,0,1,1,1,146,86.66214285714285,90.08,25.19214285714285,12.305598,16.332429,15.139617,red
S004-030,S004,season_stress,Batch 10,12,no,raised,yes,dry,41,2025-09-26,12,0,0,1,0,41,85.215,87.94,25.929999999999996,10.11195,15.043,11.53907,green
S004-031,S004,season_stress,Batch 1,18,no,raised,no,dry,8,2025-09-29,18,0,0,0,0,8,86.965,90.08,25.19571428571428,9.506964,15.393,9.886572,green
S004-032,S004,season_stress,Batch 2,11,no,raised,yes,damp,130,2025-04-26,11,0,0,1,2,130,77.29928571428572,83.94,25.539999999999996,12.387708,13.459857,13.096972,red
S004-033,S004,season_stress,Batch 3,13,yes,raised,yes,damp,121,2025-05-27,13,1,0,1,2,121,85.61571428571428,88.77,25.353571428571428,12.337665,15.123143,14.106927,red
S004-034,S004,season_stress,Batch 4,6,no,floor,yes,unsure,158,2025-05-21,6,0,1,1,1,158,85.99285714285713,87.98,25.597142857142853,11.843272,16.198571,15.031232,red
S004-035,S004,season_stress,Batch 5,7,no,raised,no,unsure,34,2025-10-27,7,0,0,0,1,34,79.66714285714286,82.0,26.61214285714286,12.396366,13.933429,12.775607,amber
S004-036,S004,season_stress,Batch 6,7,no,raised,no,damp,128,2025-05-23,7,0,0,0,2,128,86.11928571428572,88.95,25.414285714285715,13.472786,15.223857,14.621219,red
S004-037,S004,season_stress,Batch 7,16,yes,raised,no,dry,152,2025-06-20,16,1,0,0,0,152,82.06285714285715,88.08,26.123571428571434,12.265657,14.412571,13.807637,red
S004-038,S004,season_stress,Batch 8,4,no,raised,no,unsure,3,2025-09-09,4,0,0,0,1,3,75.21785714285714,82.43,26.157142857142855,14.377993,13.043571,14.345046,red
S004-039,S004,season_stress,Batch 9,17,no,raised,no,dry,1,2025-09-24,17,0,0,0,0,1,85.61571428571428,88.77,25.353571428571428,11.077061,15.123143,11.110638,green
S004-040,S004,season_stress,Batch 10,13,no,floor,yes,unsure,150,2025-06-03,13,0,1,1,1,150,85.545,87.98,25.926428571428573,12.207821,16.109,14.991294,red
S004-041,S004,season_stress,Batch 1,10,no,floor,yes,unsure,91,2025-08-29,10,0,1,1,1,91,79.7242857142857,82.0,26.625714285714285,11.332764,14.944857,13.252785,red
S004-042,S004,season_stress,Batch 2,10,no,raised,no,damp,167,2025-04-02,10,0,0,0,2,167,79.22142857142858,88.77,25.78857142857143,11.960895,13.844286,13.375961,red
S004-043,S004,season_stress,Batch 3,16,no,raised,no,damp,126,2025-06-09,16,0,0,0,2,126,86.64142857142858,90.08,25.178571428571427,10.752886,15.328286,13.727181,red
S004-044,S004,season_stress,Batch 4,11,no,raised,yes,damp,104,2025-06-27,11,0,0,1,2,104,87.07928571428572,90.08,25.138571428571428,10.726706,15.415857,13.444771,red
S004-045,S004,season_stress,Batch 5,3,yes,raised,no,dry,154,2025-05-26,3,1,0,0,0,154,85.78571428571429,87.98,25.67428571428571,16.731215,15.157143,15.593337,red
S004-046,S004,season_stress,Batch 6,16,yes,raised,no,damp,41,2025-09-10,16,1,0,0,2,41,86.4992857142857,88.74,25.236428571428576,12.300952,15.299857,13.16888,red
S004-047,S004,season_stress,Batch 7,5,no,raised,yes,damp,63,2025-08-05,5,0,0,1,2,63,86.965,90.08,25.19571428571428,13.930306,15.393,14.527736,red
S004-048,S004,season_stress,Batch 8,4,yes,floor,yes,dry,155,2025-06-23,4,1,1,1,0,155,79.90214285714285,82.05,26.51785714285714,16.192522,14.980429,15.313527,red
S004-049,S004,season_stress,Batch 9,6,no,raised,yes,damp,159,2025-05-24,6,0,0,1,2,159,85.47285714285715,87.98,25.917857142857144,12.963476,15.094571,14.52812,red
S004-050,S004,season_stress,Batch 10,16,no,raised,yes,damp,105,2025-06-25,16,0,0,1,2,105,87.04857142857144,90.08,25.15357142857143,11.678769,15.409714,13.854425,red
S004-051,S004,season_stress,Batch 1,13,no,raised,no,damp,50,2025-07-22,13,0,0,0,2,50,74.25285714285714,79.03,26.257142857142856,11.984102,12.850571,12.27936,amber
S004-052,S004,season_stress,Batch 2,9,no,raised,no,damp,39,2025-08-17,9,0,0,0,2,39,85.61571428571428,88.77,25.353571428571428,11.137011,15.123143,12.243054,amber
S004-053,S004,season_stress,Batch 3,8,no,raised,no,dry,1,2025-09-28,8,0,0,0,0,1,86.30142857142857,89.04,25.345000000000002,11.834546,15.260286,11.862975,green
S004-054,S004,season_stress,Batch 4,18,no,raised,yes,damp,42,2025-10-08,18,0,0,1,2,42,82.06285714285715,88.08,26.123571428571434,10.380799,14.412571,11.571429,green
S004-055,S004,season_stress,Batch 5,10,yes,raised,no,damp,90,2025-08-03,10,1,0,0,2,90,85.3757142857143,87.98,25.949285714285715,13.96323,15.075143,14.549912,red
S004-056,S004,season_stress,Batch 6,17,no,floor,no,damp,91,2025-08-25,17,0,1,0,2,91,80.31428571428572,82.05,26.477857142857147,10.19483,15.062857,12.782447,amber
S004-057,S004,season_stress,Batch 7,9,no,raised,yes,damp,164,2025-04-16,9,0,0,1,2,164,85.98214285714288,88.95,25.387857142857143,10.92221,15.196429,14.106693,red
S004-058,S004,season_stress,Batch 8,11,no,floor,no,unsure,77,2025-07-27,11,0,1,0,1,77,86.90642857142858,90.08,25.095714285714283,10.034522,16.381286,13.040258,red
S004-059,S004,season_stress,Batch 9,10,no,raised,yes,damp,154,2025-04-24,10,0,0,1,2,154,85.61571428571428,88.77,25.353571428571428,12.005982,15.123143,14.25934,red
S004-060,S004,season_stress,Batch 10,17,no,raised,no,dry,42,2025-08-15,17,0,0,0,0,42,85.96928571428573,88.77,25.34642857142857,10.084419,15.193857,11.593297,green
S004-061,S004,season_stress,Batch 1,18,no,floor,yes,damp,138,2025-07-14,18,0,1,1,2,138,79.68999999999998,82.0,26.620714285714286,12.254818,14.938,14.088406,red
S004-062,S004,season_stress,Batch 2,11,no,raised,yes,unsure,39,2025-07-26,11,0,0,1,1,39,77.29928571428572,83.94,25.539999999999996,11.713415,13.459857,12.198005,amber
S004-063,S004,season_stress,Batch 3,14,no,raised,no,damp,91,2025-08-17,14,0,0,0,2,91,83.20285714285714,88.08,25.993571428571435,9.678904,14.640571,12.316296,amber
S004-064,S004,season_stress,Batch 4,12,no,floor,no,dry,140,2025-04-15,12,0,1,0,0,140,77.24214285714285,83.94,25.514999999999993,10.21517,14.448429,13.130178,red
S004-065,S004,season_stress,Batch 5,11,no,floor,no,damp,102,2025-06-10,11,0,1,0,2,102,82.74428571428572,88.77,25.586428571428574,10.766112,15.548857,13.50464,red
S004-066,S004,season_stress,Batch 6,7,no,floor,yes,damp,68,2025-09-17,7,0,1,1,2,68,80.31428571428572,82.05,26.477857142857147,12.566916,15.062857,13.646626,red
S004-067,S004,season_stress,Batch 7,12,no,raised,yes,damp,43,2025-09-04,12,0,0,1,2,43,86.5792857142857,88.74,25.222857142857144,11.149134,15.315857,12.403984,amber
S004-068,S004,season_stress,Batch 8,7,no,raised,yes,damp,60,2025-08-18,7,0,0,1,2,60,86.5792857142857,88.74,25.222857142857144,12.411296,15.315857,13.554152,red
S004-069,S004,season_stress,Batch 9,15,yes,raised,no,dry,11,2025-10-10,15,1,0,0,0,11,86.4992857142857,88.74,25.236428571428576,10.780188,15.299857,11.176069,green
S004-070,S004,season_stress,Batch 10,17,no,raised,no,damp,21,2025-09-16,17,0,0,0,2,21,86.965,90.08,25.19571428571428,11.917522,15.393,12.475486,amber
S004-071,S004,season_stress,Batch 1,8,yes,raised,yes,unsure,8,2025-10-22,8,1,0,1,1,8,85.47285714285715,87.98,25.917857142857144,13.139841,15.094571,13.265907,red
S004-072,S004,season_stress,Batch 2,9,yes,raised,yes,damp,172,2025-04-14,9,1,0,1,2,172,86.37857142857142,90.08,25.26214285714286,12.822063,15.275714,14.690488,red
S004-073,S004,season_stress,Batch 3,10,yes,raised,no,damp,84,2025-08-22,10,1,0,0,2,84,83.36785714285715,88.08,25.947142857142858,12.905639,14.673571,13.795642,red
S004-074,S004,season_stress,Batch 4,8,yes,raised,yes,damp,56,2025-08-02,8,1,0,1,2,56,85.98214285714288,88.95,25.387857142857143,13.007854,15.196429,13.823997,red
S004-075,S004,season_stress,Batch 5,0,no,raised,no,dry,165,2025-04-05,0,0,0,0,0,165,79.85571428571428,88.77,25.745714285714286,18.12996,13.971143,15.022657,red
S004-076,S004,season_stress,Batch 6,8,no,raised,yes,damp,77,2025-08-10,8,0,0,1,2,77,85.99285714285713,87.98,25.597142857142853,13.662522,15.198571,14.389973,red
S004-077,S004,season_stress,Batch 7,6,yes,floor,yes,damp,49,2025-10-07,6,1,1,1,2,49,79.90214285714285,82.05,26.51785714285714,14.946225,14.980429,14.957692,red
S004-078,S004,season_stress,Batch 8,11,no,floor,no,unsure,72,2025-06-26,11,0,1,0,1,72,75.13714285714286,83.94,25.855,10.55115,14.027429,12.119606,amber
S004-079,S004,season_stress,Batch 9,10,no,floor,yes,damp,169,2025-04-05,10,0,1,1,2,169,83.42571428571428,88.77,25.517142857142858,10.778218,15.685143,14.485152,red
S004-080,S004,season_stress,Batch 10,12,no,raised,no,unsure,179,2025-03-19,12,0,0,0,1,179,77.11785714285713,88.77,25.993571428571435,10.546579,13.423571,12.776256,amber
S005-001,S005,season_stress,Batch 1,13,yes,raised,no,dry,10,2025-08-23,13,1,0,0,0,10,77.24214285714285,83.94,25.514999999999993,10.561209,13.448429,10.792058,green
S005-002,S005,season_stress,Batch 2,15,no,raised,no,dry,19,2025-10-21,15,0,0,0,0,19,84.77357142857143,88.08,25.846428571428564,10.157188,14.954714,10.859713,green
S005-003,S005,season_stress,Batch 3,10,no,raised,no,damp,118,2025-05-22,10,0,0,0,2,118,79.85571428571428,88.77,25.745714285714286,10.665728,13.971143,12.734712,amber
S005-004,S005,season_stress,Batch 4,6,no,floor,yes,damp,141,2025-05-08,6,0,1,1,2,141,85.96928571428573,88.77,25.34642857142857,12.379663,16.193857,15.015962,red
S005-005,S005,season_stress,Batch 5,8,no,raised,no,damp,78,2025-07-03,8,0,0,0,2,78,81.71285714285715,88.77,25.680714285714288,11.084528,14.342571,12.641724,amber
S005-006,S005,season_stress,Batch 6,9,no,floor,no,damp,11,2025-11-18,9,0,1,0,2,11,79.68999999999998,82.0,26.620714285714286,10.895266,14.938,11.249372,green
S005-007,S005,season_stress,Batch 7,8,no,raised,yes,damp,175,2025-06-06,8,0,0,1,2,175,79.7242857142857,82.0,26.625714285714285,11.261297,13.944857,13.320598,red
S005-008,S005,season_stress,Batch 8,6,no,floor,yes,damp,88,2025-08-20,6,0,1,1,2,88,83.20285714285714,88.08,25.993571428571435,12.694913,15.640571,14.225756,red
S005-009,S005,season_stress,Batch 9,8,no,raised,no,unsure,31,2025-10-23,8,0,0,0,1,31,80.62,82.05,26.466428571428573,11.110729,14.124,11.796737,green
S005-010,S005,season_stress,Batch 10,9,yes,floor,yes,damp,64,2025-07-10,9,1,1,1,2,64,75.21785714285714,82.43,26.157142857142855,12.760058,14.043571,13.290603,red
S005-011,S005,season_stress,Batch 1,5,no,raised,yes,damp,66,2025-08-09,5,0,0,1,2,66,86.66214285714285,90.08,25.19214285714285,13.295269,15.332429,14.15709,red
S005-012,S005,season_stress,Batch 2,2,yes,raised,yes,unsure,57,2025-07-29,2,1,0,1,1,57,85.20714285714284,88.77,25.37285714285715,15.774181,15.041429,15.497116,red
S005-013,S005,season_stress,Batch 3,7,no,raised,no,unsure,14,2025-09-16,7,0,0,0,1,14,86.16285714285713,89.04,25.352142857142862,11.162064,15.232571,11.610301,green
S005-014,S005,season_stress,Batch 4,4,no,floor,no,dry,152,2025-06-23,4,0,1,0,0,152,80.93499999999999,84.69,26.43071428571429,12.07855,15.187,14.311134,red
S005-015,S005,season_stress,Batch 5,11,no,floor,no,damp,129,2025-07-19,11,0,1,0,2,129,79.90214285714285,82.05,26.51785714285714,10.035819,14.980429,13.292844,red
S005-016,S005,season_stress,Batch 6,8,no,raised,yes,damp,172,2025-05-20,8,0,0,1,2,172,84.74928571428572,88.08,25.85571428571428,12.246681,14.949857,14.305116,red
S005-017,S005,season_stress,Batch 7,4,no,floor,no,damp,177,2025-04-24,4,0,1,0,2,177,86.61428571428571,88.74,25.177142857142854,13.340523,16.322857,15.640562,red
S005-018,S005,season_stress,Batch 8,6,no,floor,no,damp,34,2025-10-01,6,0,1,0,2,34,84.88000000000001,87.8,26.011428571428564,11.159986,15.976,12.348247,amber
S005-019,S005,season_stress,Batch 9,15,no,floor,no,damp,69,2025-07-19,15,0,1,0,2,69,85.96928571428573,88.77,25.34642857142857,10.94147,16.193857,13.238313,red
S005-020,S005,season_stress,Batch 10,15,no,raised,no,dry,42,2025-07-24,15,0,0,0,0,42,76.6557142857143,83.94,25.652142857142852,9.303856,13.331143,10.493162,green
S005-021,S005,season_stress,Batch 1,7,yes,floor,yes,unsure,175,2025-04-11,7,1,1,1,1,175,86.37857142857142,90.08,25.26214285714286,12.806917,16.275714,15.46879,red
S005-022,S005,season_stress,Batch 2,6,yes,raised,yes,damp,128,2025-05-06,6,1,0,1,2,128,74.61357142857143,80.37,26.20642857142857,13.274194,12.922714,13.043677,red
S005-023,S005,season_stress,Batch 3,15,no,raised,no,unsure,97,2025-08-17,15,0,0,0,1,97,80.93499999999999,84.69,26.43071428571429,9.905256,14.187,12.279054,amber
S005-024,S005,season_stress,Batch 4,9,no,raised,no,dry,23,2025-10-24,9,0,0,0,0,23,83.20285714285714,88.08,25.993571428571435,10.4229,14.640571,11.158538,green
S005-025,S005,season_stress,Batch 5,12,no,floor,no,damp,48,2025-10-11,12,0,1,0,2,48,79.7242857142857,82.0,26.625714285714285,10.100212,14.944857,11.697394,green
S005-026,S005,season_stress,Batch 6,10,no,raised,no,dry,85,2025-08-27,10,0,0,0,0,85,81.49214285714287,88.08,26.22214285714286,9.403932,14.298429,11.888064,green
S005-027,S005,season_stress,Batch 7,2,no,floor,yes,damp,104,2025-08-04,2,0,1,1,2,104,83.20285714285714,88.08,25.993571428571435,14.320034,15.640571,15.085483,red
S005-028,S005,season_stress,Batch 8,11,no,floor,yes,damp,147,2025-07-06,11,0,1,1,2,147,79.66714285714286,82.0,26.61214285714286,10.699577,14.933429,13.689702,red
S005-029,S005,season_stress,Batch 9,9,no,floor,yes,dry,57,2025-08-29,9,0,1,1,0,57,86.19142857142856,87.98,25.502857142857142,10.274186,16.238286,12.529302,amber
S005-030,S005,season_stress,Batch 10,20,no,floor,no,dry,64,2025-07-14,20,0,1,0,0,64,79.22142857142858,88.77,25.78857142857143,10.294789,14.844286,12.175341,amber
S005-031,S005,season_stress,Batch 1,7,no,floor,no,damp,150,2025-06-17,7,0,1,0,2,150,83.36785714285715,88.08,25.947142857142858,11.194136,15.673571,14.390192,red
S005-032,S005,season_stress,Batch 2,8,no,raised,yes,damp,159,2025-04-14,8,0,0,1,2,159,82.74428571428572,88.77,25.586428571428574,11.209934,14.548857,13.661362,red
S005-033,S005,season_stress,Batch 3,2,no,raised,no,damp,91,2025-07-21,2,0,0,0,2,91,86.61285714285714,88.74,25.178571428571427,13.358009,15.322571,14.402279,red
S005-034,S005,season_stress,Batch 4,8,no,floor,no,damp,6,2025-09-01,8,0,1,0,2,6,74.91999999999999,83.94,25.942857142857147,12.694571,13.984,12.757457,amber
S005-035,S005,season_stress,Batch 5,17,no,raised,no,damp,169,2025-06-01,17,0,0,0,2,169,82.93357142857143,88.08,26.018571428571438,10.967886,14.586714,13.701728,red
S005-036,S005,season_stress,Batch 6,10,yes,raised,yes,damp,122,2025-05-18,10,1,0,1,2,122,79.85571428571428,88.77,25.745714285714286,11.820689,13.971143,13.193111,red
S005-037,S005,season_stress,Batch 7,12,no,floor,no,damp,166,2025-05-15,12,0,1,0,2,166,85.68357142857144,87.98,25.76214285714285,10.244653,16.136714,14.659331,red
S005-038,S005,season_stress,Batch 8,12,no,floor,yes,damp,114,2025-07-02,12,0,1,1,2,114,86.25357142857142,88.2,25.459285714285716,9.967583,16.250714,13.82077,red
S005-039,S005,season_stress,Batch 9,11,yes,floor,no,damp,129,2025-05-10,11,1,1,0,2,129,79.22142857142858,88.77,25.78857142857143,12.464252,14.844286,14.031986,red
S005-040,S005,season_stress,Batch 10,1,no,floor,yes,damp,139,2025-05-18,1,0,1,1,2,139,86.53285714285714,90.08,25.287142857142857,15.913504,16.306571,16.183145,red
S005-041,S005,season_stress,Batch 1,15,no,raised,yes,damp,156,2025-06-20,15,0,0,1,2,156,80.62,82.05,26.466428571428573,9.829225,14.124,12.953537,amber
S005-042,S005,season_stress,Batch 2,2,no,raised,no,damp,110,2025-07-23,2,0,0,0,2,110,84.72,88.08,25.851428571428567,15.62531,14.944,15.216422,red
S005-043,S005,season_stress,Batch 3,14,no,raised,yes,unsure,120,2025-06-26,14,0,0,1,1,120,86.25357142857142,88.2,25.459285714285716,9.793656,15.250714,13.243175,red
S005-044,S005,season_stress,Batch 4,2,no,floor,yes,damp,65,2025-08-10,2,0,1,1,2,65,86.66214285714285,90.08,25.19214285714285,14.620568,16.332429,15.336506,red
S005-045,S005,season_stress,Batch 5,13,no,raised,no,damp,85,2025-08-20,13,0,0,0,2,85,83.77857142857144,88.08,25.886428571428564,10.638421,14.755714,12.728094,amber
S005-046,S005,season_stress,Batch 6,7,no,raised,no,damp,166,2025-04-12,7,0,0,0,2,166,85.61571428571428,88.77,25.353571428571428,11.637008,15.123143,14.249025,red
S005-047,S005,season_stress,Batch 7,3,no,raised,yes,damp,24,2025-09-04,3,0,0,1,2,24,86.11928571428572,88.95,25.414285714285715,13.831077,15.223857,14.083545,red
S005-048,S005,season_stress,Batch 8,7,no,floor,no,damp,114,2025-05-20,7,0,1,0,2,114,74.61357142857143,80.37,26.20642857142857,13.209501,13.922714,13.646885,red
S005-049,S005,season_stress,Batch 9,14,no,raised,no,dry,26,2025-08-13,14,0,0,0,0,26,74.89642857142857,83.94,26.01071428571429,9.43994,12.979286,10.129411,green
S005-050,S005,season_stress,Batch 10,13,yes,raised,no,dry,142,2025-05-20,13,1,0,0,0,142,87.07928571428572,90.08,25.138571428571428,12.337835,15.415857,14.473194,red
S005-051,S005,season_stress,Batch 1,15,yes,raised,no,damp,2,2025-10-07,15,1,0,0,2,2,87.07928571428572,90.08,25.138571428571428,12.843616,15.415857,12.886131,amber
S005-052,S005,season_stress,Batch 2,15,no,raised,no,dry,4,2025-09-15,15,0,0,0,0,4,81.71285714285715,88.77,25.680714285714288,11.544829,14.342571,11.63655,green
S005-053,S005,season_stress,Batch 3,11,yes,raised,no,damp,179,2025-05-11,11,1,0,0,2,179,85.215,87.94,25.929999999999996,10.559611,15.043,14.034249,red
S005-054,S005,season_stress,Batch 4,13,no,raised,no,damp,36,2025-08-19,13,0,0,0,2,36,85.20714285714284,88.77,25.37285714285715,11.480196,15.041429,12.403202,amber
S005-055,S005,season_stress,Batch 5,8,no,raised,no,damp,17,2025-11-13,8,0,0,0,2,17,79.66714285714286,82.0,26.61214285714286,10.735116,13.933429,11.15758,green
S005-056,S005,season_stress,Batch 6,15,no,raised,no,damp,103,2025-06-03,15,0,0,0,2,103,77.11785714285713,88.77,25.993571428571435,10.241119,13.423571,12.074632,amber
S005-057,S005,season_stress,Batch 7,6,no,floor,no,damp,101,2025-08-03,6,0,1,0,2,101,83.92142857142858,88.08,25.88428571428571,14.152873,15.784286,15.08116,red
S005-058,S005,season_stress,Batch 8,14,yes,raised,no,unsure,133,2025-07-19,14,1,0,0,1,133,79.68999999999998,82.0,26.620714285714286,10.857883,13.938,12.921227,amber
S005-059,S005,season_stress,Batch 9,16,no,raised,no,damp,89,2025-07-23,16,0,0,0,2,89,86.61285714285714,88.74,25.178571428571427,10.060972,15.322571,12.81637,amber
S005-060,S005,season_stress,Batch 10,6,yes,raised,yes,damp,41,2025-09-26,6,1,0,1,2,41,85.215,87.94,25.929999999999996,13.599369,15.043,14.017178,red
S005-061,S005,season_stress,Batch 1,16,no,raised,yes,damp,164,2025-04-20,16,0,0,1,2,164,86.49,90.08,25.272142857142857,10.625782,15.298,14.106793,red
S005-062,S005,season_stress,Batch 2,8,no,raised,yes,damp,119,2025-07-27,8,0,0,1,2,119,80.62,82.05,26.466428571428573,11.387461,14.124,13.108859,red
S005-063,S005,season_stress,Batch 3,7,no,raised,no,damp,50,2025-08-05,7,0,0,0,2,50,85.20714285714284,88.77,25.37285714285715,11.317058,15.041429,12.586172,amber
S005-064,S005,season_stress,Batch 4,10,no,raised,no,unsure,51,2025-07-14,10,0,0,0,1,51,77.29928571428572,83.94,25.539999999999996,10.286326,13.459857,11.385098,green
S005-065,S005,season_stress,Batch 5,15,no,floor,yes,unsure,128,2025-07-18,15,0,1,1,1,128,80.62,82.05,26.466428571428573,11.665741,15.124,13.933827,red
S005-066,S005,season_stress,Batch 6,14,no,raised,yes,damp,161,2025-04-08,14,0,0,1,2,161,79.22142857142858,88.77,25.78857142857143,11.922892,13.844286,13.342015,red
S005-067,S005,season_stress,Batch 7,13,no,raised,yes,damp,134,2025-07-16,13,0,0,1,2,134,79.72785714285715,82.05,26.597857142857144,10.884458,13.945571,12.943457,amber
S005-068,S005,season_stress,Batch 8,3,no,raised,yes,unsure,113,2025-05-22,3,0,0,1,1,113,75.21785714285714,82.43,26.157142857142855,14.906336,13.043571,13.770007,red
S005-069,S005,season_stress,Batch 9,9,no,raised,no,damp,59,2025-09-10,9,0,0,0,2,59,84.74928571428572,88.08,25.85571428571428,11.135112,14.949857,12.616736,amber
S005-070,S005,season_stress,Batch 10,8,yes,floor,no,damp,111,2025-05-20,8,1,1,0,2,111,74.89642857142857,83.94,26.01071428571429,12.751436,13.979286,13.492405,red
S005-071,S005,season_stress,Batch 1,13,no,raised,no,unsure,151,2025-06-23,13,0,0,0,1,151,80.93142857142857,84.69,26.384285714285713,11.903922,14.186286,13.537804,red
S005-072,S005,season_stress,Batch 2,7,no,raised,no,unsure,90,2025-07-15,7,0,0,0,1,90,86.64142857142858,90.08,25.178571428571427,13.047754,15.328286,14.251039,red
S005-073,S005,season_stress,Batch 3,12,no,raised,yes,damp,84,2025-08-12,12,0,0,1,2,84,84.88000000000001,87.8,26.011428571428564,9.505979,14.976,12.259668,amber
S005-074,S005,season_stress,Batch 4,10,no,raised,no,dry,42,2025-09-01,10,0,0,0,0,42,86.64142857142858,90.08,25.178571428571427,9.610051,15.328286,11.298714,green
S005-075,S005,season_stress,Batch 5,13,no,raised,yes,damp,121,2025-07-17,13,0,0,1,2,121,83.19714285714285,88.08,25.985714285714288,11.653694,14.639429,13.550154,red
S005-076,S005,season_stress,Batch 6,5,no,raised,no,unsure,165,2025-03-27,5,0,0,0,1,165,74.89642857142857,83.94,26.01071428571429,11.491241,12.979286,12.603049,amber
S005-077,S005,season_stress,Batch 7,10,no,raised,no,damp,66,2025-09-10,10,0,0,0,2,66,83.19714285714285,88.08,25.985714285714288,11.2929,14.639429,12.70865,amber
S005-078,S005,season_stress,Batch 8,10,no,raised,no,dry,9,2025-09-01,10,0,0,0,0,9,74.25285714285714,79.03,26.257142857142856,10.980516,12.850571,11.11564,green
S005-079,S005,season_stress,Batch 9,0,no,floor,no,damp,174,2025-03-20,0,0,1,0,2,174,74.25285714285714,79.03,26.257142857142856,14.834416,13.850571,14.081352,red
S005-080,S005,season_stress,Batch 10,0,no,raised,yes,damp,5,2025-11-02,0,0,0,1,2,5,85.23714285714286,88.08,25.839285714285715,16.870892,15.047429,16.796475,red
S006-001,S006,season_stress,Batch 1,15,no,raised,no,dry,6,2025-10-15,15,0,0,0,0,6,86.4992857142857,88.74,25.236428571428576,11.615914,15.299857,11.795582,green
S006-002,S006,season_stress,Batch 2,10,no,floor,yes,damp,122,2025-06-16,10,0,1,1,2,122,86.34142857142857,88.74,25.277857142857147,11.224367,16.268286,14.443401,red
S006-003,S006,season_stress,Batch 3,0,no,raised,yes,dry,137,2025-05-11,0,0,0,1,0,137,85.61571428571428,88.77,25.353571428571428,15.064659,15.123143,15.10447,red
S006-004,S006,season_stress,Batch 4,17,no,raised,yes,damp,144,2025-06-19,17,0,0,1,2,144,84.72,88.08,25.851428571428567,11.87973,14.944,14.02106,red
S006-005,S006,season_stress,Batch 5,8,yes,raised,no,damp,136,2025-05-05,8,1,0,0,2,136,80.5757142857143,88.77,25.72214285714286,12.210949,14.115143,13.502072,red
S006-006,S006,season_stress,Batch 6,6,no,floor,no,damp,173,2025-05-04,6,0,1,0,2,173,86.25357142857142,88.2,25.459285714285716,13.258268,16.250714,15.542901,red
S006-007,S006,season_stress,Batch 7,10,no,floor,yes,damp,141,2025-05-09,10,0,1,1,2,141,85.98214285714288,88.95,25.387857142857143,10.042135,16.196429,14.295866,red
S006-008,S006,season_stress,Batch 8,6,no,raised,no,unsure,67,2025-09-09,6,0,0,0,1,67,83.19714285714285,88.08,25.985714285714288,14.183567,14.639429,14.378602,red
S006-009,S006,season_stress,Batch 9,4,no,raised,yes,damp,15,2025-09-07,4,0,0,1,2,15,83.95857142857143,88.77,25.467142857142857,13.741027,14.791714,13.864486,red
S006-010,S006,season_stress,Batch 10,16,no,floor,no,damp,15,2025-08-19,16,0,1,0,2,15,77.29928571428572,83.94,25.539999999999996,11.115299,14.459857,11.508295,green
S006-011,S006,season_stress,Batch 1,10,yes,raised,yes,damp,140,2025-04-19,10,1,0,1,2,140,75.13714285714286,83.94,25.855,14.341643,13.027429,13.436679,red
S006-012,S006,season_stress,Batch 2,15,yes,raised,yes,damp,28,2025-10-13,15,1,0,1,2,28,84.72,88.08,25.851428571428567,11.965884,14.944,12.585661,amber
S006-013,S006,season_stress,Batch 3,9,no,raised,yes,damp,154,2025-04-19,9,0,0,1,2,154,82.74428571428572,88.77,25.586428571428574,11.232346,14.548857,13.629812,red
S006-014,S006,season_stress,Batch 4,12,no,raised,no,dry,39,2025-09-15,12,0,0,0,0,39,86.25357142857142,88.2,25.459285714285716,13.322171,15.250714,13.857289,red
S006-015,S006,season_stress,Batch 5,10,no,raised,yes,damp,93,2025-08-14,10,0,0,1,2,93,83.19714285714285,88.08,25.985714285714288,11.363594,14.639429,13.130239,red
S006-016,S006,season_stress,Batch 6,13,no,raised,no,damp,167,2025-05-10,13,0,0,0,2,167,86.25357142857142,88.2,25.459285714285716,11.443192,15.250714,14.303934,red
S006-017,S006,season_stress,Batch 7,9,yes,raised,yes,damp,24,2025-08-31,9,1,0,1,2,24,85.20714285714284,88.77,25.37285714285715,12.490784,15.041429,12.953137,amber
S006-018,S006,season_stress,Batch 8,12,no,floor,yes,unsure,56,2025-09-22,12,0,1,1,1,56,82.93357142857143,88.08,26.018571428571438,12.670698,15.586714,13.758112,red
S006-019,S006,season_stress,Batch 9,9,no,raised,yes,damp,154,2025-05-06,9,0,0,1,2,154,86.965,90.08,25.19571428571428,11.690065,15.393,14.366872,red
S006-020,S006,season_stress,Batch 10,10,no,raised,no,unsure,171,2025-05-02,10,0,0,0,1,171,86.61285714285714,88.74,25.178571428571427,10.514937,15.322571,14.166295,red
S006-021,S006,season_stress,Batch 1,12,no,floor,no,damp,25,2025-10-22,12,0,1,0,2,25,83.20285714285714,88.08,25.993571428571435,11.658494,15.640571,12.407378,amber
S006-022,S006,season_stress,Batch 2,12,no,floor,yes,dry,51,2025-08-09,12,0,1,1,0,51,86.30142857142857,89.04,25.345000000000002,11.329265,16.260286,13.036534,red
S006-023,S006,season_stress,Batch 3,15,no,floor,no,dry,24,2025-10-08,15,0,1,0,0,24,85.3757142857143,87.98,25.949285714285715,10.323577,16.075143,11.366159,green
S006-024,S006,season_stress,Batch 4,3,no,raised,no,damp,90,2025-07-29,3,0,0,0,2,90,85.78571428571429,87.98,25.67428571428571,14.840693,15.157143,15.007662,red
S006-025,S006,season_stress,Batch 5,14,no,raised,yes,damp,158,2025-04-12,14,0,0,1,2,158,79.85571428571428,88.77,25.745714285714286,10.741941,13.971143,13.105629,red
S006-026,S006,season_stress,Batch 6,1,no,raised,yes,damp,150,2025-04-17,1,0,0,1,2,150,77.11785714285713,88.77,25.993571428571435,16.593405,13.423571,14.331744,red
S006-027,S006,season_stress,Batch 7,0,no,raised,no,damp,95,2025-06-02,0,0,0,0,2,95,75.96142857142857,83.94,25.72,16.740849,13.192286,14.800101,red
S006-028,S006,season_stress,Batch 8,12,no,raised,no,damp,134,2025-05-02,12,0,0,0,2,134,76.23142857142857,88.77,26.051428571428573,11.018835,13.246286,12.517087,amber
S006-029,S006,season_stress,Batch 9,11,yes,raised,no,damp,78,2025-07-03,11,1,0,0,2,78,81.71285714285715,88.77,25.680714285714288,11.868833,14.342571,13.051167,red
S006-030,S006,season_stress,Batch 10,5,no,floor,no,damp,35,2025-08-02,5,0,1,0,2,35,75.13714285714286,83.94,25.855,13.214684,14.027429,13.420294,red
S006-031,S006,season_stress,Batch 1,11,no,raised,no,damp,29,2025-09-23,11,0,0,0,2,29,86.18142857142857,88.2,25.356428571428573,11.503294,15.236286,12.3047,amber
S006-032,S006,season_stress,Batch 2,8,no,raised,no,damp,27,2025-09-14,8,0,0,0,2,27,86.89857142857143,90.08,25.137857142857143,12.081261,15.379714,12.745846,amber
S006-033,S006,season_stress,Batch 3,9,no,raised,no,damp,130,2025-06-18,9,0,0,0,2,130,85.99285714285713,87.98,25.597142857142853,12.545263,15.198571,14.300518,red
S006-034,S006,season_stress,Batch 4,9,yes,raised,no,unsure,106,2025-08-13,9,1,0,0,1,106,79.72785714285715,82.05,26.597857142857144,12.330371,13.945571,13.277843,red
S006-035,S006,season_stress,Batch 5,2,no,raised,yes,damp,94,2025-07-09,2,0,0,1,2,94,86.89857142857143,90.08,25.137857142857143,15.001168,15.379714,15.206764,red
S006-036,S006,season_stress,Batch 6,7,no,raised,yes,damp,70,2025-07-21,7,0,0,1,2,70,86.30142857142857,89.04,25.345000000000002,12.186593,15.260286,13.545057,red
S006-037,S006,season_stress,Batch 7,15,no,raised,no,damp,73,2025-08-31,15,0,0,0,2,73,83.92142857142858,88.08,25.88428571428571,11.169085,14.784286,12.816687,amber
S006-038,S006,season_stress,Batch 8,6,no,floor,yes,damp,111,2025-07-25,6,0,1,1,2,111,83.77857142857144,88.08,25.886428571428564,13.693485,15.755714,14.937975,red
S006-039,S006,season_stress,Batch 9,3,no,raised,no,damp,54,2025-07-31,3,0,0,0,2,54,84.28642857142859,88.77,25.489285714285717,14.08941,14.857286,14.367666,red
S006-040,S006,season_stress,Batch 10,11,no,raised,yes,unsure,94,2025-08-14,11,0,0,1,1,94,83.20285714285714,88.08,25.993571428571435,10.43756,14.640571,12.720297,amber
S006-041,S006,season_stress,Batch 1,16,yes,floor,yes,damp,121,2025-05-13,16,1,1,1,2,121,74.61357142857143,80.37,26.20642857142857,12.045235,13.922714,13.23776,red
S006-042,S006,season_stress,Batch 2,6,no,raised,no,damp,115,2025-06-03,6,0,0,0,2,115,85.96928571428573,88.77,25.34642857142857,13.550202,15.193857,14.563464,red
S006-043,S006,season_stress,Batch 3,6,no,raised,yes,damp,20,2025-09-08,6,0,0,1,2,20,86.11928571428572,88.95,25.414285714285715,12.74604,15.223857,13.126431,red
S006-044,S006,season_stress,Batch 4,18,yes,floor,yes,damp,169,2025-05-27,18,1,1,1,2,169,83.92142857142858,88.08,25.88428571428571,13.133636,15.784286,15.136068,red
S006-045,S006,season_stress,Batch 5,9,no,floor,no,unsure,15,2025-11-11,9,0,1,0,1,15,79.78214285714286,82.05,26.549285714285713,12.659554,14.956429,12.929444,amber
S006-046,S006,season_stress,Batch 6,13,no,floor,no,damp,154,2025-04-05,13,0,1,0,2,154,75.13714285714286,83.94,25.855,12.784557,14.027429,13.683014,red
S006-047,S006,season_stress,Batch 7,10,no,raised,no,unsure,92,2025-06-03,10,0,0,0,1,92,77.29928571428572,83.94,25.539999999999996,11.429447,13.459857,12.516612,amber
S006-048,S006,season_stress,Batch 8,16,no,raised,no,damp,134,2025-06-18,16,0,0,0,2,134,85.47285714285715,87.98,25.917857142857144,11.355665,15.094571,13.870569,red
S006-049,S006,season_stress,Batch 9,17,no,raised,yes,damp,83,2025-08-10,17,0,0,1,2,83,85.3757142857143,87.98,25.949285714285715,10.219533,15.075143,12.643741,amber
S006-050,S006,season_stress,Batch 10,4,no,raised,no,damp,7,2025-10-21,4,0,0,0,2,7,85.68357142857144,87.98,25.76214285714285,12.733961,15.136714,12.870112,amber
S006-051,S006,season_stress,Batch 1,21,no,raised,no,unsure,75,2025-07-13,21,0,0,0,1,75,85.96928571428573,88.77,25.34642857142857,10.427503,15.193857,12.642612,amber
S006-052,S006,season_stress,Batch 2,0,no,raised,yes,damp,25,2025-10-18,0,0,0,1,2,25,83.92142857142858,88.08,25.88428571428571,16.507539,14.784286,16.183457,red
S006-053,S006,season_stress,Batch 3,8,no,raised,no,damp,135,2025-07-14,8,0,0,0,2,135,79.78214285714286,82.05,26.549285714285713,13.840215,13.956429,13.9187,red
S006-054,S006,season_stress,Batch 4,7,no,floor,no,damp,144,2025-05-03,7,0,1,0,2,144,85.20714285714284,88.77,25.37285714285715,12.877834,16.041429,15.088572,red
S006-055,S006,season_stress,Batch 5,8,yes,raised,no,damp,148,2025-07-03,8,1,0,0,2,148,79.7242857142857,82.0,26.625714285714285,14.075782,13.944857,13.982998,red
S006-056,S006,season_stress,Batch 6,4,no,raised,no,unsure,45,2025-10-05,4,0,0,0,1,45,82.06285714285715,88.08,26.123571428571434,12.982304,14.412571,13.429564,red
S006-057,S006,season_stress,Batch 7,16,no,floor,yes,damp,102,2025-06-07,16,0,1,1,2,102,79.85571428571428,88.77,25.745714285714286,10.838875,14.971143,13.20495,red
S006-058,S006,season_stress,Batch 8,6,no,raised,yes,damp,128,2025-07-21,6,0,0,1,2,128,79.78214285714286,82.05,26.549285714285713,13.606539,13.956429,13.836013,red
S006-059,S006,season_stress,Batch 9,6,no,raised,yes,unsure,89,2025-06-10,6,0,0,1,1,89,74.91999999999999,83.94,25.942857142857147,14.181441,12.984,13.554365,red
S006-060,S006,season_stress,Batch 10,8,no,floor,no,damp,23,2025-09-24,8,0,1,0,2,23,86.5792857142857,88.74,25.222857142857144,11.431659,16.315857,12.283551,amber
S006-061,S006,season_stress,Batch 1,6,no,raised,yes,damp,94,2025-06-18,6,0,0,1,2,94,82.74428571428572,88.77,25.586428571428574,14.903874,14.548857,14.711057,red
S006-062,S006,season_stress,Batch 2,7,yes,raised,yes,unsure,116,2025-06-07,7,1,0,1,1,116,86.49,90.08,25.272142857142857,13.674308,15.298,14.680431,red
S006-063,S006,season_stress,Batch 3,7,yes,raised,no,damp,70,2025-08-17,7,1,0,0,2,70,85.99285714285713,87.98,25.597142857142853,13.880409,15.198571,14.46299,red
S006-064,S006,season_stress,Batch 4,21,yes,floor,yes,unsure,64,2025-08-09,21,1,1,1,1,64,86.90642857142858,90.08,25.095714285714283,12.489859,16.381286,14.098395,red
S006-065,S006,season_stress,Batch 5,10,no,raised,yes,unsure,72,2025-08-01,10,0,0,1,1,72,86.90642857142858,90.08,25.095714285714283,12.237091,15.381286,13.655715,red
S006-066,S006,season_stress,Batch 6,8,yes,floor,yes,damp,45,2025-07-23,8,1,1,1,2,45,75.13714285714286,83.94,25.855,13.797167,14.027429,13.869172,red
S006-067,S006,season_stress,Batch 7,0,yes,raised,yes,damp,147,2025-06-28,0,1,0,1,2,147,80.93499999999999,84.69,26.43071428571429,18.165488,14.187,15.355712,red
S006-068,S006,season_stress,Batch 8,9,no,raised,no,damp,72,2025-06-21,9,0,0,0,2,72,77.72928571428572,83.94,25.382142857142856,11.570141,13.545857,12.461561,amber
S006-069,S006,season_stress,Batch 9,15,no,raised,no,unsure,76,2025-07-24,15,0,0,0,1,76,87.04857142857144,90.08,25.15357142857143,11.415545,15.409714,13.289532,red
S006-070,S006,season_stress,Batch 10,6,yes,floor,no,dry,172,2025-05-13,6,1,1,0,0,172,85.3757142857143,87.98,25.949285714285715,15.896036,16.075143,16.032424,red
S006-071,S006,season_stress,Batch 1,17,yes,raised,no,damp,82,2025-07-12,17,1,0,0,2,82,86.57642857142855,90.08,25.234285714285715,12.546574,15.315286,13.917277,red
S006-072,S006,season_stress,Batch 2,19,yes,raised,yes,damp,36,2025-08-27,19,1,0,1,2,36,86.57642857142855,90.08,25.234285714285715,14.001817,15.315286,14.342244,red
S006-073,S006,season_stress,Batch 3,15,no,floor,no,damp,125,2025-05-14,15,0,1,0,2,125,79.22142857142858,88.77,25.78857142857143,10.752478,14.844286,13.400426,red
S006-074,S006,season_stress,Batch 4,12,no,raised,no,unsure,22,2025-08-15,12,0,0,0,1,22,75.13714285714286,83.94,25.855,11.314397,13.027429,11.601346,green
S006-075,S006,season_stress,Batch 5,10,no,floor,no,damp,175,2025-06-05,10,0,1,0,2,175,79.72785714285715,82.05,26.597857142857144,12.177326,14.945571,14.301612,red
S006-076,S006,season_stress,Batch 6,13,yes,raised,yes,damp,61,2025-07-11,13,1,0,1,2,61,74.25285714285714,79.03,26.257142857142856,13.238272,12.850571,13.083772,red
S006-077,S006,season_stress,Batch 7,8,no,raised,no,unsure,141,2025-05-02,8,0,0,0,1,141,82.74428571428572,88.77,25.586428571428574,12.06385,14.548857,13.78144,red
S006-078,S006,season_stress,Batch 8,6,no,floor,yes,damp,55,2025-09-12,6,0,1,1,2,55,85.215,87.94,25.929999999999996,13.34752,16.043,14.338549,red
S006-079,S006,season_stress,Batch 9,10,no,raised,yes,unsure,144,2025-05-26,10,0,0,1,1,144,86.5792857142857,88.74,25.222857142857144,10.527831,15.315857,13.873731,red
S006-080,S006,season_stress,Batch 10,7,yes,raised,no,damp,44,2025-08-16,7,1,0,0,2,44,86.30142857142857,89.04,25.345000000000002,13.896253,15.260286,14.314955,red
S007-001,S007,season_stress,Batch 1,10,no,floor,no,dry,169,2025-04-03,10,0,1,0,0,169,81.71285714285715,88.77,25.680714285714288,10.832618,15.342571,14.23966,red
S007-002,S007,season_stress,Batch 2,10,no,raised,no,damp,106,2025-08-16,10,0,0,0,2,106,79.66714285714286,82.0,26.61214285714286,10.282796,13.933429,12.424248,amber
S007-003,S007,season_stress,Batch 3,4,no,floor,yes,damp,167,2025-04-02,4,0,1,1,2,167,79.22142857142858,88.77,25.78857142857143,13.417106,14.844286,14.489402,red
S007-004,S007,season_stress,Batch 4,13,no,floor,no,dry,36,2025-10-09,13,0,1,0,0,36,83.36785714285715,88.08,25.947142857142858,10.18328,15.673571,11.606263,green
S007-005,S007,season_stress,Batch 5,11,yes,raised,yes,damp,36,2025-09-08,11,1,0,1,2,36,86.66214285714285,90.08,25.19214285714285,12.408693,15.332429,13.166472,red
S007-006,S007,season_stress,Batch 6,8,no,raised,no,damp,11,2025-09-03,8,0,0,0,2,11,77.11785714285713,88.77,25.993571428571435,11.924887,13.423571,12.056158,amber
S007-007,S007,season_stress,Batch 7,17,yes,floor,yes,damp,109,2025-05-18,17,1,1,1,2,109,76.6557142857143,83.94,25.652142857142852,12.961275,14.331143,13.778818,red
S007-008,S007,season_stress,Batch 8,17,yes,raised,no,damp,45,2025-08-18,17,1,0,0,2,45,86.57642857142855,90.08,25.234285714285715,13.922681,15.315286,14.358164,red
S007-009,S007,season_stress,Batch 9,15,no,raised,no,dry,2,2025-11-15,15,0,0,0,0,2,82.93357142857143,88.08,26.018571428571438,9.730529,14.586714,9.810795,green
S007-010,S007,season_stress,Batch 10,14,yes,floor,no,dry,112,2025-06-28,14,1,1,0,0,112,86.61428571428571,88.74,25.177142857142854,13.301197,16.322857,15.134617,red
S007-011,S007,season_stress,Batch 1,10,no,floor,no,damp,64,2025-08-25,10,0,1,0,2,64,85.68357142857144,87.98,25.76214285714285,10.080987,16.136714,12.584145,amber
S007-012,S007,season_stress,Batch 2,10,no,raised,yes,damp,172,2025-05-28,10,0,0,1,2,172,83.20285714285714,88.08,25.993571428571435,10.485035,14.640571,13.649424,red
S007-013,S007,season_stress,Batch 3,17,yes,floor,no,damp,16,2025-08-17,17,1,1,0,2,16,77.24214285714285,83.94,25.514999999999993,12.849265,14.448429,13.048883,red
S007-014,S007,season_stress,Batch 4,6,no,raised,no,unsure,118,2025-08-03,6,0,0,0,1,118,79.68999999999998,82.0,26.620714285714286,12.950893,13.938,13.568761,red
S007-015,S007,season_stress,Batch 5,10,no,raised,yes,damp,90,2025-06-30,10,0,0,1,2,90,86.11928571428572,88.95,25.414285714285715,10.95199,15.223857,13.20597,red
S007-016,S007,season_stress,Batch 6,8,no,raised,no,dry,143,2025-04-26,8,0,0,0,0,143,79.22142857142858,88.77,25.78857142857143,12.159746,13.844286,13.332666,red
S007-017,S007,season_stress,Batch 7,14,yes,raised,no,damp,8,2025-09-12,14,1,0,0,2,8,82.74428571428572,88.77,25.586428571428574,13.509531,14.548857,13.57656,red
S007-018,S007,season_stress,Batch 8,5,yes,floor,yes,unsure,141,2025-07-08,5,1,1,1,1,141,79.78214285714286,82.05,26.549285714285713,15.352228,14.956429,15.078659,red
S007-019,S007,season_stress,Batch 9,11,no,raised,no,damp,159,2025-05-17,11,0,0,0,2,159,86.09857142857142,88.2,25.43857142857143,10.165723,15.219714,13.876349,red
S007-020,S007,season_stress,Batch 10,2,no,floor,yes,damp,11,2025-09-28,2,0,1,1,2,11,87.07928571428572,90.08,25.138571428571428,14.51064,16.415857,14.67752,red
S007-021,S007,season_stress,Batch 1,12,no,raised,yes,damp,65,2025-08-12,12,0,0,1,2,65,86.34142857142857,88.74,25.277857142857147,11.374586,15.268286,13.003017,red
S007-022,S007,season_stress,Batch 2,17,no,raised,no,unsure,180,2025-05-12,17,0,0,0,1,180,84.74928571428572,88.08,25.85571428571428,11.065709,14.949857,14.083187,red
S007-023,S007,season_stress,Batch 3,12,no,raised,no,unsure,33,2025-08-15,12,0,0,0,1,33,79.85571428571428,88.77,25.745714285714286,10.133084,13.971143,11.05586,green
S007-024,S007,season_stress,Batch 4,11,no,floor,no,dry,5,2025-10-15,11,0,1,0,0,5,86.61285714285714,88.74,25.178571428571427,10.648197,16.322571,10.879772,green
S007-025,S007,season_stress,Batch 5,10,no,raised,yes,damp,158,2025-05-07,10,0,0,1,2,158,86.90642857142858,90.08,25.095714285714283,10.79096,15.381286,14.150953,red
S007-026,S007,season_stress,Batch 6,11,no,floor,no,dry,20,2025-10-09,11,0,1,0,0,20,85.6907142857143,87.98,25.83285714285714,11.151371,16.138143,11.916931,green
S007-027,S007,season_stress,Batch 7,15,no,floor,no,unsure,19,2025-09-25,15,0,1,0,1,19,86.66214285714285,90.08,25.19214285714285,10.303189,16.332429,11.18608,green
S007-028,S007,season_stress,Batch 8,8,yes,floor,yes,damp,18,2025-08-16,8,1,1,1,2,18,77.29928571428572,83.94,25.539999999999996,11.812772,14.459857,12.18149,amber
S007-029,S007,season_stress,Batch 9,14,no,raised,no,damp,66,2025-09-05,14,0,0,0,2,66,84.72,88.08,25.851428571428567,10.33484,14.944,12.284746,amber
S007-030,S007,season_stress,Batch 10,11,no,raised,yes,damp,140,2025-06-03,11,0,0,1,2,140,86.4992857142857,88.74,25.236428571428576,12.536805,15.299857,14.439434,red
S007-031,S007,season_stress,Batch 1,6,no,raised,no,damp,27,2025-10-26,6,0,0,0,2,27,80.93499999999999,84.69,26.43071428571429,10.333157,14.187,11.109643,green
S007-032,S007,season_stress,Batch 2,20,no,raised,no,damp,147,2025-05-25,20,0,0,0,2,147,86.705,88.74,25.139999999999997,12.256122,15.341,14.434793,red
S007-033,S007,season_stress,Batch 3,14,yes,raised,yes,damp,101,2025-06-22,14,1,0,1,2,101,86.49,90.08,25.272142857142857,12.585085,15.298,14.128756,red
S007-034,S007,season_stress,Batch 4,10,no,raised,yes,dry,170,2025-04-28,10,0,0,1,0,170,86.30714285714285,88.74,25.263571428571428,10.409279,15.261429,14.08468,red
S007-035,S007,season_stress,Batch 5,8,no,raised,yes,damp,134,2025-06-09,8,0,0,1,2,134,86.4992857142857,88.74,25.236428571428576,11.144655,15.299857,13.939572,red
S007-036,S007,season_stress,Batch 6,17,no,raised,no,dry,2,2025-11-24,17,0,0,0,0,2,79.78214285714286,82.05,26.549285714285713,10.013618,13.956429,10.078787,green
S007-037,S007,season_stress,Batch 7,0,no,floor,yes,unsure,142,2025-05-09,0,0,1,1,1,142,86.11928571428572,88.95,25.414285714285715,16.768205,16.223857,16.390567,red
S007-038,S007,season_stress,Batch 8,10,no,raised,yes,damp,161,2025-05-02,10,0,0,1,2,161,86.95214285714285,90.08,25.139285714285712,10.933295,15.390429,14.225291,red
S007-039,S007,season_stress,Batch 9,9,no,raised,yes,damp,110,2025-07-22,9,0,0,1,2,110,84.77357142857143,88.08,25.846428571428564,11.428948,14.954714,13.544938,red
S007-040,S007,season_stress,Batch 10,9,no,raised,no,damp,73,2025-07-20,9,0,0,0,2,73,86.49,90.08,25.272142857142857,11.774287,15.298,13.380194,red
S007-041,S007,season_stress,Batch 1,5,yes,raised,no,unsure,30,2025-08-31,5,1,0,0,1,30,86.16285714285713,89.04,25.352142857142862,12.725244,15.232571,13.279863,red
S007-042,S007,season_stress,Batch 2,10,yes,floor,no,damp,91,2025-08-06,10,1,1,0,2,91,85.0307142857143,87.8,25.983571428571427,11.706631,16.006143,13.992052,red
S007-043,S007,season_stress,Batch 3,10,no,floor,yes,unsure,101,2025-07-06,10,0,1,1,1,101,86.30714285714285,88.74,25.263571428571428,11.646734,16.261429,14.272534,red
S007-044,S007,season_stress,Batch 4,6,no,raised,yes,damp,161,2025-06-13,6,0,0,1,2,161,80.93142857142857,84.69,26.384285714285713,15.202081,14.186286,14.451824,red
S007-045,S007,season_stress,Batch 5,5,no,floor,yes,unsure,123,2025-05-31,5,0,1,1,1,123,86.49,90.08,25.272142857142857,13.695192,16.298,15.364122,red
S007-046,S007,season_stress,Batch 6,8,no,raised,no,unsure,44,2025-09-22,8,0,0,0,1,44,85.0307142857143,87.8,25.983571428571427,10.310157,15.006143,11.751634,green
S007-047,S007,season_stress,Batch 7,12,no,raised,no,damp,29,2025-08-16,12,0,0,0,2,29,77.11785714285713,88.77,25.993571428571435,11.118995,13.423571,11.613746,green
S007-048,S007,season_stress,Batch 8,12,no,raised,yes,damp,117,2025-05-29,12,0,0,1,2,117,84.28642857142859,88.77,25.489285714285717,11.578998,14.857286,13.620741,red
S007-049,S007,season_stress,Batch 9,12,no,raised,no,unsure,50,2025-09-02,12,0,0,0,1,50,86.18142857142857,88.2,25.356428571428573,10.78036,15.236286,12.298758,amber
S007-050,S007,season_stress,Batch 10,16,yes,raised,yes,damp,108,2025-07-01,16,1,0,1,2,108,86.5792857142857,88.74,25.222857142857144,11.55417,15.315857,13.786469,red
S007-051,S007,season_stress,Batch 1,0,no,raised,no,damp,86,2025-08-31,0,0,0,0,2,86,79.90214285714285,82.05,26.51785714285714,16.453593,13.980429,15.188266,red
S007-052,S007,season_stress,Batch 2,15,yes,floor,no,damp,57,2025-09-08,15,1,1,0,2,57,84.88000000000001,87.8,26.011428571428564,12.734218,15.976,13.959984,red
S007-053,S007,season_stress,Batch 3,9,no,raised,no,damp,99,2025-05-27,9,0,0,0,2,99,77.29928571428572,83.94,25.539999999999996,10.276498,13.459857,12.064798,amber
S007-054,S007,season_stress,Batch 4,11,no,raised,yes,damp,156,2025-06-22,11,0,0,1,2,156,79.90214285714285,82.05,26.51785714285714,11.326038,13.980429,13.257023,red
S007-055,S007,season_stress,Batch 5,12,no,raised,yes,damp,108,2025-06-06,12,0,0,1,2,108,83.95857142857143,88.77,25.467142857142857,9.382864,14.791714,12.59264,amber
S007-056,S007,season_stress,Batch 6,11,no,raised,no,damp,131,2025-05-29,11,0,0,0,2,131,86.965,90.08,25.19571428571428,9.553523,15.393,13.432941,red
S007-057,S007,season_stress,Batch 7,9,no,raised,no,damp,101,2025-05-28,9,0,0,0,2,101,75.13714285714286,83.94,25.855,12.093603,13.027429,12.624958,amber
S007-058,S007,season_stress,Batch 8,18,no,raised,no,dry,17,2025-09-01,18,0,0,0,0,17,80.5757142857143,88.77,25.72214285714286,9.934805,14.115143,10.486983,green
S007-059,S007,season_stress,Batch 9,4,no,raised,yes,damp,62,2025-08-28,4,0,0,1,2,62,85.6907142857143,87.98,25.83285714285714,13.651705,15.138143,14.251474,red
S007-060,S007,season_stress,Batch 10,12,yes,raised,yes,damp,137,2025-06-02,12,1,0,1,2,137,86.5792857142857,88.74,25.222857142857144,12.333078,15.315857,14.363496,red
S007-061,S007,season_stress,Batch 1,5,yes,floor,no,damp,67,2025-08-21,5,1,1,0,2,67,85.78571428571429,87.98,25.67428571428571,14.634877,16.157143,15.28616,red
S007-062,S007,season_stress,Batch 2,12,yes,floor,no,damp,124,2025-05-31,12,1,1,0,2,124,86.57642857142855,90.08,25.234285714285715,11.544326,16.315286,14.617688,red
S007-063,S007,season_stress,Batch 3,7,no,raised,yes,damp,154,2025-04-28,7,0,0,1,2,154,86.30142857142857,89.04,25.345000000000002,11.730385,15.260286,14.282108,red
S007-064,S007,season_stress,Batch 4,13,no,floor,yes,damp,90,2025-07-17,13,0,1,1,2,90,86.30714285714285,88.74,25.263571428571428,9.816601,16.261429,13.217108,red
S007-065,S007,season_stress,Batch 5,3,no,raised,yes,damp,125,2025-05-25,3,0,0,1,2,125,85.98214285714288,88.95,25.387857142857143,14.199019,15.196429,14.844477,red
S007-066,S007,season_stress,Batch 6,5,no,raised,yes,damp,129,2025-07-24,5,0,0,1,2,129,79.66714285714286,82.0,26.61214285714286,12.423786,13.933429,13.418191,red
S007-067,S007,season_stress,Batch 7,11,no,raised,no,unsure,162,2025-04-18,11,0,0,0,1,162,85.98214285714288,88.95,25.387857142857143,10.225522,15.196429,13.907769,red
S007-068,S007,season_stress,Batch 8,16,no,raised,no,unsure,110,2025-05-20,16,0,0,0,1,110,74.91999999999999,83.94,25.942857142857147,8.899738,12.984,11.350909,green
S007-069,S007,season_stress,Batch 9,9,no,floor,yes,unsure,160,2025-03-25,9,0,1,1,1,160,77.72928571428572,83.94,25.382142857142856,10.835741,14.545857,13.567881,red
S007-070,S007,season_stress,Batch 10,7,no,floor,yes,damp,173,2025-05-31,7,0,1,1,2,173,81.49214285714287,88.08,26.22214285714286,12.424238,15.298429,14.618587,red
S007-071,S007,season_stress,Batch 1,5,no,raised,yes,damp,100,2025-08-15,5,0,0,1,2,100,80.62,82.05,26.466428571428573,13.387909,14.124,13.804096,red
S007-072,S007,season_stress,Batch 2,3,no,raised,no,damp,70,2025-07-09,3,0,0,0,2,70,79.85571428571428,88.77,25.745714285714286,14.051662,13.971143,14.016075,red
S007-073,S007,season_stress,Batch 3,12,no,raised,no,unsure,10,2025-10-03,12,0,0,0,1,10,86.64142857142858,90.08,25.178571428571427,11.104674,15.328286,11.442375,green
S007-074,S007,season_stress,Batch 4,18,no,floor,yes,damp,146,2025-05-07,18,0,1,1,2,146,86.16285714285713,89.04,25.352142857142862,11.145567,16.232571,14.72572,red
S007-075,S007,season_stress,Batch 5,17,no,floor,yes,damp,174,2025-03-18,17,0,1,1,2,174,74.89642857142857,83.94,26.01071428571429,10.481163,13.979286,13.15873,red
S007-076,S007,season_stress,Batch 6,18,no,floor,no,damp,148,2025-05-03,18,0,1,0,2,148,86.11928571428572,88.95,25.414285714285715,10.032055,16.223857,14.420062,red
S007-077,S007,season_stress,Batch 7,12,no,raised,no,dry,85,2025-06-10,12,0,0,0,0,85,77.29928571428572,83.94,25.539999999999996,10.434104,13.459857,11.969782,green
S007-078,S007,season_stress,Batch 8,8,no,floor,yes,dry,107,2025-06-06,8,0,1,1,0,107,83.42571428571428,88.77,25.517142857142858,13.098085,15.685143,14.624522,red
S007-079,S007,season_stress,Batch 9,4,no,floor,yes,damp,5,2025-08-28,4,0,1,1,2,5,77.24214285714285,83.94,25.514999999999993,13.913,14.448429,13.934851,red
S007-080,S007,season_stress,Batch 10,14,no,floor,no,unsure,151,2025-05-29,14,0,1,0,1,151,85.78571428571429,87.98,25.67428571428571,11.546021,16.157143,14.846998,red
S008-001,S008,season_stress,Batch 1,5,no,raised,no,unsure,8,2025-09-12,5,0,0,0,1,8,82.74428571428572,88.77,25.586428571428574,13.946391,14.548857,13.985246,red
S008-002,S008,season_stress,Batch 2,4,no,raised,yes,damp,64,2025-09-07,4,0,0,1,2,64,84.72,88.08,25.851428571428567,13.725163,14.944,14.228974,red
S008-003,S008,season_stress,Batch 3,8,no,raised,yes,unsure,172,2025-03-21,8,0,0,1,1,172,74.54571428571428,79.03,26.131428571428575,12.916164,12.909143,12.910817,amber
S008-004,S008,season_stress,Batch 4,6,no,floor,no,damp,36,2025-08-03,6,0,1,0,2,36,74.89642857142857,83.94,26.01071428571429,14.969729,13.979286,14.713024,red
S008-005,S008,season_stress,Batch 5,13,no,raised,no,damp,55,2025-08-09,13,0,0,0,2,55,86.37857142857142,90.08,25.26214285714286,11.156344,15.275714,12.670886,amber
S008-006,S008,season_stress,Batch 6,9,yes,raised,yes,damp,156,2025-06-19,9,1,0,1,2,156,80.93499999999999,84.69,26.43071428571429,14.175054,14.187,14.183744,red
S008-007,S008,season_stress,Batch 7,16,no,raised,no,damp,83,2025-07-03,16,0,0,0,2,83,85.20714285714284,88.77,25.37285714285715,10.43497,15.041429,12.734787,amber
S008-008,S008,season_stress,Batch 8,15,no,floor,no,damp,143,2025-05-30,15,0,1,0,2,143,86.61285714285714,88.74,25.178571428571427,9.391967,16.322571,14.217645,red
S008-009,S008,season_stress,Batch 9,0,no,raised,yes,damp,138,2025-05-27,0,0,0,1,2,138,86.90642857142858,90.08,25.095714285714283,16.689123,15.381286,15.795395,red
S008-010,S008,season_stress,Batch 10,14,no,raised,no,damp,176,2025-04-16,14,0,0,0,2,176,87.07928571428572,90.08,25.138571428571428,11.012316,15.415857,14.39999,red
S008-011,S008,season_stress,Batch 1,10,yes,raised,no,dry,161,2025-03-30,10,1,0,0,0,161,74.91999999999999,83.94,25.942857142857147,12.93263,12.984,12.970571,amber
S008-012,S008,season_stress,Batch 2,13,no,raised,no,dry,74,2025-08-18,13,0,0,0,0,74,85.545,87.98,25.926428571428573,10.694255,15.109,12.726183,amber
S008-013,S008,season_stress,Batch 3,2,no,floor,yes,dry,48,2025-08-14,2,0,1,1,0,48,86.49,90.08,25.272142857142857,14.525967,16.298,15.110171,red
S008-014,S008,season_stress,Batch 4,6,yes,floor,no,unsure,26,2025-10-25,6,1,1,0,1,26,81.49214285714287,88.08,26.22214285714286,15.749081,15.298429,15.661293,red
S008-015,S008,season_stress,Batch 5,14,no,raised,yes,damp,104,2025-06-01,14,0,0,1,2,104,76.23142857142857,88.77,26.051428571428573,10.660288,13.246286,12.159261,amber
S008-016,S008,season_stress,Batch 6,7,yes,floor,yes,damp,163,2025-06-01,7,1,1,1,2,163,84.35571428571428,88.08,25.863571428571426,13.412494,15.871143,15.239052,red
S008-017,S008,season_stress,Batch 7,3,no,raised,yes,unsure,84,2025-07-07,3,0,0,1,1,84,86.30142857142857,89.04,25.345000000000002,15.24188,15.260286,15.251146,red
S008-018,S008,season_stress,Batch 8,7,no,floor,no,damp,101,2025-07-28,7,0,1,0,2,101,85.215,87.94,25.929999999999996,13.099917,16.043,14.774556,red
S008-019,S008,season_stress,Batch 9,12,no,floor,no,dry,12,2025-09-11,12,0,1,0,0,12,84.28642857142859,88.77,25.489285714285717,10.964598,15.857286,11.430199,green
S008-020,S008,season_stress,Batch 10,9,no,raised,yes,dry,41,2025-09-21,9,0,0,1,0,41,85.3757142857143,87.98,25.949285714285715,12.6473,15.075143,13.349954,red
S008-021,S008,season_stress,Batch 1,14,no,floor,no,damp,94,2025-06-06,14,0,1,0,2,94,74.89642857142857,83.94,26.01071428571429,11.366565,13.979286,12.785584,amber
S008-022,S008,season_stress,Batch 2,10,yes,raised,yes,damp,165,2025-05-22,10,1,0,1,2,165,84.77785714285714,87.8,26.043571428571425,13.280503,14.955571,14.532048,red
S008-023,S008,season_stress,Batch 3,15,no,floor,no,damp,143,2025-05-27,15,0,1,0,2,143,86.5792857142857,88.74,25.222857142857144,11.564489,16.315857,14.872797,red
S008-024,S008,season_stress,Batch 4,0,no,floor,yes,damp,88,2025-07-19,0,0,1,1,2,88,86.30714285714285,88.74,25.263571428571428,16.403501,16.261429,16.329667,red
S008-025,S008,season_stress,Batch 5,2,no,floor,no,dry,83,2025-07-07,2,0,1,0,0,83,86.11928571428572,88.95,25.414285714285715,16.513874,16.223857,16.36908,red
S008-026,S008,season_stress,Batch 6,15,no,raised,no,damp,91,2025-06-22,15,0,0,0,2,91,83.42571428571428,88.77,25.517142857142858,11.061147,14.685143,12.987494,amber
S008-027,S008,season_stress,Batch 7,6,no,floor,no,damp,13,2025-09-07,6,0,1,0,2,13,82.74428571428572,88.77,25.586428571428574,13.136457,15.548857,13.384142,red
S008-028,S008,season_stress,Batch 8,9,no,floor,yes,unsure,123,2025-07-29,9,0,1,1,1,123,79.68999999999998,82.0,26.620714285714286,12.523929,14.938,14.07184,red
S008-029,S008,season_stress,Batch 9,9,no,floor,no,damp,115,2025-07-26,9,0,1,0,2,115,82.5457142857143,88.08,26.06928571428572,13.576233,15.509143,14.767811,red
S008-030,S008,season_stress,Batch 10,11,yes,raised,no,damp,140,2025-05-05,11,1,0,0,2,140,83.95857142857143,88.77,25.467142857142857,14.066409,14.791714,14.565852,red
S008-031,S008,season_stress,Batch 1,6,no,raised,yes,damp,61,2025-07-07,6,0,0,1,2,61,75.13714285714286,83.94,25.855,13.278073,13.027429,13.178191,red
S008-032,S008,season_stress,Batch 2,10,no,raised,no,unsure,19,2025-08-31,10,0,0,0,1,19,81.71285714285715,88.77,25.680714285714288,11.019528,14.342571,11.506137,green
S008-033,S008,season_stress,Batch 3,10,yes,raised,no,damp,44,2025-08-14,10,1,0,0,2,44,85.98214285714288,88.95,25.387857142857143,12.677949,15.196429,13.45102,red
S008-034,S008,season_stress,Batch 4,4,yes,floor,no,damp,27,2025-09-28,4,1,1,0,2,27,86.19142857142856,87.98,25.502857142857142,15.614138,16.238286,15.739894,red
S008-035,S008,season_stress,Batch 5,8,yes,raised,yes,damp,113,2025-07-23,8,1,0,1,2,113,83.77857142857144,88.08,25.886428571428564,15.159897,14.755714,14.913336,red
S008-036,S008,season_stress,Batch 6,9,no,raised,no,damp,46,2025-08-20,9,0,0,0,2,46,86.66714285714286,90.08,25.282857142857143,11.145333,15.333429,12.478882,amber
S008-037,S008,season_stress,Batch 7,0,no,floor,yes,dry,142,2025-04-19,0,0,1,1,0,142,74.89642857142857,83.94,26.01071428571429,15.978946,13.979286,14.591694,red
S008-038,S008,season_stress,Batch 8,12,no,raised,no,dry,8,2025-08-26,12,0,0,0,0,8,77.29928571428572,83.94,25.539999999999996,11.473394,13.459857,11.601507,green
S008-039,S008,season_stress,Batch 9,11,no,raised,no,damp,64,2025-08-10,11,0,0,0,2,64,86.64142857142858,90.08,25.178571428571427,11.017328,15.328286,12.799279,amber
S008-040,S008,season_stress,Batch 10,2,no,raised,yes,damp,135,2025-06-15,2,0,0,1,2,135,85.68357142857144,87.98,25.76214285714285,16.077775,15.136714,15.442232,red
S008-041,S008,season_stress,Batch 1,9,no,raised,yes,damp,102,2025-06-02,9,0,0,1,2,102,75.21785714285714,82.43,26.157142857142855,11.889169,13.043571,12.550163,amber
S008-042,S008,season_stress,Batch 2,21,no,floor,no,dry,22,2025-09-01,21,0,1,0,0,22,84.28642857142859,88.77,25.489285714285717,10.522774,15.857286,11.416355,green
S008-043,S008,season_stress,Batch 3,13,no,raised,no,damp,40,2025-08-13,13,0,0,0,2,40,83.95857142857143,88.77,25.467142857142857,12.181306,14.791714,12.921275,amber
S008-044,S008,season_stress,Batch 4,9,no,floor,no,damp,125,2025-07-27,9,0,1,0,2,125,79.68999999999998,82.0,26.620714285714286,9.957345,14.938,13.180496,red
S008-045,S008,season_stress,Batch 5,4,no,raised,yes,unsure,118,2025-07-20,4,0,0,1,1,118,83.19714285714285,88.08,25.985714285714288,13.834026,14.639429,14.338158,red
S008-046,S008,season_stress,Batch 6,16,no,raised,no,damp,86,2025-09-05,16,0,0,0,2,86,79.66714285714286,82.0,26.61214285714286,12.57261,13.933429,13.268836,red
S008-047,S008,season_stress,Batch 7,15,no,raised,yes,unsure,108,2025-06-25,15,0,0,1,1,108,86.89857142857143,90.08,25.137857142857143,10.007459,15.379714,13.195518,red
S008-048,S008,season_stress,Batch 8,8,no,raised,no,dry,8,2025-08-25,8,0,0,0,0,8,77.24214285714285,83.94,25.514999999999993,11.468962,13.448429,11.596624,green
S008-049,S008,season_stress,Batch 9,9,yes,floor,no,damp,172,2025-04-18,9,1,1,0,2,172,86.965,90.08,25.19571428571428,12.321687,16.393,15.421941,red
S008-050,S008,season_stress,Batch 10,9,no,raised,no,damp,169,2025-05-15,9,0,0,0,2,169,85.545,87.98,25.926428571428573,11.911439,15.109,14.327035,red
S008-051,S008,season_stress,Batch 1,12,no,raised,yes,unsure,108,2025-07-28,12,0,0,1,1,108,83.77857142857144,88.08,25.886428571428564,12.732081,14.755714,13.932967,red
S008-052,S008,season_stress,Batch 2,12,no,raised,no,unsure,73,2025-08-22,12,0,0,0,1,73,84.77785714285714,87.8,26.043571428571425,11.074433,14.955571,12.843234,amber
S008-053,S008,season_stress,Batch 3,16,no,floor,no,damp,48,2025-08-27,16,0,1,0,2,48,86.66214285714285,90.08,25.19214285714285,11.805952,16.332429,13.29824,red
S008-054,S008,season_stress,Batch 4,9,yes,raised,no,damp,82,2025-06-15,9,1,0,0,2,82,75.96142857142857,83.94,25.72,13.052464,13.192286,13.121685,red
S008-055,S008,season_stress,Batch 5,8,no,raised,no,unsure,50,2025-07-24,8,0,0,0,1,50,75.21785714285714,82.43,26.157142857142855,11.793921,13.043571,12.219751,amber
S008-056,S008,season_stress,Batch 6,11,no,raised,no,damp,132,2025-07-17,11,0,0,0,2,132,79.78214285714286,82.05,26.549285714285713,9.759019,13.956429,12.559232,amber
S008-057,S008,season_stress,Batch 7,6,no,raised,yes,unsure,15,2025-10-18,6,0,0,1,1,15,84.88785714285716,87.8,26.025000000000002,13.616622,14.977571,13.776537,red
S008-058,S008,season_stress,Batch 8,12,no,floor,yes,damp,106,2025-07-18,12,0,1,1,2,106,85.3757142857143,87.98,25.949285714285715,11.282842,16.075143,14.093993,red
S008-059,S008,season_stress,Batch 9,10,no,raised,no,unsure,21,2025-10-13,10,0,0,0,1,21,84.77785714285714,87.8,26.043571428571425,9.590265,14.955571,10.451627,green
S008-060,S008,season_stress,Batch 10,5,yes,raised,yes,damp,101,2025-08-09,5,1,0,1,2,101,82.5457142857143,88.08,26.06928571428572,15.541779,14.509143,14.9542,red
S008-061,S008,season_stress,Batch 1,14,no,floor,no,dry,66,2025-08-21,14,0,1,0,0,66,85.99285714285713,87.98,25.597142857142853,11.186096,16.198571,13.306625,red
S008-062,S008,season_stress,Batch 2,15,no,floor,no,damp,154,2025-06-12,15,0,1,0,2,154,83.77857142857144,88.08,25.886428571428564,10.601508,15.755714,14.327422,red
S008-063,S008,season_stress,Batch 3,9,no,raised,yes,damp,37,2025-10-22,9,0,0,1,2,37,79.7242857142857,82.0,26.625714285714285,11.657051,13.944857,12.264074,amber
S008-064,S008,season_stress,Batch 4,14,no,raised,no,damp,52,2025-09-26,14,0,0,0,2,52,82.93357142857143,88.08,26.018571428571438,11.049383,14.586714,12.293306,amber
S008-065,S008,season_stress,Batch 5,17,yes,raised,no,damp,37,2025-08-13,17,1,0,0,2,37,81.71285714285715,88.77,25.680714285714288,13.591216,14.342571,13.790573,red
S008-066,S008,season_stress,Batch 6,10,no,raised,yes,damp,116,2025-05-13,10,0,0,1,2,116,75.13714285714286,83.94,25.855,11.509275,13.027429,12.450001,amber
S008-067,S008,season_stress,Batch 7,3,yes,raised,no,damp,156,2025-06-12,3,1,0,0,2,156,83.19714285714285,88.08,25.985714285714288,16.312081,14.639429,15.09528,red
S008-068,S008,season_stress,Batch 8,8,no,floor,yes,damp,90,2025-08-24,8,0,1,1,2,90,80.93499999999999,84.69,26.43071428571429,11.370975,15.187,13.384437,red
S008-069,S008,season_stress,Batch 9,8,no,floor,yes,unsure,18,2025-11-07,8,0,1,1,1,18,79.90214285714285,82.05,26.51785714285714,12.189822,14.980429,12.578531,amber
S008-070,S008,season_stress,Batch 10,4,no,floor,yes,unsure,118,2025-07-04,4,0,1,1,1,118,85.47285714285715,87.98,25.917857142857144,15.723052,16.094571,15.9556,red
S008-071,S008,season_stress,Batch 1,7,no,raised,no,damp,62,2025-07-26,7,0,0,0,2,62,85.96928571428573,88.77,25.34642857142857,13.262749,15.193857,14.041941,red
S008-072,S008,season_stress,Batch 2,9,yes,floor,yes,damp,77,2025-07-23,9,1,1,1,2,77,87.04857142857144,90.08,25.15357142857143,13.85372,16.409714,15.064202,red
S008-073,S008,season_stress,Batch 3,7,yes,raised,yes,dry,73,2025-08-14,7,1,0,1,0,73,85.99285714285713,87.98,25.597142857142853,14.992068,15.198571,15.08618,red
S008-074,S008,season_stress,Batch 4,13,no,raised,no,damp,82,2025-07-12,13,0,0,0,2,82,86.57642857142855,90.08,25.234285714285715,11.35667,15.315286,13.316457,red
S008-075,S008,season_stress,Batch 5,14,no,raised,yes,dry,27,2025-09-24,14,0,0,1,0,27,86.4992857142857,88.74,25.236428571428576,12.589012,15.299857,13.135203,red
S008-076,S008,season_stress,Batch 6,10,no,raised,yes,unsure,120,2025-07-31,10,0,0,1,1,120,79.7242857142857,82.0,26.625714285714285,12.226697,13.944857,13.312781,red
S008-077,S008,season_stress,Batch 7,11,no,raised,yes,unsure,95,2025-07-06,11,0,0,1,1,95,87.07928571428572,90.08,25.138571428571428,11.528478,15.415857,13.654529,red
S008-078,S008,season_stress,Batch 8,13,yes,raised,no,unsure,99,2025-07-27,13,1,0,0,1,99,84.77785714285714,87.8,26.043571428571425,12.810402,14.955571,14.015483,red
S008-079,S008,season_stress,Batch 9,7,no,raised,no,dry,177,2025-03-23,7,0,0,0,0,177,79.22142857142858,88.77,25.78857142857143,12.607176,13.844286,13.561261,red
S008-080,S008,season_stress,Batch 10,16,no,floor,no,dry,4,2025-10-07,16,0,1,0,0,4,86.89857142857143,90.08,25.137857142857143,11.089949,16.379714,11.263368,green
S009-001,S009,season_stress,Batch 1,8,yes,raised,yes,damp,13,2025-11-05,8,1,0,1,2,13,82.5457142857143,88.08,26.06928571428572,13.507507,14.509143,13.610346,red
S009-002,S009,season_stress,Batch 2,12,no,floor,no,damp,54,2025-10-04,12,0,1,0,2,54,79.72785714285715,82.05,26.597857142857144,11.625988,14.945571,12.828912,amber
S009-003,S009,season_stress,Batch 3,13,no,floor,yes,damp,91,2025-07-24,13,0,1,1,2,91,86.09857142857142,88.2,25.43857142857143,10.820204,16.219714,13.690333,red
S009-004,S009,season_stress,Batch 4,0,yes,raised,yes,damp,104,2025-05-30,0,1,0,1,2,104,74.61357142857143,80.37,26.20642857142857,17.301065,12.922714,14.763156,red
S009-005,S009,season_stress,Batch 5,14,no,raised,no,dry,55,2025-09-15,14,0,0,0,0,55,84.77357142857143,88.08,25.846428571428564,10.303902,14.954714,12.013835,amber
S009-006,S009,season_stress,Batch 6,14,no,raised,yes,damp,129,2025-07-08,14,0,0,1,2,129,83.36785714285715,88.08,25.947142857142858,11.502668,14.673571,13.591349,red
S009-007,S009,season_stress,Batch 7,12,no,floor,yes,damp,64,2025-09-05,12,0,1,1,2,64,84.74928571428572,88.08,25.85571428571428,11.250716,15.949857,13.193124,red
S009-008,S009,season_stress,Batch 8,18,no,floor,yes,damp,91,2025-07-15,18,0,1,1,2,91,86.66214285714285,90.08,25.19214285714285,10.588119,16.332429,13.641527,red
S009-009,S009,season_stress,Batch 9,13,no,raised,yes,damp,153,2025-05-18,13,0,0,1,2,153,86.61428571428571,88.74,25.177142857142854,9.621898,15.322857,13.729833,red
S009-010,S009,season_stress,Batch 10,14,no,floor,yes,damp,171,2025-03-25,14,0,1,1,2,171,75.21785714285714,82.43,26.157142857142855,9.929564,14.043571,13.054118,red
S009-011,S009,season_stress,Batch 1,8,yes,raised,yes,damp,122,2025-06-03,8,1,0,1,2,122,86.37857142857142,90.08,25.26214285714286,12.222822,15.275714,14.171181,red
S009-012,S009,season_stress,Batch 2,2,no,raised,no,damp,3,2025-11-15,2,0,0,0,2,3,82.5457142857143,88.08,26.06928571428572,14.31171,14.509143,14.316585,red
S009-013,S009,season_stress,Batch 3,9,no,floor,no,damp,171,2025-04-11,9,0,1,0,2,171,86.30142857142857,89.04,25.345000000000002,12.138099,16.260286,15.268865,red
S009-014,S009,season_stress,Batch 4,5,no,floor,yes,unsure,57,2025-07-09,5,0,1,1,1,57,76.6557142857143,83.94,25.652142857142852,14.06772,14.331143,14.167324,red
S009-015,S009,season_stress,Batch 5,17,no,raised,no,dry,49,2025-08-12,17,0,0,0,0,49,86.16285714285713,89.04,25.352142857142862,9.057478,15.232571,11.127634,green
S009-016,S009,season_stress,Batch 6,3,no,raised,no,damp,158,2025-03-29,3,0,0,0,2,158,77.29928571428572,83.94,25.539999999999996,12.687975,13.459857,13.252972,red
S009-017,S009,season_stress,Batch 7,8,yes,floor,yes,damp,35,2025-09-23,8,1,1,1,2,35,85.68357142857144,87.98,25.76214285714285,13.566055,16.136714,14.216386,red
S009-018,S009,season_stress,Batch 8,11,no,floor,no,dry,46,2025-07-25,11,0,1,0,0,46,74.54571428571428,79.03,26.131428571428575,10.750972,13.909143,11.756579,green
S009-019,S009,season_stress,Batch 9,10,no,raised,yes,damp,139,2025-07-08,10,0,0,1,2,139,80.31428571428572,82.05,26.477857142857147,9.708064,14.062857,12.695412,amber
S009-020,S009,season_stress,Batch 10,6,no,raised,no,damp,95,2025-08-01,6,0,0,0,2,95,84.88000000000001,87.8,26.011428571428564,12.477001,14.976,13.843731,red
S009-021,S009,season_stress,Batch 1,10,no,raised,yes,unsure,104,2025-07-13,10,0,0,1,1,104,86.19142857142856,87.98,25.502857142857142,9.524461,15.238286,12.836477,amber
S009-022,S009,season_stress,Batch 2,10,yes,raised,no,damp,114,2025-05-12,10,1,0,0,2,114,77.29928571428572,83.94,25.539999999999996,11.178289,13.459857,12.577481,amber
S009-023,S009,season_stress,Batch 3,13,yes,floor,yes,damp,42,2025-09-22,13,1,1,1,2,42,84.77785714285714,87.8,26.043571428571425,12.593125,15.955571,13.586096,red
S009-024,S009,season_stress,Batch 4,13,no,raised,no,unsure,100,2025-07-25,13,0,0,0,1,100,84.88785714285716,87.8,26.025000000000002,10.809255,14.977571,13.166029,red
S009-025,S009,season_stress,Batch 5,12,yes,floor,no,damp,41,2025-08-14,12,1,1,0,2,41,85.20714285714284,88.77,25.37285714285715,11.675855,16.041429,12.939317,amber
S009-026,S009,season_stress,Batch 6,4,no,raised,no,dry,58,2025-07-11,4,0,0,0,0,58,74.91999999999999,83.94,25.942857142857147,13.935238,12.984,13.570652,red
S009-027,S009,season_stress,Batch 7,13,no,raised,yes,damp,151,2025-06-30,13,0,0,1,2,151,79.7242857142857,82.0,26.625714285714285,11.022266,13.944857,13.11447,red
S009-028,S009,season_stress,Batch 8,12,no,floor,no,damp,62,2025-07-05,12,0,1,0,2,62,75.96142857142857,83.94,25.72,11.145375,14.192286,12.374787,amber
S009-029,S009,season_stress,Batch 9,8,no,raised,no,dry,3,2025-10-24,8,0,0,0,0,3,85.78571428571429,87.98,25.67428571428571,11.872799,15.157143,11.953889,green
S009-030,S009,season_stress,Batch 10,7,no,raised,no,damp,91,2025-07-23,7,0,0,0,2,91,86.18142857142857,88.2,25.356428571428573,11.401744,15.236286,13.440008,red
S009-031,S009,season_stress,Batch 1,11,no,raised,no,dry,34,2025-09-19,11,0,0,0,0,34,86.09857142857142,88.2,25.43857142857143,10.40166,15.219714,11.590425,green
S009-032,S009,season_stress,Batch 2,13,no,raised,no,dry,11,2025-11-08,13,0,0,0,0,11,82.06285714285715,88.08,26.123571428571434,10.542752,14.412571,10.881713,green
S009-033,S009,season_stress,Batch 3,12,no,raised,yes,damp,88,2025-07-22,12,0,0,1,2,88,86.61428571428571,88.74,25.177142857142854,11.052009,15.322857,13.271546,red
S009-034,S009,season_stress,Batch 4,13,no,raised,no,dry,28,2025-08-30,13,0,0,0,0,28,85.98214285714288,88.95,25.387857142857143,10.268974,15.196429,11.294429,green
S009-035,S009,season_stress,Batch 5,10,no,floor,no,damp,109,2025-08-05,10,0,1,0,2,109,80.93499999999999,84.69,26.43071428571429,9.08724,15.187,12.727603,amber
S009-036,S009,season_stress,Batch 6,8,no,floor,yes,damp,110,2025-06-20,8,0,1,1,2,110,87.04857142857144,90.08,25.15357142857143,12.726998,16.409714,14.937181,red
S009-037,S009,season_stress,Batch 7,6,yes,raised,no,unsure,120,2025-05-13,6,1,0,0,1,120,74.25285714285714,79.03,26.257142857142856,14.748191,12.850571,13.548666,red
S009-038,S009,season_stress,Batch 8,3,no,raised,no,damp,13,2025-08-19,3,0,0,0,2,13,77.72928571428572,83.94,25.382142857142856,15.697216,13.545857,15.476332,red
S009-039,S009,season_stress,Batch 9,9,yes,raised,no,damp,133,2025-04-28,9,1,0,0,2,133,74.89642857142857,83.94,26.01071428571429,13.657901,12.979286,13.203303,red
S009-040,S009,season_stress,Batch 10,10,no,floor,no,unsure,23,2025-10-14,10,0,1,0,1,23,85.215,87.94,25.929999999999996,11.331057,16.043,12.152905,amber
S009-041,S009,season_stress,Batch 1,11,no,raised,yes,unsure,147,2025-04-11,11,0,0,1,1,147,75.96142857142857,83.94,25.72,11.454328,13.192286,12.681747,amber
S009-042,S009,season_stress,Batch 2,9,no,raised,yes,damp,178,2025-05-15,9,0,0,1,2,178,84.77357142857143,88.08,25.846428571428564,10.731915,14.954714,13.996645,red
S009-043,S009,season_stress,Batch 3,12,no,raised,yes,damp,166,2025-04-03,12,0,0,1,2,166,79.22142857142858,88.77,25.78857142857143,12.071187,13.844286,13.399696,red
S009-044,S009,season_stress,Batch 4,5,yes,raised,yes,damp,94,2025-07-03,5,1,0,1,2,94,86.66714285714286,90.08,25.282857142857143,15.079878,15.333429,15.217586,red
S009-045,S009,season_stress,Batch 5,14,no,raised,yes,damp,142,2025-06-22,14,0,0,1,2,142,84.35571428571428,88.08,25.863571428571426,12.251365,14.871143,14.06882,red
S009-046,S009,season_stress,Batch 6,5,no,raised,yes,damp,103,2025-07-05,5,0,0,1,2,103,86.34142857142857,88.74,25.277857142857147,13.409618,15.268286,14.480456,red
S009-047,S009,season_stress,Batch 7,10,no,floor,yes,unsure,162,2025-05-06,10,0,1,1,1,162,86.30714285714285,88.74,25.263571428571428,10.678488,16.261429,14.814106,red
S009-048,S009,season_stress,Batch 8,12,no,floor,yes,unsure,145,2025-05-30,12,0,1,1,1,145,86.18142857142857,88.2,25.356428571428573,11.271788,16.236286,14.753417,red
S009-049,S009,season_stress,Batch 9,18,yes,raised,no,dry,21,2025-10-23,18,1,0,0,0,21,83.77857142857144,88.08,25.886428571428564,11.452242,14.755714,11.982591,green
S009-050,S009,season_stress,Batch 10,15,no,floor,no,damp,115,2025-07-31,15,0,1,0,2,115,80.62,82.05,26.466428571428573,9.339544,15.124,12.905478,amber
S009-051,S009,season_stress,Batch 1,5,yes,raised,no,damp,14,2025-08-18,5,1,0,0,2,14,77.72928571428572,83.94,25.382142857142856,13.255466,13.545857,13.287444,red
S009-052,S009,season_stress,Batch 2,8,no,raised,yes,damp,93,2025-07-25,8,0,0,1,2,93,85.99285714285713,87.98,25.597142857142853,11.655339,15.198571,13.566191,red
S009-053,S009,season_stress,Batch 3,16,no,raised,no,dry,19,2025-10-10,16,0,0,0,0,19,85.6907142857143,87.98,25.83285714285714,11.282733,15.138143,11.847299,green
S009-054,S009,season_stress,Batch 4,10,no,raised,yes,damp,168,2025-04-15,10,0,0,1,2,168,86.16285714285713,89.04,25.352142857142862,10.171885,15.232571,13.984622,red
S009-055,S009,season_stress,Batch 5,16,no,raised,yes,dry,102,2025-08-09,16,0,0,1,0,102,82.06285714285715,88.08,26.123571428571434,11.682548,14.412571,13.245719,red
S009-056,S009,season_stress,Batch 6,0,no,floor,yes,damp,7,2025-10-25,0,0,1,1,2,7,85.3757142857143,87.98,25.949285714285715,15.957026,16.075143,15.963719,red
S009-057,S009,season_stress,Batch 7,1,yes,floor,no,damp,132,2025-05-31,1,1,1,0,2,132,86.95214285714285,90.08,25.139285714285712,17.338045,16.390429,16.705863,red
S009-058,S009,season_stress,Batch 8,10,no,raised,no,dry,33,2025-10-11,10,0,0,0,0,33,83.77857142857144,88.08,25.886428571428564,9.917094,14.755714,11.080434,green
S009-059,S009,season_stress,Batch 9,10,no,raised,yes,damp,137,2025-06-26,10,0,0,1,2,137,84.72,88.08,25.851428571428567,9.079894,14.944,13.07167,red
S009-060,S009,season_stress,Batch 10,8,no,raised,yes,damp,18,2025-09-30,8,0,0,1,2,18,86.61428571428571,88.74,25.177142857142854,12.939024,15.322857,13.271073,red
S009-061,S009,season_stress,Batch 1,11,no,raised,no,damp,118,2025-07-21,11,0,0,0,2,118,83.20285714285714,88.08,25.993571428571435,11.587749,14.640571,13.498626,red
S009-062,S009,season_stress,Batch 2,9,no,raised,yes,damp,142,2025-06-15,9,0,0,1,2,142,84.88000000000001,87.8,26.011428571428564,9.862314,14.976,13.409902,red
S009-063,S009,season_stress,Batch 3,12,no,raised,no,dry,62,2025-09-20,12,0,0,0,0,62,80.93142857142857,84.69,26.384285714285713,10.277114,14.186286,11.854443,green
S009-064,S009,season_stress,Batch 4,1,yes,floor,no,dry,33,2025-10-23,1,1,1,0,0,33,79.90214285714285,82.05,26.51785714285714,16.895442,14.980429,16.43502,red
S009-065,S009,season_stress,Batch 5,19,yes,raised,no,damp,175,2025-04-05,19,1,0,0,2,175,85.98214285714288,88.95,25.387857142857143,12.88994,15.196429,14.659885,red
S009-066,S009,season_stress,Batch 6,5,yes,raised,yes,damp,175,2025-05-03,5,1,0,1,2,175,86.19142857142856,87.98,25.502857142857142,15.058772,15.238286,15.196527,red
S009-067,S009,season_stress,Batch 7,9,yes,floor,yes,unsure,101,2025-05-28,9,1,1,1,1,101,75.13714285714286,83.94,25.855,12.921349,14.027429,13.550717,red
S009-068,S009,season_stress,Batch 8,2,no,raised,yes,damp,44,2025-09-14,2,0,0,1,2,44,85.68357142857144,87.98,25.76214285714285,14.919017,15.136714,14.985842,red
S009-069,S009,season_stress,Batch 9,3,no,raised,yes,damp,50,2025-08-14,3,0,0,1,2,50,86.37857142857142,90.08,25.26214285714286,13.890808,15.275714,14.362728,red
S009-070,S009,season_stress,Batch 10,5,yes,floor,yes,damp,176,2025-05-26,5,1,1,1,2,176,82.5457142857143,88.08,26.06928571428572,14.644723,15.509143,15.309727,red
S009-071,S009,season_stress,Batch 1,7,no,raised,yes,dry,63,2025-07-03,7,0,0,1,0,63,76.6557142857143,83.94,25.652142857142852,9.736476,13.331143,11.204698,green
S009-072,S009,season_stress,Batch 2,10,yes,raised,yes,damp,153,2025-04-26,10,1,0,1,2,153,85.96928571428573,88.77,25.34642857142857,10.712109,15.193857,13.941518,red
S009-073,S009,season_stress,Batch 3,3,yes,raised,yes,unsure,147,2025-07-06,3,1,0,1,1,147,79.66714285714286,82.0,26.61214285714286,15.576951,13.933429,14.416226,red
S009-074,S009,season_stress,Batch 4,7,no,raised,yes,unsure,119,2025-05-29,7,0,0,1,1,119,85.61571428571428,88.77,25.353571428571428,12.182035,15.123143,14.032116,red
S009-075,S009,season_stress,Batch 5,7,no,floor,no,damp,107,2025-07-16,7,0,1,0,2,107,85.545,87.98,25.926428571428573,11.509111,16.109,14.223175,red
S009-076,S009,season_stress,Batch 6,10,no,raised,no,damp,63,2025-07-20,10,0,0,0,2,63,83.42571428571428,88.77,25.517142857142858,9.91195,14.685143,11.861535,green
S009-077,S009,season_stress,Batch 7,11,no,raised,no,damp,158,2025-05-18,11,0,0,0,2,158,86.09857142857142,88.2,25.43857142857143,9.545946,15.219714,13.69899,red
S009-078,S009,season_stress,Batch 8,6,no,floor,yes,damp,18,2025-10-31,6,0,1,1,2,18,82.5457142857143,88.08,26.06928571428572,12.950205,15.509143,13.306644,red
S009-079,S009,season_stress,Batch 9,12,no,floor,no,damp,30,2025-09-07,12,0,1,0,2,30,86.965,90.08,25.19571428571428,11.119962,16.393,12.286354,amber
S009-080,S009,season_stress,Batch 10,6,yes,floor,no,damp,162,2025-04-30,6,1,1,0,2,162,87.07928571428572,90.08,25.138571428571428,13.445758,16.415857,15.645888,red
S010-001,S010,season_stress,Batch 1,13,yes,floor,no,damp,77,2025-09-09,13,1,1,0,2,77,79.90214285714285,82.05,26.51785714285714,12.981581,14.980429,13.928207,red
S010-002,S010,season_stress,Batch 2,7,no,floor,no,unsure,146,2025-06-06,7,0,1,0,1,146,85.47285714285715,87.98,25.917857142857144,13.368662,16.094571,15.287114,red
S010-003,S010,season_stress,Batch 3,18,no,floor,yes,damp,176,2025-04-15,18,0,1,1,2,176,87.04857142857144,90.08,25.15357142857143,11.693101,16.409714,15.321624,red
S010-004,S010,season_stress,Batch 4,6,no,raised,yes,unsure,53,2025-10-04,6,0,0,1,1,53,79.78214285714286,82.05,26.549285714285713,14.2861,13.956429,14.168395,red
S010-005,S010,season_stress,Batch 5,8,no,floor,yes,damp,99,2025-08-12,8,0,1,1,2,99,82.06285714285715,88.08,26.123571428571434,12.583452,15.412571,14.172752,red
S010-006,S010,season_stress,Batch 6,8,no,floor,yes,unsure,132,2025-05-22,8,0,1,1,1,132,86.49,90.08,25.272142857142857,11.912962,16.298,14.838348,red
S010-007,S010,season_stress,Batch 7,14,no,raised,no,dry,6,2025-11-24,14,0,0,0,0,6,79.66714285714286,82.0,26.61214285714286,10.82204,13.933429,10.973785,green
S010-008,S010,season_stress,Batch 8,13,yes,floor,yes,damp,29,2025-09-02,13,1,1,1,2,29,86.49,90.08,25.272142857142857,11.779328,16.298,12.749406,amber
S010-009,S010,season_stress,Batch 9,19,yes,raised,yes,unsure,174,2025-03-23,19,1,0,1,1,174,76.23142857142857,88.77,26.051428571428573,13.564152,13.246286,13.320848,red
S010-010,S010,season_stress,Batch 10,11,yes,raised,yes,damp,137,2025-05-23,11,1,0,1,2,137,86.965,90.08,25.19571428571428,13.956162,15.393,14.934237,red
S010-011,S010,season_stress,Batch 1,14,no,raised,yes,unsure,168,2025-06-04,14,0,0,1,1,168,82.06285714285715,88.08,26.123571428571434,11.814766,14.412571,13.771961,red
S010-012,S010,season_stress,Batch 2,12,no,raised,no,damp,103,2025-07-07,12,0,0,0,2,103,86.61428571428571,88.74,25.177142857142854,10.951046,15.322857,13.469786,red
S010-013,S010,season_stress,Batch 3,5,no,floor,yes,damp,174,2025-05-26,5,0,1,1,2,174,83.20285714285714,88.08,25.993571428571435,13.977028,15.640571,15.250354,red
S010-014,S010,season_stress,Batch 4,12,no,raised,yes,dry,69,2025-07-24,12,0,0,1,0,69,86.49,90.08,25.272142857142857,11.865815,15.298,13.366693,red
S010-015,S010,season_stress,Batch 5,3,no,raised,yes,damp,46,2025-10-14,3,0,0,1,2,46,79.68999999999998,82.0,26.620714285714286,14.971229,13.938,14.642234,red
S010-016,S010,season_stress,Batch 6,5,no,floor,yes,unsure,24,2025-08-13,5,0,1,1,1,24,75.13714285714286,83.94,25.855,14.484813,14.027429,14.401903,red
S010-017,S010,season_stress,Batch 7,15,no,raised,yes,damp,91,2025-08-16,15,0,0,1,2,91,83.19714285714285,88.08,25.985714285714288,11.513749,14.639429,13.175215,red
S010-018,S010,season_stress,Batch 8,7,no,floor,yes,unsure,46,2025-08-24,7,0,1,1,1,46,87.07928571428572,90.08,25.138571428571428,12.110138,16.415857,13.481141,red
S010-019,S010,season_stress,Batch 9,9,no,floor,no,damp,19,2025-08-15,9,0,1,0,2,19,77.29928571428572,83.94,25.539999999999996,11.789908,14.459857,12.180882,amber
S010-020,S010,season_stress,Batch 10,8,yes,raised,yes,unsure,132,2025-06-21,8,1,0,1,1,132,85.545,87.98,25.926428571428573,13.499486,15.109,14.573239,red
S010-021,S010,season_stress,Batch 1,8,no,raised,no,dry,116,2025-05-15,8,0,0,0,0,116,74.89642857142857,83.94,26.01071428571429,12.283436,12.979286,12.71462,amber
S010-022,S010,season_stress,Batch 2,20,no,raised,yes,damp,117,2025-06-29,20,0,0,1,2,117,86.25357142857142,88.2,25.459285714285716,10.106292,15.250714,13.310277,red
S010-023,S010,season_stress,Batch 3,8,no,raised,no,unsure,29,2025-08-10,8,0,0,0,1,29,74.89642857142857,83.94,26.01071428571429,12.403654,12.979286,12.527232,amber
S010-024,S010,season_stress,Batch 4,9,no,floor,yes,damp,68,2025-09-05,9,0,1,1,2,68,83.92142857142858,88.08,25.88428571428571,12.117107,15.784286,13.703478,red
S010-025,S010,season_stress,Batch 5,15,no,floor,yes,damp,150,2025-06-10,15,0,1,1,2,150,85.23714285714286,88.08,25.839285714285715,11.847551,16.047429,14.844143,red
S010-026,S010,season_stress,Batch 6,7,no,raised,yes,unsure,60,2025-09-29,7,0,0,1,1,60,79.7242857142857,82.0,26.625714285714285,12.526021,13.944857,13.08429,red
S010-027,S010,season_stress,Batch 7,13,no,raised,yes,unsure,118,2025-06-17,13,0,0,1,1,118,86.64142857142858,90.08,25.178571428571427,12.611372,15.328286,14.311991,red
S010-028,S010,season_stress,Batch 8,13,no,raised,no,damp,69,2025-09-05,13,0,0,0,2,69,83.77857142857144,88.08,25.886428571428564,11.759027,14.755714,13.069464,red
S010-029,S010,season_stress,Batch 9,9,no,raised,yes,damp,100,2025-08-18,9,0,0,1,2,100,79.78214285714286,82.05,26.549285714285713,13.288942,13.956429,13.66634,red
S010-030,S010,season_stress,Batch 10,2,no,raised,yes,damp,127,2025-07-09,2,0,0,1,2,127,83.77857142857144,88.08,25.886428571428564,16.24527,14.755714,15.27264,red
S010-031,S010,season_stress,Batch 1,7,no,raised,yes,dry,166,2025-05-22,7,0,0,1,0,166,84.88000000000001,87.8,26.011428571428564,12.107453,14.976,14.256737,red
S010-032,S010,season_stress,Batch 2,8,no,floor,yes,damp,74,2025-07-07,8,0,1,1,2,74,81.71285714285715,88.77,25.680714285714288,13.539771,15.342571,14.369527,red
S010-033,S010,season_stress,Batch 3,8,yes,floor,no,damp,67,2025-08-04,8,1,1,0,2,67,86.95214285714285,90.08,25.139285714285712,13.62581,16.390429,14.80862,red
S010-034,S010,season_stress,Batch 4,14,no,raised,no,damp,94,2025-07-15,14,0,0,0,2,94,86.5792857142857,88.74,25.222857142857144,11.225374,15.315857,13.446995,red
S010-035,S010,season_stress,Batch 5,6,no,floor,yes,damp,118,2025-05-21,6,0,1,1,2,118,79.22142857142858,88.77,25.78857142857143,12.812444,14.844286,14.084251,red
S010-036,S010,season_stress,Batch 6,2,yes,floor,yes,damp,175,2025-06-01,2,1,1,1,2,175,80.62,82.05,26.466428571428573,17.44316,15.124,15.663491,red
S010-037,S010,season_stress,Batch 7,16,yes,raised,no,damp,141,2025-04-23,16,1,0,0,2,141,74.61357142857143,80.37,26.20642857142857,12.961968,12.922714,12.934837,amber
S010-038,S010,season_stress,Batch 8,4,no,raised,no,dry,136,2025-05-05,4,0,0,0,0,136,80.5757142857143,88.77,25.72214285714286,14.48193,14.115143,14.233233,red
S010-039,S010,season_stress,Batch 9,9,yes,raised,yes,unsure,91,2025-06-20,9,1,0,1,1,91,81.71285714285715,88.77,25.680714285714288,13.31123,14.342571,13.859443,red
S010-040,S010,season_stress,Batch 10,7,no,raised,yes,damp,137,2025-06-28,7,0,0,1,2,137,83.92142857142858,88.08,25.88428571428571,11.911759,14.784286,13.867127,red
S010-041,S010,season_stress,Batch 1,5,no,raised,yes,damp,45,2025-08-29,5,0,0,1,2,45,86.64142857142858,90.08,25.178571428571427,14.288389,15.328286,14.613576,red
S010-042,S010,season_stress,Batch 2,11,no,floor,no,damp,57,2025-09-28,11,0,1,0,2,57,80.31428571428572,82.05,26.477857142857147,10.235259,15.062857,12.060646,amber
S010-043,S010,season_stress,Batch 3,0,yes,raised,no,unsure,142,2025-05-12,0,1,0,0,1,142,86.49,90.08,25.272142857142857,15.723558,15.298,15.42833,red
S010-044,S010,season_stress,Batch 4,7,no,floor,yes,damp,139,2025-05-20,7,0,1,1,2,139,86.86285714285715,90.08,25.234999999999996,13.480521,16.372571,15.464441,red
S010-045,S010,season_stress,Batch 5,16,no,raised,yes,damp,149,2025-04-21,16,0,0,1,2,149,79.85571428571428,88.77,25.745714285714286,11.051536,13.971143,13.127662,red
S010-046,S010,season_stress,Batch 6,8,yes,raised,yes,dry,163,2025-05-04,8,1,0,1,0,163,86.66214285714285,90.08,25.19214285714285,12.872303,15.332429,14.699958,red
S010-047,S010,season_stress,Batch 7,10,no,floor,yes,damp,161,2025-04-21,10,0,1,1,2,161,86.30142857142857,89.04,25.345000000000002,10.044886,16.260286,14.635521,red
S010-048,S010,season_stress,Batch 8,1,no,floor,yes,damp,51,2025-09-29,1,0,1,1,2,51,82.06285714285715,88.08,26.123571428571434,14.877631,15.412571,15.062843,red
S010-049,S010,season_stress,Batch 9,6,no,raised,yes,unsure,30,2025-09-04,6,0,0,1,1,30,86.53285714285714,90.08,25.287142857142857,12.90486,15.306571,13.436116,red
S010-050,S010,season_stress,Batch 10,8,no,raised,no,unsure,68,2025-08-29,8,0,0,0,1,68,85.0307142857143,87.8,25.983571428571427,11.421342,15.006143,12.972078,amber
S010-051,S010,season_stress,Batch 1,7,no,raised,no,damp,116,2025-07-26,7,0,0,0,2,116,82.06285714285715,88.08,26.123571428571434,13.873319,14.412571,14.207467,red
S010-052,S010,season_stress,Batch 2,3,yes,floor,no,damp,41,2025-09-04,3,1,1,0,2,41,86.30714285714285,88.74,25.263571428571428,16.58616,16.261429,16.492178,red
S010-053,S010,season_stress,Batch 3,7,yes,raised,no,damp,155,2025-06-28,7,1,0,0,2,155,79.66714285714286,82.0,26.61214285714286,14.03707,13.933429,13.961911,red
S010-054,S010,season_stress,Batch 4,15,no,raised,no,damp,141,2025-07-09,15,0,0,0,2,141,79.72785714285715,82.05,26.597857142857144,10.090809,13.945571,12.755148,amber
S010-055,S010,season_stress,Batch 5,7,no,raised,yes,damp,156,2025-04-05,7,0,0,1,2,156,74.89642857142857,83.94,26.01071428571429,11.667035,12.979286,12.621656,amber
S010-056,S010,season_stress,Batch 6,12,no,raised,no,dry,80,2025-08-13,12,0,0,0,0,80,85.3757142857143,87.98,25.949285714285715,12.309295,15.075143,13.655109,red
S010-057,S010,season_stress,Batch 7,12,yes,floor,no,damp,139,2025-04-30,12,1,1,0,2,139,79.22142857142858,88.77,25.78857142857143,12.599553,14.844286,14.139419,red
S010-058,S010,season_stress,Batch 8,0,no,raised,no,damp,170,2025-03-29,0,0,0,0,2,170,78.05214285714284,88.77,25.937857142857148,15.256302,13.610429,14.009588,red
S010-059,S010,season_stress,Batch 9,7,no,floor,yes,unsure,34,2025-09-11,7,0,1,1,1,34,86.30714285714285,88.74,25.263571428571428,13.967627,16.261429,14.53358,red
S010-060,S010,season_stress,Batch 10,17,yes,raised,no,damp,115,2025-05-22,17,1,0,0,2,115,77.11785714285713,88.77,25.993571428571435,13.057112,13.423571,13.283023,red
S010-061,S010,season_stress,Batch 1,15,no,raised,yes,damp,125,2025-07-08,15,0,0,1,2,125,84.72,88.08,25.851428571428567,12.552195,14.944,14.100013,red
S010-062,S010,season_stress,Batch 2,13,no,raised,no,unsure,56,2025-08-09,13,0,0,0,1,56,86.53285714285714,90.08,25.287142857142857,10.854042,15.306571,12.514439,amber
S010-063,S010,season_stress,Batch 3,10,no,raised,no,damp,85,2025-07-15,10,0,0,0,2,85,87.04857142857144,90.08,25.15357142857143,10.672052,15.409714,13.076585,red
S010-064,S010,season_stress,Batch 4,15,yes,raised,no,dry,24,2025-09-28,15,1,0,0,0,24,86.18142857142857,88.2,25.356428571428573,10.937883,15.236286,11.717051,green
S010-065,S010,season_stress,Batch 5,8,no,raised,no,unsure,17,2025-09-17,8,0,0,0,1,17,86.53285714285714,90.08,25.287142857142857,12.931808,15.306571,13.245489,red
S010-066,S010,season_stress,Batch 6,10,no,raised,no,damp,143,2025-06-03,10,0,0,0,2,143,86.25357142857142,88.2,25.459285714285716,9.959867,15.250714,13.643807,red
S010-067,S010,season_stress,Batch 7,7,no,raised,no,dry,138,2025-06-22,7,0,0,0,0,138,85.23714285714286,88.08,25.839285714285715,12.178065,15.047429,14.138883,red
S010-068,S010,season_stress,Batch 8,12,no,floor,yes,dry,51,2025-09-06,12,0,1,1,0,51,85.78571428571429,87.98,25.67428571428571,12.45735,16.157143,13.73833,red
S010-069,S010,season_stress,Batch 9,17,yes,raised,yes,damp,109,2025-07-21,17,1,0,1,2,109,85.23714285714286,88.08,25.839285714285715,12.327157,15.047429,13.950627,red
S010-070,S010,season_stress,Batch 10,8,yes,raised,no,dry,6,2025-09-25,8,1,0,0,0,6,86.49,90.08,25.272142857142857,13.389074,15.298,13.482173,red
S010-071,S010,season_stress,Batch 1,1,no,raised,yes,damp,149,2025-06-13,1,0,0,1,2,149,84.77357142857143,88.08,25.846428571428564,16.470997,14.954714,15.392772,red
S010-072,S010,season_stress,Batch 2,7,no,floor,yes,damp,163,2025-05-31,7,0,1,1,2,163,84.72,88.08,25.851428571428567,13.372185,15.944,15.282815,red
S010-073,S010,season_stress,Batch 3,13,no,raised,no,unsure,52,2025-07-21,13,0,0,0,1,52,74.61357142857143,80.37,26.20642857142857,11.021187,12.922714,11.68987,green
S010-074,S010,season_stress,Batch 4,15,no,raised,no,unsure,152,2025-05-18,15,0,0,0,1,152,86.5792857142857,88.74,25.222857142857144,10.616649,15.315857,13.991765,red
S010-075,S010,season_stress,Batch 5,10,no,floor,no,unsure,77,2025-09-08,10,0,1,0,1,77,80.31428571428572,82.05,26.477857142857147,11.425544,15.062857,13.148123,red
S010-076,S010,season_stress,Batch 6,16,no,floor,no,damp,78,2025-08-07,16,0,1,0,2,78,86.25357142857142,88.2,25.459285714285716,11.597232,16.250714,13.821383,red
S010-077,S010,season_stress,Batch 7,10,yes,floor,yes,damp,128,2025-06-04,10,1,1,1,2,128,86.95214285714285,90.08,25.139285714285712,13.599974,16.390429,15.430083,red
S010-078,S010,season_stress,Batch 8,1,no,raised,yes,damp,110,2025-06-15,1,0,0,1,2,110,86.37857142857142,90.08,25.26214285714286,15.115116,15.275714,15.211499,red
S010-079,S010,season_stress,Batch 9,19,no,raised,yes,damp,60,2025-09-09,19,0,0,1,2,60,84.74928571428572,88.08,25.85571428571428,12.581226,14.949857,13.51321,red
S010-080,S010,season_stress,Batch 10,7,no,floor,no,dry,98,2025-07-19,7,0,1,0,0,98,86.19142857142856,87.98,25.502857142857142,14.09612,16.238286,15.291658,red
S011-001,S011,season_stress,Batch 1,12,yes,floor,yes,damp,37,2025-09-09,12,1,1,1,2,37,86.34142857142857,88.74,25.277857142857147,13.779596,16.268286,14.439919,red
S011-002,S011,season_stress,Batch 2,8,no,raised,yes,damp,75,2025-07-03,8,0,0,1,2,75,79.22142857142858,88.77,25.78857142857143,13.326174,13.844286,13.56696,red
S011-003,S011,season_stress,Batch 3,9,no,floor,no,unsure,98,2025-06-06,9,0,1,0,1,98,75.21785714285714,82.43,26.157142857142855,12.997058,14.043571,13.581115,red
S011-004,S011,season_stress,Batch 4,2,no,raised,no,dry,131,2025-07-15,2,0,0,0,0,131,80.62,82.05,26.466428571428573,15.756715,14.124,14.672031,red
S011-005,S011,season_stress,Batch 5,7,no,floor,yes,damp,120,2025-07-30,7,0,1,1,2,120,79.72785714285715,82.05,26.597857142857144,12.286656,14.945571,13.967411,red
S011-006,S011,season_stress,Batch 6,6,yes,floor,yes,damp,62,2025-09-14,6,1,1,1,2,62,83.19714285714285,88.08,25.985714285714288,15.321449,15.639429,15.449752,red
S011-007,S011,season_stress,Batch 7,16,no,raised,yes,damp,128,2025-05-16,16,0,0,1,2,128,83.42571428571428,88.77,25.517142857142858,12.134254,14.685143,13.807245,red
S011-008,S011,season_stress,Batch 8,6,yes,raised,yes,damp,32,2025-10-12,6,1,0,1,2,32,83.77857142857144,88.08,25.886428571428564,16.495009,14.755714,16.087889,red
S011-009,S011,season_stress,Batch 9,6,no,raised,yes,dry,134,2025-04-23,6,0,0,1,0,134,76.6557142857143,83.94,25.652142857142852,13.335125,13.331143,13.332446,red
S011-010,S011,season_stress,Batch 10,12,no,raised,no,damp,171,2025-04-07,12,0,0,0,2,171,85.61571428571428,88.77,25.353571428571428,11.789146,15.123143,14.321288,red
S011-011,S011,season_stress,Batch 1,13,no,raised,no,unsure,28,2025-08-11,13,0,0,0,1,28,74.89642857142857,83.94,26.01071428571429,11.804596,12.979286,12.049061,amber
S011-012,S011,season_stress,Batch 2,2,yes,floor,no,damp,22,2025-10-11,2,1,1,0,2,22,84.88785714285716,87.8,26.025000000000002,17.924231,15.977571,17.598147,red
S011-013,S011,season_stress,Batch 3,14,no,raised,no,unsure,76,2025-06-30,14,0,0,0,1,76,77.11785714285713,88.77,25.993571428571435,10.687044,13.423571,11.97097,green
S011-014,S011,season_stress,Batch 4,8,yes,raised,no,damp,71,2025-08-07,8,1,0,0,2,71,86.5792857142857,88.74,25.222857142857144,14.110941,15.315857,14.649052,red
S011-015,S011,season_stress,Batch 5,12,no,raised,yes,unsure,102,2025-08-15,12,0,0,1,1,102,79.90214285714285,82.05,26.51785714285714,12.061849,13.980429,13.160399,red
S011-016,S011,season_stress,Batch 6,4,no,raised,yes,damp,116,2025-07-03,4,0,0,1,2,116,85.78571428571429,87.98,25.67428571428571,14.812419,15.157143,15.026028,red
S011-017,S011,season_stress,Batch 7,14,no,raised,yes,unsure,149,2025-05-26,14,0,0,1,1,149,86.18142857142857,88.2,25.356428571428573,9.811408,15.236286,13.669026,red
S011-018,S011,season_stress,Batch 8,11,no,raised,no,damp,111,2025-05-22,11,0,0,0,2,111,74.25285714285714,79.03,26.257142857142856,12.532297,12.850571,12.724366,amber
S011-019,S011,season_stress,Batch 9,12,no,raised,yes,damp,155,2025-05-11,12,0,0,1,2,155,86.64142857142858,90.08,25.178571428571427,11.898258,15.328286,14.385672,red
S011-020,S011,season_stress,Batch 10,15,no,raised,yes,damp,44,2025-09-28,15,0,0,1,2,44,84.35571428571428,88.08,25.863571428571426,12.408771,14.871143,13.164619,red
S011-021,S011,season_stress,Batch 1,19,no,raised,no,damp,45,2025-09-14,19,0,0,0,2,45,85.6907142857143,87.98,25.83285714285714,11.790677,15.138143,12.837465,amber
S011-022,S011,season_stress,Batch 2,9,yes,raised,yes,damp,91,2025-07-03,9,1,0,1,2,91,86.57642857142855,90.08,25.234285714285715,13.680158,15.315286,14.549316,red
S011-023,S011,season_stress,Batch 3,11,no,raised,no,damp,31,2025-08-19,11,0,0,0,2,31,81.71285714285715,88.77,25.680714285714288,13.200391,14.342571,13.460423,red
S011-024,S011,season_stress,Batch 4,6,no,raised,no,dry,145,2025-06-27,6,0,0,0,0,145,82.06285714285715,88.08,26.123571428571434,13.794788,14.412571,14.228043,red
S011-025,S011,season_stress,Batch 5,13,no,floor,yes,unsure,82,2025-07-16,13,0,1,1,1,82,86.86285714285715,90.08,25.234999999999996,11.067511,16.372571,13.693881,red
S011-026,S011,season_stress,Batch 6,2,no,raised,yes,damp,16,2025-10-13,2,0,0,1,2,16,85.6907142857143,87.98,25.83285714285714,16.173129,15.138143,16.043935,red
S011-027,S011,season_stress,Batch 7,8,no,raised,yes,damp,171,2025-04-04,8,0,0,1,2,171,83.95857142857143,88.77,25.467142857142857,13.514526,14.791714,14.48454,red
S011-028,S011,season_stress,Batch 8,8,no,floor,no,damp,58,2025-08-09,8,0,1,0,2,58,86.86285714285715,90.08,25.234999999999996,13.756118,16.372571,14.758941,red
S011-029,S011,season_stress,Batch 9,3,no,floor,no,dry,7,2025-10-10,3,0,1,0,0,7,86.5792857142857,88.74,25.222857142857144,15.455455,16.315857,15.504209,red
S011-030,S011,season_stress,Batch 10,9,no,raised,no,damp,145,2025-04-24,9,0,0,0,2,145,79.22142857142858,88.77,25.78857142857143,11.823149,13.844286,13.240583,red
S011-031,S011,season_stress,Batch 1,12,no,floor,no,damp,136,2025-05-26,12,0,1,0,2,136,87.07928571428572,90.08,25.138571428571428,11.676235,16.415857,14.889897,red
S011-032,S011,season_stress,Batch 2,8,yes,floor,yes,damp,42,2025-08-16,8,1,1,1,2,42,85.98214285714288,88.95,25.387857142857143,14.362478,16.196429,14.904065,red
S011-033,S011,season_stress,Batch 3,7,no,raised,yes,damp,49,2025-07-21,7,0,0,1,2,49,74.89642857142857,83.94,26.01071428571429,13.780738,12.979286,13.512057,red
S011-034,S011,season_stress,Batch 4,7,no,floor,yes,dry,77,2025-08-05,7,0,1,1,0,77,86.4992857142857,88.74,25.236428571428576,12.445236,16.299857,14.270729,red
S011-035,S011,season_stress,Batch 5,13,no,raised,no,damp,42,2025-10-13,13,0,0,0,2,42,80.31428571428572,82.05,26.477857142857147,13.255184,14.062857,13.4937,red
S011-036,S011,season_stress,Batch 6,5,no,raised,no,dry,78,2025-07-29,5,0,0,0,0,78,86.30714285714285,88.74,25.263571428571428,13.587081,15.261429,14.387343,red
S011-037,S011,season_stress,Batch 7,10,no,floor,no,damp,113,2025-06-14,10,0,1,0,2,113,86.66714285714286,90.08,25.282857142857143,12.172437,16.333429,14.710736,red
S011-038,S011,season_stress,Batch 8,4,no,raised,no,damp,18,2025-10-15,4,0,0,0,2,18,84.88785714285716,87.8,26.025000000000002,15.046881,14.977571,15.037226,red
S011-039,S011,season_stress,Batch 9,4,no,raised,yes,damp,159,2025-04-27,4,0,0,1,2,159,86.37857142857142,90.08,25.26214285714286,15.761659,15.275714,15.40488,red
S011-040,S011,season_stress,Batch 10,6,no,raised,yes,damp,72,2025-07-25,6,0,0,1,2,72,86.66714285714286,90.08,25.282857142857143,15.504305,15.333429,15.427208,red
S011-041,S011,season_stress,Batch 1,13,no,raised,no,damp,131,2025-06-09,13,0,0,0,2,131,86.61428571428571,88.74,25.177142857142854,12.335222,15.322857,14.320038,red
S011-042,S011,season_stress,Batch 2,6,yes,floor,yes,damp,153,2025-05-24,6,1,1,1,2,153,86.25357142857142,88.2,25.459285714285716,14.64749,16.250714,15.802724,red
S011-043,S011,season_stress,Batch 3,7,yes,raised,no,damp,25,2025-09-06,7,1,0,0,2,25,86.49,90.08,25.272142857142857,15.939829,15.298,15.819124,red
S011-044,S011,season_stress,Batch 4,12,yes,floor,yes,damp,97,2025-08-15,12,1,1,1,2,97,81.49214285714287,88.08,26.22214285714286,13.472892,15.298429,14.484969,red
S011-045,S011,season_stress,Batch 5,8,no,raised,yes,damp,49,2025-08-24,8,0,0,1,2,49,86.90642857142858,90.08,25.095714285714283,13.096046,15.381286,13.862156,red
S011-046,S011,season_stress,Batch 6,21,no,raised,yes,damp,108,2025-07-22,21,0,0,1,2,108,85.23714285714286,88.08,25.839285714285715,12.473285,15.047429,14.00086,red
S011-047,S011,season_stress,Batch 7,9,no,floor,yes,unsure,43,2025-08-24,9,0,1,1,1,43,86.86285714285715,90.08,25.234999999999996,10.521374,16.372571,12.28352,amber
S011-048,S011,season_stress,Batch 8,14,no,raised,yes,damp,98,2025-06-21,14,0,0,1,2,98,85.98214285714288,88.95,25.387857142857143,12.058523,15.196429,13.809781,red
S011-049,S011,season_stress,Batch 9,8,no,raised,yes,damp,79,2025-07-03,8,0,0,1,2,79,82.74428571428572,88.77,25.586428571428574,13.729119,14.548857,14.124467,red
S011-050,S011,season_stress,Batch 10,6,no,raised,yes,unsure,141,2025-04-24,6,0,0,1,1,141,75.21785714285714,82.43,26.157142857142855,14.195684,13.043571,13.399366,red
S011-051,S011,season_stress,Batch 1,14,no,raised,yes,damp,173,2025-05-07,14,0,0,1,2,173,85.78571428571429,87.98,25.67428571428571,12.063713,15.157143,14.425444,red
S011-052,S011,season_stress,Batch 2,22,yes,raised,yes,unsure,106,2025-07-16,22,1,0,1,1,106,85.47285714285715,87.98,25.917857142857144,12.980975,15.094571,14.220805,red
S011-053,S011,season_stress,Batch 3,1,yes,raised,yes,damp,2,2025-10-25,1,1,0,1,2,2,85.78571428571429,87.98,25.67428571428571,18.763328,15.157143,18.703723,red
S011-054,S011,season_stress,Batch 4,10,no,raised,no,damp,50,2025-09-14,10,0,0,0,2,50,84.77785714285714,87.8,26.043571428571425,12.989257,14.955571,13.659297,red
S011-055,S011,season_stress,Batch 5,21,no,floor,no,damp,67,2025-06-28,21,0,1,0,2,67,77.29928571428572,83.94,25.539999999999996,11.436586,14.459857,12.730057,amber
S011-056,S011,season_stress,Batch 6,13,no,raised,no,damp,99,2025-05-28,13,0,0,0,2,99,76.6557142857143,83.94,25.652142857142852,12.514959,13.331143,12.973462,amber
S011-057,S011,season_stress,Batch 7,6,no,raised,no,damp,162,2025-06-05,6,0,0,0,2,162,83.36785714285715,88.08,25.947142857142858,12.937265,14.673571,14.223451,red
S011-058,S011,season_stress,Batch 8,13,no,raised,no,unsure,74,2025-09-10,13,0,0,0,1,74,80.62,82.05,26.466428571428573,10.85406,14.124,12.359081,amber
S011-059,S011,season_stress,Batch 9,14,yes,raised,yes,unsure,8,2025-09-23,14,1,0,1,1,8,86.49,90.08,25.272142857142857,11.884289,15.298,12.10445,amber
S011-060,S011,season_stress,Batch 10,19,yes,floor,yes,damp,104,2025-08-05,19,1,1,1,2,104,82.93357142857143,88.08,26.018571428571438,13.746546,15.586714,14.813199,red
S011-061,S011,season_stress,Batch 1,18,yes,floor,no,dry,122,2025-07-29,18,1,1,0,0,122,79.7242857142857,82.0,26.625714285714285,13.747183,14.944857,14.51154,red
S011-062,S011,season_stress,Batch 2,4,no,floor,yes,damp,27,2025-10-08,4,0,1,1,2,27,84.88000000000001,87.8,26.011428571428564,13.992796,15.976,14.39238,red
S011-063,S011,season_stress,Batch 3,11,no,floor,yes,damp,176,2025-03-19,11,0,1,1,2,176,74.61357142857143,80.37,26.20642857142857,12.393959,13.922714,13.570041,red
S011-064,S011,season_stress,Batch 4,2,no,raised,yes,damp,114,2025-08-06,2,0,0,1,2,114,79.7242857142857,82.0,26.625714285714285,15.125148,13.944857,14.401324,red
S011-065,S011,season_stress,Batch 5,13,yes,floor,no,damp,106,2025-06-26,13,1,1,0,2,106,86.95214285714285,90.08,25.139285714285712,13.827503,16.390429,15.330909,red
S011-066,S011,season_stress,Batch 6,8,no,floor,no,damp,134,2025-05-06,8,0,1,0,2,134,79.85571428571428,88.77,25.745714285714286,11.837044,14.971143,13.945135,red
S011-067,S011,season_stress,Batch 7,10,no,raised,no,damp,61,2025-09-07,10,0,0,0,2,61,85.23714285714286,88.08,25.839285714285715,12.210562,15.047429,13.341061,red
S011-068,S011,season_stress,Batch 8,6,no,floor,no,damp,52,2025-07-23,6,0,1,0,2,52,76.23142857142857,88.77,26.051428571428573,13.956297,14.246286,14.058273,red
S011-069,S011,season_stress,Batch 9,18,no,raised,no,dry,39,2025-07-25,18,0,0,0,0,39,77.24214285714285,83.94,25.514999999999993,11.120836,13.448429,11.766679,green
S011-070,S011,season_stress,Batch 10,0,yes,floor,no,damp,4,2025-10-10,0,1,1,0,2,4,86.66214285714285,90.08,25.19214285714285,16.907146,16.332429,16.888304,red
S011-071,S011,season_stress,Batch 1,16,yes,floor,no,dry,31,2025-08-04,16,1,1,0,0,31,76.6557142857143,83.94,25.652142857142852,13.874055,14.331143,13.978117,red
S011-072,S011,season_stress,Batch 2,0,no,raised,yes,damp,144,2025-07-06,0,0,0,1,2,144,79.72785714285715,82.05,26.597857142857144,17.95718,13.945571,15.153845,red
S011-073,S011,season_stress,Batch 3,9,no,raised,yes,damp,154,2025-06-10,9,0,0,1,2,154,84.35571428571428,88.08,25.863571428571426,12.428605,14.871143,14.194286,red
S011-074,S011,season_stress,Batch 4,14,no,floor,no,dry,11,2025-10-18,14,0,1,0,0,11,85.6907142857143,87.98,25.83285714285714,11.590531,16.138143,11.988859,green
S011-075,S011,season_stress,Batch 5,16,no,floor,no,unsure,23,2025-09-25,16,0,1,0,1,23,86.61428571428571,88.74,25.177142857142854,11.966279,16.322857,12.726144,amber
S011-076,S011,season_stress,Batch 6,13,no,raised,no,dry,9,2025-11-05,13,0,0,0,0,9,83.36785714285715,88.08,25.947142857142858,11.544825,14.673571,11.770897,green
S011-077,S011,season_stress,Batch 7,8,no,raised,yes,damp,108,2025-06-09,8,0,0,1,2,108,85.61571428571428,88.77,25.353571428571428,13.606128,15.123143,14.506371,red
S011-078,S011,season_stress,Batch 8,10,no,floor,yes,unsure,139,2025-05-31,10,0,1,1,1,139,86.5792857142857,88.74,25.222857142857144,12.256818,16.315857,15.041282,red
S011-079,S011,season_stress,Batch 9,10,no,raised,no,damp,78,2025-06-23,10,0,0,0,2,78,74.54571428571428,79.03,26.131428571428575,12.52646,12.909143,12.709365,amber
S011-080,S011,season_stress,Batch 10,15,no,floor,no,damp,23,2025-09-03,15,0,1,0,2,23,85.96928571428573,88.77,25.34642857142857,12.124234,16.193857,12.83405,amber
S012-001,S012,season_stress,Batch 1,18,no,raised,yes,dry,78,2025-07-05,18,0,0,1,0,78,83.42571428571428,88.77,25.517142857142858,11.04344,14.685143,12.784007,amber
S012-002,S012,season_stress,Batch 2,11,no,raised,no,dry,56,2025-07-08,11,0,0,0,0,56,77.24214285714285,83.94,25.514999999999993,9.457483,13.448429,10.94575,green
S012-003,S012,season_stress,Batch 3,6,no,raised,yes,damp,48,2025-10-10,6,0,0,1,2,48,79.72785714285715,82.05,26.597857142857144,12.942348,13.945571,13.273091,red
S012-004,S012,season_stress,Batch 4,15,yes,raised,yes,unsure,131,2025-05-21,15,1,0,1,1,131,86.30142857142857,89.04,25.345000000000002,11.313204,15.260286,13.935422,red
S012-005,S012,season_stress,Batch 5,6,no,floor,yes,dry,132,2025-07-05,6,0,1,1,0,132,83.36785714285715,88.08,25.947142857142858,12.357532,15.673571,14.569758,red
S012-006,S012,season_stress,Batch 6,19,yes,raised,yes,unsure,138,2025-06-26,19,1,0,1,1,138,84.35571428571428,88.08,25.863571428571426,12.567651,14.871143,14.141773,red
S012-007,S012,season_stress,Batch 7,6,no,raised,no,damp,86,2025-06-09,6,0,0,0,2,86,77.29928571428572,83.94,25.539999999999996,11.70117,13.459857,12.600954,amber
S012-008,S012,season_stress,Batch 8,12,no,floor,no,damp,68,2025-09-18,12,0,1,0,2,68,79.90214285714285,82.05,26.51785714285714,10.481901,14.980429,12.427903,amber
S012-009,S012,season_stress,Batch 9,13,no,floor,yes,unsure,143,2025-06-07,13,0,1,1,1,143,85.68357142857144,87.98,25.76214285714285,11.65723,16.136714,14.776229,red
S012-010,S012,season_stress,Batch 10,7,yes,raised,yes,unsure,153,2025-06-14,7,1,0,1,1,153,83.36785714285715,88.08,25.947142857142858,14.020843,14.673571,14.491179,red
S012-011,S012,season_stress,Batch 1,17,no,raised,yes,damp,112,2025-05-28,17,0,0,1,2,112,79.85571428571428,88.77,25.745714285714286,10.999173,13.971143,12.802443,amber
S012-012,S012,season_stress,Batch 2,14,no,floor,no,unsure,180,2025-04-18,14,0,1,0,1,180,86.30714285714285,88.74,25.263571428571428,10.612172,16.261429,15.000909,red
S012-013,S012,season_stress,Batch 3,7,no,raised,no,dry,1,2025-10-01,7,0,0,0,0,1,86.57642857142855,90.08,25.234285714285715,12.80582,15.315286,12.826646,amber
S012-014,S012,season_stress,Batch 4,11,no,raised,no,damp,63,2025-07-21,11,0,0,0,2,63,83.95857142857143,88.77,25.467142857142857,10.535935,14.791714,12.274185,amber
S012-015,S012,season_stress,Batch 5,15,no,raised,no,damp,98,2025-06-05,15,0,0,0,2,98,74.61357142857143,80.37,26.20642857142857,11.379729,12.922714,12.240866,amber
S012-016,S012,season_stress,Batch 6,13,no,floor,yes,dry,137,2025-06-07,13,0,1,1,0,137,86.18142857142857,88.2,25.356428571428573,11.982402,16.236286,14.878078,red
S012-017,S012,season_stress,Batch 7,0,no,floor,yes,damp,145,2025-06-15,0,0,1,1,2,145,85.23714285714286,88.08,25.839285714285715,14.563951,16.047429,15.604322,red
S012-018,S012,season_stress,Batch 8,20,no,raised,yes,damp,120,2025-08-02,20,0,0,1,2,120,79.66714285714286,82.0,26.61214285714286,12.066974,13.933429,13.246798,red
S012-019,S012,season_stress,Batch 9,12,no,floor,no,damp,95,2025-07-04,12,0,1,0,2,95,86.965,90.08,25.19571428571428,12.221547,16.393,14.50296,red
S012-020,S012,season_stress,Batch 10,14,yes,floor,yes,unsure,95,2025-06-11,14,1,1,1,1,95,77.11785714285713,88.77,25.993571428571435,12.666555,14.423571,13.627487,red
S012-021,S012,season_stress,Batch 1,0,no,floor,yes,damp,119,2025-06-03,0,0,1,1,2,119,86.16285714285713,89.04,25.352142857142862,15.913516,16.232571,16.114215,red
S012-022,S012,season_stress,Batch 2,6,no,raised,yes,damp,56,2025-09-27,6,0,0,1,2,56,80.93499999999999,84.69,26.43071428571429,12.747296,14.187,13.284177,red
S012-023,S012,season_stress,Batch 3,3,no,floor,yes,dry,104,2025-06-05,3,0,1,1,0,104,79.85571428571428,88.77,25.745714285714286,13.581226,14.971143,14.386891,red
S012-024,S012,season_stress,Batch 4,9,no,floor,yes,damp,96,2025-08-24,9,0,1,1,2,96,79.7242857142857,82.0,26.625714285714285,10.988443,14.944857,13.167126,red
S012-025,S012,season_stress,Batch 5,20,no,floor,yes,damp,64,2025-07-26,20,0,1,1,2,64,86.11928571428572,88.95,25.414285714285715,10.945067,16.223857,13.127075,red
S012-026,S012,season_stress,Batch 6,4,no,floor,no,damp,7,2025-10-23,4,0,1,0,2,7,85.47285714285715,87.98,25.917857142857144,15.008411,16.094571,15.069958,red
S012-027,S012,season_stress,Batch 7,15,no,floor,yes,damp,172,2025-04-14,15,0,1,1,2,172,86.37857142857142,90.08,25.26214285714286,11.346766,16.275714,15.100098,red
S012-028,S012,season_stress,Batch 8,8,no,floor,no,damp,6,2025-10-14,8,0,1,0,2,6,86.61285714285714,88.74,25.178571428571427,11.907962,16.322571,12.123265,amber
S012-029,S012,season_stress,Batch 9,18,no,floor,no,dry,149,2025-04-29,18,0,1,0,0,149,85.61571428571428,88.77,25.353571428571428,12.47325,16.123143,15.06868,red
S012-030,S012,season_stress,Batch 10,16,yes,raised,no,unsure,50,2025-07-17,16,1,0,0,1,50,75.96142857142857,83.94,25.72,11.118998,13.192286,11.82549,green
S012-031,S012,season_stress,Batch 1,9,yes,floor,no,damp,123,2025-06-23,9,1,1,0,2,123,86.25357142857142,88.2,25.459285714285716,11.285634,16.250714,14.469261,red
S012-032,S012,season_stress,Batch 2,7,yes,floor,yes,damp,160,2025-04-08,7,1,1,1,2,160,78.05214285714284,88.77,25.937857142857148,13.786387,14.610429,14.393214,red
S012-033,S012,season_stress,Batch 3,13,no,floor,no,dry,16,2025-09-01,13,0,1,0,0,16,79.85571428571428,88.77,25.745714285714286,10.651368,14.971143,11.190591,green
S012-034,S012,season_stress,Batch 4,12,no,raised,no,dry,127,2025-05-01,12,0,0,0,0,127,75.96142857142857,83.94,25.72,9.6858,13.192286,11.975417,green
S012-035,S012,season_stress,Batch 5,14,no,floor,yes,damp,140,2025-06-25,14,0,1,1,2,140,83.92142857142858,88.08,25.88428571428571,10.75167,15.784286,14.217113,red
S012-036,S012,season_stress,Batch 6,14,no,floor,no,dry,36,2025-10-09,14,0,1,0,0,36,83.36785714285715,88.08,25.947142857142858,10.643138,15.673571,11.946935,green
S012-037,S012,season_stress,Batch 7,13,yes,raised,yes,damp,84,2025-06-28,13,1,0,1,2,84,82.74428571428572,88.77,25.586428571428574,12.139996,14.548857,13.352652,red
S012-038,S012,season_stress,Batch 8,12,yes,floor,yes,dry,153,2025-06-04,12,1,1,1,0,153,84.88000000000001,87.8,26.011428571428564,12.018652,15.976,14.870194,red
S012-039,S012,season_stress,Batch 9,8,yes,floor,yes,unsure,153,2025-04-22,8,1,1,1,1,153,83.95857142857143,88.77,25.467142857142857,13.621116,15.791714,15.185182,red
S012-040,S012,season_stress,Batch 10,10,no,raised,no,unsure,53,2025-09-11,10,0,0,0,1,53,84.77785714285714,87.8,26.043571428571425,11.549909,14.955571,12.765853,amber
S012-041,S012,season_stress,Batch 1,8,no,raised,yes,dry,43,2025-08-21,8,0,0,1,0,43,86.37857142857142,90.08,25.26214285714286,13.34294,15.275714,13.925014,red
S012-042,S012,season_stress,Batch 2,7,no,floor,yes,damp,41,2025-08-05,7,0,1,1,2,41,78.05214285714284,88.77,25.937857142857148,12.458001,14.610429,13.080946,red
S012-043,S012,season_stress,Batch 3,10,no,raised,yes,damp,84,2025-07-20,10,0,0,1,2,84,86.90642857142858,90.08,25.095714285714283,12.768997,15.381286,14.084061,red
S012-044,S012,season_stress,Batch 4,1,no,raised,no,damp,117,2025-08-02,1,0,0,0,2,117,79.72785714285715,82.05,26.597857142857144,15.559942,13.945571,14.5545,red
S012-045,S012,season_stress,Batch 5,12,no,raised,no,unsure,62,2025-07-13,12,0,0,0,1,62,76.23142857142857,88.77,26.051428571428573,10.740114,13.246286,11.75134,green
S012-046,S012,season_stress,Batch 6,13,no,raised,yes,damp,121,2025-05-31,13,0,0,1,2,121,86.30142857142857,89.04,25.345000000000002,11.072459,15.260286,13.732456,red
S012-047,S012,season_stress,Batch 7,9,no,floor,yes,unsure,158,2025-04-06,9,0,1,1,1,158,74.61357142857143,80.37,26.20642857142857,11.163437,13.922714,13.183153,red
S012-048,S012,season_stress,Batch 8,7,no,floor,yes,dry,105,2025-05-19,7,0,1,1,0,105,77.72928571428572,83.94,25.382142857142856,11.584094,14.545857,13.31121,red
S012-049,S012,season_stress,Batch 9,11,no,floor,no,damp,103,2025-06-06,11,0,1,0,2,103,79.85571428571428,88.77,25.745714285714286,11.687656,14.971143,13.579378,red
S012-050,S012,season_stress,Batch 10,15,no,raised,yes,damp,82,2025-06-22,15,0,0,1,2,82,75.21785714285714,82.43,26.157142857142855,11.136987,13.043571,12.080878,amber
S012-051,S012,season_stress,Batch 1,8,no,raised,yes,dry,136,2025-06-23,8,0,0,1,0,136,85.215,87.94,25.929999999999996,11.753462,15.043,13.983906,red
S012-052,S012,season_stress,Batch 2,13,no,floor,no,unsure,13,2025-09-30,13,0,1,0,1,13,86.64142857142858,90.08,25.178571428571427,9.631757,16.328286,10.3193,green
S012-053,S012,season_stress,Batch 3,18,yes,raised,yes,damp,31,2025-08-09,18,1,0,1,2,31,74.54571428571428,79.03,26.131428571428575,13.601226,12.909143,13.443665,red
S012-054,S012,season_stress,Batch 4,4,no,raised,yes,damp,30,2025-10-02,4,0,0,1,2,30,85.3757142857143,87.98,25.949285714285715,15.391231,15.075143,15.321312,red
S012-055,S012,season_stress,Batch 5,0,no,raised,no,damp,177,2025-04-02,0,0,0,0,2,177,85.96928571428573,88.77,25.34642857142857,15.997637,15.193857,15.377745,red
S012-056,S012,season_stress,Batch 6,20,no,raised,no,unsure,54,2025-07-24,20,0,0,0,1,54,79.22142857142858,88.77,25.78857142857143,10.434265,13.844286,11.669961,green
S012-057,S012,season_stress,Batch 7,8,no,floor,no,unsure,30,2025-10-23,8,0,1,0,1,30,80.93499999999999,84.69,26.43071428571429,10.688869,15.187,11.683852,green
S012-058,S012,season_stress,Batch 8,8,no,raised,yes,damp,129,2025-05-09,8,0,0,1,2,129,78.05214285714284,88.77,25.937857142857148,11.381562,13.610429,12.849722,amber
S012-059,S012,season_stress,Batch 9,5,no,raised,yes,damp,147,2025-06-10,5,0,0,1,2,147,84.88000000000001,87.8,26.011428571428564,14.301164,14.976,14.777762,red
S012-060,S012,season_stress,Batch 10,13,no,raised,no,damp,80,2025-09-06,13,0,0,0,2,80,79.90214285714285,82.05,26.51785714285714,10.135605,13.980429,12.00643,amber
S012-061,S012,season_stress,Batch 1,15,no,floor,yes,damp,83,2025-06-30,15,0,1,1,2,83,83.42571428571428,88.77,25.517142857142858,10.93972,15.685143,13.308916,red
S012-062,S012,season_stress,Batch 2,6,no,raised,no,unsure,96,2025-08-01,6,0,0,0,1,96,85.0307142857143,87.8,25.983571428571427,11.923909,15.006143,13.621206,red
S012-063,S012,season_stress,Batch 3,11,no,raised,no,damp,176,2025-03-16,11,0,0,0,2,176,74.89642857142857,83.94,26.01071428571429,10.835537,12.979286,12.484737,amber
S012-064,S012,season_stress,Batch 4,9,no,raised,yes,damp,159,2025-04-25,9,0,0,1,2,159,86.49,90.08,25.272142857142857,12.468919,15.298,14.546022,red
S012-065,S012,season_stress,Batch 5,14,no,floor,no,damp,134,2025-06-14,14,0,1,0,2,134,85.99285714285713,87.98,25.597142857142853,9.358218,16.198571,13.95925,red
S012-066,S012,season_stress,Batch 6,11,no,raised,yes,damp,153,2025-04-28,11,0,0,1,2,153,86.11928571428572,88.95,25.414285714285715,11.179245,15.223857,14.093667,red
S012-067,S012,season_stress,Batch 7,14,no,floor,yes,unsure,153,2025-05-29,14,0,1,1,1,153,85.6907142857143,87.98,25.83285714285714,10.471737,16.138143,14.554774,red
S012-068,S012,season_stress,Batch 8,17,no,raised,yes,dry,56,2025-07-07,17,0,0,1,0,56,77.72928571428572,83.94,25.382142857142856,12.304651,13.545857,12.76751,amber
S012-069,S012,season_stress,Batch 9,6,no,raised,no,damp,139,2025-07-02,6,0,0,0,2,139,82.5457142857143,88.08,26.06928571428572,13.027973,14.509143,14.044042,red
S012-070,S012,season_stress,Batch 10,14,no,floor,no,dry,0,2025-09-18,14,0,1,0,0,0,80.5757142857143,88.77,25.72214285714286,11.26555,15.115143,11.26555,green
S012-071,S012,season_stress,Batch 1,7,no,raised,no,unsure,127,2025-05-07,7,0,0,0,1,127,74.61357142857143,80.37,26.20642857142857,12.321649,12.922714,12.714124,amber
S012-072,S012,season_stress,Batch 2,7,no,raised,no,unsure,105,2025-08-04,7,0,0,0,1,105,82.93357142857143,88.08,26.018571428571438,10.020617,14.586714,12.683282,amber
S012-073,S012,season_stress,Batch 3,6,no,floor,no,damp,43,2025-09-23,6,0,1,0,2,43,85.0307142857143,87.8,25.983571428571427,13.130236,16.006143,13.996344,red
S012-074,S012,season_stress,Batch 4,15,no,floor,no,dry,5,2025-11-12,15,0,1,0,0,5,82.93357142857143,88.08,26.018571428571438,10.085403,15.586714,10.309914,green
S012-075,S012,season_stress,Batch 5,15,yes,floor,yes,dry,141,2025-06-25,15,1,1,1,0,141,83.77857142857144,88.08,25.886428571428564,11.824482,15.755714,14.541675,red
S012-076,S012,season_stress,Batch 6,10,no,floor,no,damp,50,2025-09-13,10,0,1,0,2,50,84.88785714285716,87.8,26.025000000000002,11.641672,15.977571,13.11917,red
S012-077,S012,season_stress,Batch 7,12,no,floor,no,damp,50,2025-10-03,12,0,1,0,2,50,80.93499999999999,84.69,26.43071428571429,10.79655,15.187,12.292637,amber
S012-078,S012,season_stress,Batch 8,9,no,raised,yes,unsure,153,2025-04-25,9,0,0,1,1,153,85.61571428571428,88.77,25.353571428571428,11.043628,15.123143,13.9832,red
S012-079,S012,season_stress,Batch 9,15,no,raised,no,damp,152,2025-05-16,15,0,0,0,2,152,86.30714285714285,88.74,25.263571428571428,11.810316,15.261429,14.289011,red
S012-080,S012,season_stress,Batch 10,12,no,raised,no,damp,62,2025-08-11,12,0,0,0,2,62,86.90642857142858,90.08,25.095714285714283,11.226677,15.381286,12.903038,amber
